timestamp,cpu_avg,memory_sum,requests_per_second,instance_count
1771918776.959281,0.01,20.67,0.0,1
1771918783.0221374,0.01,20.49,0.0,1
1771918791.6654744,25.38,18.95,3.4,1
1771918800.5739703,25.4,19.47,3.4,1
1771918812.5661807,25.27,17.51,3.4,1
1771918822.374585,25.3,14.55,3.4,1
1771918833.1092894,24.89,14.24,3.4,1
1771918849.404737,15.95,55.91,6.8,2
1771918860.494677,14.325,55.53,6.8,2
1771918874.0065968,17.47,52.2,6.8,2
1771918888.6891336,10.28,87.59,10.2,3
1771918915.9739473,9.233333333333333,85.27,9.600000000000001,3
1771918936.860712,9.03,84.78999999999999,10.0,3
1771918964.263779,8.92,84.83,10.0,3
1771918985.7933042,9.58,84.74000000000001,10.0,3
1771918997.9857275,9.973333333333334,84.9,9.8,3
1771919008.0360045,4.996666666666667,85.27,8.8,3
1771919023.1835325,9.5,85.03,10.0,3
1771919036.491973,9.606666666666667,84.67,10.2,3
1771919060.5721164,9.196666666666667,81.99,9.8,3
1771919081.1761851,10.446666666666667,73.53999999999999,10.0,3
1771919103.672956,8.75,71.13,9.8,3
1771919116.1779125,8.886666666666665,70.1,9.8,3
1771919127.774421,10.01,69.35,9.600000000000001,3
1771919139.4763112,10.126666666666667,68.66,10.0,3
1771919153.8713179,9.826666666666666,68.39,9.2,3
1771919172.974036,10.096666666666666,68.0,9.8,3
1771919195.236207,10.433333333333332,68.1,9.8,3
1771919218.1890378,10.183333333333332,66.69,10.2,3
1771919233.9704688,8.336666666666666,67.06,10.2,3
1771919245.97456,9.616666666666667,66.72,10.2,3
1771919260.1867657,8.959999999999999,66.07,9.8,3
1771919280.4885867,8.703333333333333,65.81,10.0,3
1771919290.6819265,8.233333333333333,65.37,7.6,3
1771919301.1730292,9.596666666666666,64.14,9.4,3
1771919311.5864174,9.659999999999998,64.14,9.600000000000001,3
1771919322.190075,10.58,63.59,9.600000000000001,3
1771919332.4849575,10.34,62.51,10.2,3
1771919342.7724512,10.626666666666667,62.010000000000005,10.2,3
1771919353.2905679,8.826666666666666,57.21,10.2,3
1771919363.5773907,8.99,52.660000000000004,10.0,3
1771919374.1674345,9.416666666666666,51.010000000000005,9.8,3
1771919384.4834309,9.813333333333333,50.699999999999996,9.8,3
1771919394.8678699,9.5,49.650000000000006,9.600000000000001,3
1771919405.2766697,9.426666666666668,49.010000000000005,9.600000000000001,3
1771919415.875205,10.22,48.66,10.0,3
1771919426.1739507,10.396666666666667,49.019999999999996,9.8,3
1771919436.478506,10.67,45.82,10.2,3
1771919446.7789798,10.51,46.19,9.600000000000001,3
1771919457.07656,10.116666666666667,46.32,9.8,3
1771919467.1774619,9.306666666666667,45.95,9.4,3
1771919477.3753335,8.686666666666667,45.75,9.2,3
1771919487.4822803,9.413333333333334,45.980000000000004,7.6,3
1771919497.853692,5.633333333333333,45.99,7.4,3
1771919507.9742231,4.693333333333333,45.620000000000005,7.0,3
1771919518.2665362,2.6933333333333334,45.84,6.0,3
1771919528.5799875,8.39,45.73,5.4,3
1771919538.791512,0.08333333333333333,45.78,4.199999999999999,3
1771919549.3463106,2.9499999999999997,45.85,3.0,3
1771919559.6813214,0.41,45.480000000000004,3.5999999999999996,3
1771919606.0010765,10.603333333333333,45.06,5.8,3
1771919640.1724024,14.463333333333333,45.07,3.0,3
1771919649.3873355,14.326666666666668,45.06,5.8,3
1771919655.9595568,13.436666666666667,44.95,5.0,3
1771919662.1058185,13.723333333333334,44.86,5.4,3
1771919668.186089,14.113333333333335,45.0,5.6,3
1771919674.5740304,13.926666666666668,44.900000000000006,5.6,3
1771919680.8736987,14.44,44.44,5.6,3
1771919687.069003,14.410000000000002,44.43,5.8,3
1771919693.192464,14.553333333333335,44.650000000000006,5.8,3
1771919699.3719904,14.473333333333334,44.510000000000005,5.8,3
1771919705.7991269,14.49,44.53,5.8,3
1771919712.2829406,14.536666666666667,44.56,5.8,3
1771919718.717653,14.426666666666668,44.39,5.8,3
1771919725.202794,14.476666666666667,45.49,5.8,3
1771919731.6777928,14.566666666666668,45.25,5.8,3
1771919738.0936818,14.346666666666666,45.11,5.8,3
1771919744.570234,14.396666666666668,44.84,5.8,3
1771919751.0016408,14.233333333333334,44.370000000000005,5.8,3
1771919757.500049,14.466666666666667,44.11,5.8,3
1771919763.9815598,14.316666666666668,44.36,5.8,3
1771919770.467564,25.3,11.96,3.4,0
1771919776.8904517,24.98,11.96,3.4,0
1771919783.3611057,25.35,11.83,3.4,0
1771919792.1665914,12.9,55.16,6.6,0
1771919800.7645593,16.28,55.019999999999996,6.4,0
1771919809.113591,16.09,54.54,6.4,0
1771919817.4161239,16.174999999999997,54.690000000000005,6.4,0
1771919827.9742117,9.943333333333333,80.45,9.600000000000001,0
1771919838.3081746,9.356666666666667,80.84,9.600000000000001,0
1771919848.5689015,8.353333333333333,80.36,9.600000000000001,0
1771919858.6215158,6.956666666666667,80.86,8.0,0
1771919868.8152852,6.343333333333334,80.75,8.399999999999999,0
1771919879.1098022,6.419999999999999,80.99000000000001,6.2,0
1771919889.1760843,3.01,78.77,5.8,0
1771919899.2280395,4.04,77.94,5.2,0
1771919909.2887623,3.203333333333333,77.7,4.4,0
1771919949.5043926,14.295,43.22,3.2,0
1771919985.0064282,26.59,11.24,0.0,0
1771919994.267454,7.7,11.45,3.4,0
1771920000.4121962,17.01,11.22,2.0,0
1771920006.4572508,20.3,11.37,2.4,0
1771920012.6625369,18.55,10.48,2.2,0
1771920018.7592926,18.03,10.32,2.6,0
1771920024.7934115,23.85,9.95,2.4,0
1771920033.264254,13.72,54.25,2.8,0
1771920041.3616304,14.79,52.169999999999995,3.0,0
1771920049.6924033,14.73,51.589999999999996,3.2,0
1771920057.9736452,17.05,49.72,3.2,0
1771920068.5935872,9.886666666666667,86.08,3.266666666666667,0
1771920078.8988805,9.486666666666666,83.55,3.4,0
1771920089.484228,11.296666666666667,79.15,3.4,0
1771920100.0092413,9.126666666666667,79.26,3.4,0
1771920110.297624,9.236666666666666,78.32,3.266666666666667,0
1771920120.601947,8.913333333333334,76.38,3.3333333333333335,0
1771920130.8873084,9.583333333333334,74.92,3.4,0
1771920141.4081662,9.716666666666667,73.27,3.4,0
1771920151.696547,9.450000000000001,73.05,3.4,0
1771920161.9678607,9.700000000000001,71.94,3.4,0
1771920172.205046,9.946666666666667,72.66,3.4,0
1771920182.4957428,10.076666666666666,72.7,3.266666666666667,0
1771920193.0985227,10.64,72.71000000000001,3.4,0
1771920203.4068408,10.57,72.55,3.3333333333333335,0
1771920213.4920166,9.293333333333335,72.34,3.2000000000000006,0
1771920223.6920779,9.483333333333334,72.1,3.266666666666667,0
1771920234.1049132,9.153333333333334,72.47,3.0,0
1771920244.3986893,8.863333333333332,72.24,2.7999999999999994,0
1771920254.6948977,7.253333333333333,72.59,2.6,0
1771920264.9068236,4.403333333333333,72.14,1.9333333333333333,0
1771920275.287281,6.413333333333334,72.34,2.0,0
1771920285.350611,7.293333333333333,72.14,1.4000000000000001,0
1771920295.3997087,0.01,71.39,1.2666666666666666,0
1771920305.4500647,0.9166666666666666,71.41,1.4000000000000001,0
1771920316.1926255,0.06999999999999999,71.39,0.8666666666666667,0
1771920356.9088168,12.899999999999999,39.65,1.8,0
1771920390.3596537,25.3,10.04,0.2,0
1771920400.1849613,25.46,9.77,3.4,0
1771920406.22053,23.38,9.79,2.4,0
1771920412.5707848,23.09,9.54,3.0,0
1771920420.9248402,8.559999999999999,50.84,3.0,0
1771920429.216559,13.16,51.129999999999995,3.1,0
1771920437.4646976,16.555,51.0,3.2,0
1771920445.864027,15.305,51.25,3.2,0
1771920456.6094904,8.913333333333332,83.19,3.2000000000000006,0
1771920467.0142531,9.023333333333333,82.81,3.2000000000000006,0
1771920477.369091,9.29,83.09,3.2000000000000006,0
1771920487.820311,8.946666666666667,83.07,3.2000000000000006,0
1771920498.2146163,8.943333333333333,82.72,3.1333333333333333,0
1771920508.7236342,9.446666666666665,83.19,3.2000000000000006,0
1771920519.1244428,8.716666666666667,83.07,3.2000000000000006,0
1771920529.8175476,10.463333333333333,83.32000000000001,3.0,0
1771920540.4152656,9.453333333333333,83.58,3.1333333333333333,0
1771920550.7669826,9.613333333333333,83.08,3.2000000000000006,0
1771920561.4664898,9.403333333333334,83.05,3.2000000000000006,0
1771920571.6166384,10.513333333333334,82.74,3.2000000000000006,0
1771920582.0696638,9.46,82.98,3.2000000000000006,0
1771920592.5173583,9.583333333333334,83.7,3.1333333333333333,0
1771920602.7714674,8.303333333333333,82.99000000000001,3.1333333333333333,0
1771920612.913343,7.776666666666667,82.99,2.6,0
1771920623.2454429,7.233333333333333,83.11,2.7999999999999994,0
1771920633.5137372,3.2466666666666666,83.23,2.3333333333333335,0
1771920643.5681038,3.3966666666666665,82.62,1.9333333333333333,0
1771920653.6214147,3.7066666666666666,82.75,1.4666666666666668,0
1771920663.6733465,4.08,82.75,1.5999999999999999,0
1771920704.416143,13.96,50.93000000000001,1.8,0
1771920712.4621902,4.62,50.699999999999996,1.1,0
1771920720.5096183,2.8899999999999997,50.68,1.2,0
1771920728.5584013,8.75,50.81,1.2999999999999998,0
1771920736.8095365,5.78,51.2,1.4,0
1771920745.062688,8.754999999999999,50.949999999999996,1.7000000000000002,0
1771920753.1090772,9.825,50.94,1.7000000000000002,0
1771920761.4136527,9.86,50.949999999999996,2.0,0
1771920769.6134255,10.605,50.83,2.6,0
1771920777.911992,13.095,50.980000000000004,2.3,0
1771920786.1089678,11.469999999999999,50.98,2.7,0
1771920794.4120421,14.809999999999999,51.08,2.9,0
1771920802.6167808,13.975000000000001,50.81,3.0,0
1771920811.0143461,14.475,50.71,3.0,0
1771920819.5659657,15.49,50.72,3.2,0
1771920827.8660104,16.395,50.589999999999996,3.2,0
1771920836.4651873,16.675,50.830000000000005,3.1,0
1771920844.9659235,16.175,50.54,3.2,0
1771920853.41451,13.425,51.08,3.1,0
1771920861.8634923,16.77,50.709999999999994,3.2,0
1771920870.36156,15.025,50.86,3.0,0
1771920878.6646898,16.095,50.95,3.2,0
1771920889.3661604,9.673333333333334,83.26,3.2000000000000006,0
1771920900.0135758,10.303333333333333,83.28999999999999,3.1333333333333333,0
1771920910.4562771,9.916666666666666,82.78999999999999,3.2000000000000006,0
1771920920.8770063,8.726666666666667,83.15,3.2000000000000006,0
1771920931.081697,10.406666666666666,82.92,3.2000000000000006,0
1771920941.569854,9.306666666666667,83.4,3.2000000000000006,0
1771920951.9157047,9.473333333333334,83.29,3.2000000000000006,0
1771920962.175193,9.88,83.05000000000001,3.2000000000000006,0
1771920972.3829427,9.383333333333333,83.04,3.2000000000000006,0
1771920982.519485,8.043333333333335,83.42,3.0,0
1771920992.7129598,8.983333333333334,83.04,2.8666666666666667,0
1771921003.0454495,9.116666666666667,83.04,2.466666666666667,0
1771921013.3556352,1.7833333333333332,83.17,2.2,0
1771921023.463852,6.263333333333333,83.03999999999999,2.0,0
1771921033.5119958,5.973333333333334,83.41,2.0,0
1771921073.559,10.879999999999999,51.13,1.6,0
1771921081.6117458,1.635,50.75,0.7,0
1771921089.6595027,0.28500000000000003,51.0,0.8,0
1771921098.007743,0.01,51.019999999999996,0.8,0
1771921132.4958675,27.22,10.0,0.0,0
1771921141.105894,25.12,9.9,3.4,0
1771921147.1402383,18.35,10.01,2.4,0
1771921153.1768866,23.4,9.88,2.6,0
1771921159.5802064,22.87,10.1,2.8,0
1771921167.8731143,15.675,42.160000000000004,2.8,0
1771921176.3902855,13.99,42.519999999999996,3.0,0
1771921184.6686435,12.93,42.97,3.2,0
1771921192.8434308,12.435,42.26,3.2,0
1771921201.185036,17.369999999999997,42.730000000000004,3.4,0
1771921209.5913067,11.9,42.65,3.4,0
1771921218.0625274,16.245,42.25,3.2,0
1771921226.4703212,12.51,41.92,3.4,0
1771921234.8717625,16.615000000000002,42.09,3.2,0
1771921243.3394303,12.32,42.089999999999996,3.2,0
1771921251.773827,16.92,42.43,3.2,0
1771921260.1849291,12.475000000000001,41.82,3.3,0
1771921268.6638439,16.475,42.550000000000004,3.4,0
1771921277.0660317,13.235,42.3,3.4,0
1771921285.4794269,16.87,42.2,3.4,0
1771921293.8808231,11.985,42.4,3.4,0
1771921302.280979,17.31,42.510000000000005,3.4,0
1771921310.7449534,12.31,42.56,3.2,0
1771921319.1729872,17.035,42.760000000000005,3.3,0
1771921327.5419128,12.565000000000001,42.239999999999995,3.4,0
1771921335.9783657,17.23,42.5,3.4,0
1771921344.0822237,14.280000000000001,42.33,3.3,0
1771921352.339687,11.785,42.75,3.2,0
1771921360.5393612,10.985,42.480000000000004,3.0,0
1771921368.6915543,13.375,42.85,2.9,0
1771921377.2657235,12.42,42.6,2.6,0
1771921385.76812,8.504999999999999,42.27,2.3,0
1771921393.9401453,9.29,42.62,2.2,0
1771921401.9949744,8.475000000000001,42.629999999999995,2.2,0
1771921410.0468051,9.780000000000001,42.51,1.9,0
1771921418.0951872,8.64,42.63,1.5,0
1771921426.2632618,1.215,42.75,1.5,0
1771921434.3097365,4.875,42.36,0.9,0
1771921442.3549442,4.1899999999999995,42.5,0.7,0
1771921475.6406655,25.55,9.98,0.0,0
1771921481.6842349,14.78,10.1,3.2,0
1771921487.9575124,17.5,10.11,1.2,0
1771921493.992824,17.62,9.79,1.2,0
1771921500.0263295,17.74,9.93,1.4,0
1771921506.1592052,14.96,10.29,2.0,0
1771921512.6615615,18.05,10.25,2.0,0
1771921518.795877,20.21,9.77,2.2,0
1771921524.8289094,23.2,9.79,2.4,0
1771921533.1252096,10.69,50.15,2.4,0
1771921541.3871055,10.645,50.290000000000006,2.8,0
1771921549.6818326,15.05,49.89,2.9,0
1771921557.8732674,12.24,50.26,3.2,0
1771921566.0665376,11.934999999999999,49.91,3.4,0
1771921574.3877225,16.88,50.15,3.4,0
1771921582.690704,13.3,50.04,3.4,0
1771921591.0055053,17.055,49.93,3.4,0
1771921599.3763285,12.775,50.03,3.4,0
1771921607.7032828,17.36,50.03,3.4,0
1771921616.0774624,12.48,50.42,3.4,0
1771921624.3857098,16.58,50.07000000000001,3.4,0
1771921632.7544985,12.3,50.67,3.4,0
1771921641.0806377,16.695,50.440000000000005,3.4,0
1771921649.4071531,12.024999999999999,50.9,3.4,0
1771921657.765418,17.3,48.29,3.4,0
1771921666.3809056,16.759999999999998,48.05,3.4,0
1771921675.0630739,17.37,48.9,3.4,0
1771921683.3779995,12.635,48.67,3.4,0
1771921691.681465,16.725,46.53,3.4,0
1771921700.0541475,12.105,46.91,3.4,0
1771921708.373649,16.215,47.02,3.4,0
1771921716.4991934,16.27,46.42,3.2,0
1771921724.7651596,14.985,46.55,3.2,0
1771921732.8590224,12.205000000000002,46.66,3.2,0
1771921741.0652003,12.25,46.43,3.0,0
1771921749.3544185,8.48,46.56,3.0,0
1771921757.6652734,12.36,46.69,2.5,0
1771921765.7655194,10.48,46.44,2.2,0
1771921774.0772264,6.074999999999999,46.08,2.2,0
1771921782.1301901,8.97,46.18,1.8,0
1771921790.2877455,8.655,46.31,1.5,0
1771921798.3340576,1.43,45.16,1.5,0
1771921806.378232,8.14,45.28,1.2,0
1771921814.5029695,6.385,45.290000000000006,1.4,0
1771921848.0700984,25.32,9.91,0.2,0
1771921854.6641245,0.01,10.03,3.2,0
1771921860.7054582,13.79,9.67,1.4,0
1771921866.7405412,17.67,9.67,1.2,0
1771921872.908141,9.11,9.68,1.4,0
1771921879.2582536,10.91,9.78,1.6,0
1771921885.4640129,7.54,9.82,1.8,0
1771921891.974762,17.6,9.49,2.0,0
1771921898.010048,15.19,9.28,2.0,0
1771921904.0432746,21.93,9.4,2.4,0
1771921910.2645307,22.36,9.55,2.6,0
1771921916.499875,22.6,9.58,3.0,0
1771921924.88071,13.3,49.82,3.0,0
1771921932.9271288,13.024999999999999,49.42,3.0,0
1771921941.089708,15.989999999999998,47.44,3.2,0
1771921949.5705812,11.965,47.91,3.4,0
1771921957.8905234,17.105,45.8,3.4,0
1771921966.2090836,12.055,45.92,3.4,0
1771921974.5106869,17.049999999999997,43.07000000000001,3.4,0
1771921982.867935,12.614999999999998,43.43000000000001,3.4,0
1771921991.1820338,17.265,43.3,3.4,0
1771921999.4847834,12.105,43.33,3.4,0
1771922007.7925012,16.885,43.06,3.4,0
1771922016.1016545,11.965,43.19,3.4,0
1771922024.4644115,17.0,42.97,3.4,0
1771922033.0233371,16.604999999999997,42.68,3.4,0
1771922041.6648102,17.045,42.92,3.4,0
1771922049.9823945,12.395,42.91,3.4,0
1771922058.292538,17.37,43.25,3.4,0
1771922066.611208,12.280000000000001,42.94,3.4,0
1771922074.9144385,16.95,42.83,3.4,0
1771922083.271508,12.41,42.58,3.4,0
1771922091.601678,17.1,42.959999999999994,3.4,0
1771922099.8653858,12.005,42.730000000000004,3.2,0
1771922107.9165115,14.565000000000001,40.51,3.0,0
1771922116.064922,12.895,40.18,2.9,0
1771922124.265503,13.74,39.92,2.7,0
1771922132.6654704,8.58,38.8,2.5,0
1771922140.8641877,10.41,37.12,2.7,0
1771922148.911716,8.795,35.31,2.2,0
1771922156.9575152,9.629999999999999,32.68,1.8,0
1771922165.2760832,8.925,29.59,1.6,0
1771922173.3194926,8.085,25.509999999999998,1.2,0
1771922181.412866,4.755,25.64,1.2,0
1771922189.4596403,0.01,25.13,1.1,0
1771922197.5158002,3.4,25.33,0.9,0
1771922205.5597084,0.11,25.22,1.2,0
1771922244.7902799,25.58,10.19,3.0,1
1771922251.1643171,4.86,9.98,1.8,1
1771922257.2858155,8.08,10.23,1.8,1
1771922263.8759844,12.16,9.68,2.0,1
1771922270.199,16.9,9.56,2.0,1
1771922276.234089,17.76,9.8,2.0,1
1771922282.574751,19.01,9.54,2.6,1
1771922288.8596156,20.27,9.79,2.6,1
1771922295.0874739,24.61,9.92,2.8,1
1771922301.3770134,24.59,9.67,3.2,1
1771922311.2100856,15.364999999999998,49.870000000000005,3.2,2
1771922319.5950174,15.565000000000001,42.5,3.2,2
1771922328.124589,15.575,29.060000000000002,3.2,2
1771922336.4916198,14.305,23.61,3.2,2
1771922348.0466058,15.050000000000002,58.82000000000001,3.2000000000000006,3
1771922358.5188746,9.413333333333334,55.830000000000005,3.2000000000000006,3
1771922368.9414637,9.65,49.11,3.2000000000000006,3
1771922379.4084017,9.58,44.95,3.2000000000000006,3
1771922389.8378909,9.72,44.45,3.2000000000000006,3
1771922400.3096933,9.639999999999999,39.06,3.2000000000000006,3
1771922410.7418776,9.633333333333333,38.31,3.2000000000000006,3
1771922421.2234027,9.76,38.07,3.2000000000000006,3
1771922431.6398723,9.606666666666667,37.96,3.2000000000000006,3
1771922442.102642,9.543333333333335,37.91,3.2000000000000006,3
1771922452.5397463,9.63,38.68,3.2000000000000006,3
1771922463.0121114,9.46,37.879999999999995,3.2000000000000006,3
1771922474.0782118,9.21,38.15,3.2000000000000006,3
1771922484.1368043,9.203333333333333,38.52,3.0666666666666664,3
1771922494.3381808,9.553333333333333,38.17,3.0,3
1771922504.53768,5.996666666666666,38.81,2.6666666666666665,3
1771922514.7698362,4.986666666666666,38.34,2.4,3
1771922525.142662,2.6666666666666665,38.13,2.2,3
1771922535.1957726,8.106666666666667,38.120000000000005,2.0,3
1771922545.4682012,7.916666666666667,38.38,1.5333333333333332,3
1771922555.7229102,4.510000000000001,37.92,1.3999999999999997,3
1771922565.7787347,5.843333333333334,37.47,0.9333333333333332,3
1771922575.8376083,4.17,37.53,0.7333333333333334,3
1771922614.6597803,10.24,23.58,1.7000000000000002,2
1771922622.7130134,2.73,23.72,1.2,2
1771922631.031321,1.345,23.95,1.5,2
1771922639.087637,8.065,23.5,2.0,2
1771922673.5122142,25.08,8.26,0.6,1
1771922684.5849571,25.6,8.14,3.4,1
1771922690.7599652,25.62,8.38,3.4,1
1771922697.178676,24.88,8.69,3.4,1
1771922707.2162576,15.42,50.54,3.2,2
1771922715.636552,12.435,43.86,3.2,2
1771922723.9889202,16.64,35.02,3.4,2
1771922732.3881838,13.07,28.520000000000003,3.4,2
1771922744.3792038,8.786666666666667,73.59,3.4,3
1771922754.901501,9.49,60.5,3.4,3
1771922765.4933994,10.616666666666665,58.67999999999999,3.4,3
1771922775.9900181,9.193333333333333,57.36,3.4,3
1771922786.5728798,9.343333333333334,56.1,3.4,3
1771922797.0522854,10.183333333333332,44.21,3.4,3
1771922807.5193226,8.953333333333333,37.94,3.4,3
1771922818.0686848,9.203333333333333,38.0,3.4,3
1771922828.2877202,9.333333333333334,36.89,3.4,3
1771922838.8433027,10.116666666666667,36.83,3.4,3
1771922849.0955267,8.806666666666667,36.65,3.266666666666667,3
1771922859.4685655,9.193333333333333,36.67,3.2000000000000006,3
1771922869.7123332,7.38,36.2,2.9333333333333336,3
1771922879.8016198,8.233333333333333,35.01,2.8666666666666667,3
1771922890.0743735,8.59,34.96,2.533333333333333,3
1771922900.4231222,3.5400000000000005,34.86,2.0,3
1771922910.4818199,5.1866666666666665,34.44,1.6000000000000003,3
1771922920.5434816,8.38,34.94,1.7333333333333334,3
1771922930.6161737,8.933333333333334,35.44,1.1333333333333333,3
1771922940.677093,0.11666666666666668,34.84,1.2,3
1771922950.7424495,0.09666666666666668,34.97,0.8666666666666667,3
1771922960.8684754,0.10333333333333333,34.85,1.2,3
1771923002.9766824,15.71,21.560000000000002,1.8,2
1771923037.6731472,25.3,7.45,0.4,1
1771923047.7841306,25.46,7.55,3.4,1
1771923054.365298,21.18,7.31,2.8,1
1771923060.598445,24.86,7.35,3.0,1
1771923069.4101925,17.049999999999997,50.54,3.2,2
1771923077.608465,16.585,50.54,3.2,2
1771923086.2132611,12.370000000000001,45.3,3.2,2
1771923094.6153932,16.07,39.19,3.4,2
1771923106.023422,9.54,80.67,3.266666666666667,3
1771923116.317339,10.046666666666667,72.02,3.4,3
1771923126.939133,8.81,60.38,3.4,3
1771923137.4735289,9.403333333333334,56.07,3.4,3
1771923148.124852,9.673333333333334,44.22,3.3333333333333335,3
1771923158.4250689,10.233333333333334,42.81,3.4,3
1771923168.720186,10.026666666666666,41.82,3.266666666666667,3
1771923179.3139882,8.756666666666668,38.25,3.4,3
1771923189.6216743,9.32,37.7,3.2000000000000006,3
1771923199.9412222,8.896666666666667,37.91,3.3333333333333335,3
1771923210.3071978,9.003333333333334,37.99,3.266666666666667,3
1771923220.6043258,8.946666666666667,37.86,3.4,3
1771923230.9218996,9.066666666666666,37.629999999999995,3.2000000000000006,3
1771923241.406901,8.62,38.11,3.2000000000000006,3
1771923251.5760117,8.963333333333333,37.63,2.6,3
1771923262.0155847,6.946666666666666,37.64,2.733333333333333,3
1771923272.212061,5.72,37.78,2.3333333333333335,3
1771923282.2953165,7.8066666666666675,37.31,1.9333333333333333,3
1771923292.7088962,4.01,36.57,1.8,3
1771923302.8485103,4.026666666666666,36.6,1.4666666666666668,3
1771923313.2151985,0.09666666666666668,36.37,1.3333333333333333,3
1771923357.3018022,15.05,22.89,1.9,2
1771923365.3520248,8.09,23.17,1.0,2
1771923373.4093826,7.57,22.8,1.5,2
1771923381.7672002,6.944999999999999,22.38,1.7000000000000002,2
1771923389.8359442,8.855,22.49,1.5,2
1771923397.9048498,4.255,22.38,1.6,2
1771923406.294576,9.07,23.13,2.4,2
1771923414.348095,8.989999999999998,22.63,2.5,2
1771923422.57909,12.16,22.64,2.4,2
1771923430.636526,12.459999999999999,22.43,3.0,2
1771923438.7054102,14.79,22.31,2.9,2
1771923447.1086397,17.295,21.36,3.2,2
1771923455.51847,12.775,21.48,3.4,2
1771923463.9260986,16.58,21.04,3.4,2
1771923472.426802,12.485,21.1,3.2,2
1771923480.9076068,16.455,21.35,3.2,2
1771923489.4129424,13.115,20.85,3.2,2
1771923497.8246763,16.145,21.34,3.3,2
1771923506.3076963,11.65,21.490000000000002,3.4,2
1771923514.70821,16.435000000000002,21.11,3.3,2
1771923523.125264,12.030000000000001,21.490000000000002,3.4,2
1771923531.62832,15.84,21.41,3.2,2
1771923540.104572,11.765,21.53,3.3,2
1771923548.520189,16.855,24.78,3.2,2
1771923556.993719,12.59,24.41,3.2,2
1771923565.475344,15.969999999999999,24.21,3.3,2
1771923573.8977785,12.719999999999999,23.84,3.3,2
1771923582.3921824,16.619999999999997,22.959999999999997,3.2,2
1771923590.8202412,12.379999999999999,23.05,3.2,2
1771923599.2680914,15.934999999999999,23.220000000000002,3.4,2
1771923607.5001378,15.05,23.22,3.2,2
1771923615.8074253,15.195,20.0,3.2,2
1771923624.0339422,9.16,21.689999999999998,3.0,2
1771923632.2699766,14.925,21.09,2.8,2
1771923640.547691,9.0,21.919999999999998,2.6,2
1771923648.611003,9.535,21.4,2.3,2
1771923656.998566,10.165,16.15,2.3,2
1771923665.4052935,4.87,15.81,2.0,2
1771923673.472171,7.06,16.06,1.4,2
1771923681.5240362,8.665,16.55,1.5,2
1771923689.5830514,3.17,15.370000000000001,1.4,2
1771923697.8724241,0.01,15.830000000000002,1.0,2
1771923706.0780056,8.399999999999999,16.46,1.2999999999999998,2
1771923742.6731696,25.36,6.89,0.6,1
1771923749.3896964,7.79,6.76,3.4,1
1771923755.4503875,9.48,6.77,1.4,1
1771923761.5586452,17.3,6.64,1.6,1
1771923767.695877,12.94,6.77,2.0,1
1771923774.100151,12.25,6.66,2.0,1
1771923780.193718,17.81,7.02,2.2,1
1771923786.3772554,19.51,6.65,2.2,1
1771923792.5598125,22.21,6.64,2.8,1
1771923798.8713768,17.53,7.14,2.6,1
1771923808.1890974,13.459999999999999,55.09,2.9,2
1771923816.6096082,13.84,46.63,3.1,2
1771923825.0680645,16.785,43.32,3.2,2
1771923833.4886234,11.934999999999999,39.660000000000004,3.2,2
1771923841.864046,16.1,39.53,3.4,2
1771923850.2978568,12.829999999999998,35.47,3.4,2
1771923858.7972136,16.825,25.73,3.2,2
1771923867.191891,12.21,21.619999999999997,3.4,2
1771923875.5725234,16.205,21.919999999999998,3.4,2
1771923883.9174533,12.190000000000001,22.049999999999997,3.4,2
1771923892.313528,17.314999999999998,21.93,3.4,2
1771923900.70745,12.885,22.66,3.4,2
1771923909.1112704,17.205,21.8,3.3,2
1771923917.4211478,12.215,22.68,3.4,2
1771923925.8164973,17.244999999999997,22.05,3.4,2
1771923934.212912,12.25,21.28,3.3,2
1771923942.6096175,17.09,21.259999999999998,3.4,2
1771923951.0059454,12.285,21.02,3.4,2
1771923959.4043882,17.16,20.91,3.4,2
1771923967.8004036,13.065000000000001,21.39,3.4,2
1771923975.9072356,12.8,21.419999999999998,3.4,2
1771923984.391393,12.745000000000001,21.06,3.2,2
1771923992.6090386,13.12,21.4,3.2,2
1771924000.804942,13.165,21.0,3.2,2
1771924009.0951185,10.58,21.259999999999998,2.7,2
1771924017.293513,9.435,21.16,2.3,2
1771924025.3501165,9.33,20.91,2.2,2
1771924033.4298475,8.27,21.77,1.9,2
1771924041.6916487,7.484999999999999,21.04,1.8,2
1771924049.997415,3.78,20.92,1.5,2
1771924058.2645254,4.77,20.93,1.4,2
1771924066.352729,0.75,20.69,1.5,2
1771924074.4140482,6.225,21.18,1.4,2
1771924109.0147116,26.9,6.65,0.0,1
1771924115.1855037,0.01,6.28,3.4,1
1771924121.2448523,0.01,6.52,1.2,1
1771924127.2905939,11.47,6.53,1.2,1
1771924133.3436542,0.01,6.27,1.6,1
1771924139.9713843,7.93,6.88,1.6,1
1771924146.3613284,15.62,6.76,2.0,1
1771924152.7893603,16.82,6.65,2.0,1
1771924159.0900817,13.58,6.28,2.4,1
1771924165.3052979,21.19,6.41,2.2,1
1771924171.3427477,24.1,6.41,2.8,1
1771924177.7687998,23.67,6.93,2.8,1
1771924183.9624834,21.31,6.45,2.8,1
1771924193.3745341,15.515,48.71,3.3,2
1771924201.6739888,14.895,48.260000000000005,3.2,2
1771924209.8663936,15.015,44.77,3.3,2
1771924218.275331,12.615,43.699999999999996,3.4,2
1771924229.4786663,9.353333333333333,70.89,3.3333333333333335,3
1771924239.924878,9.166666666666666,61.08,3.2000000000000006,3
1771924250.3849378,9.603333333333333,59.61,3.2000000000000006,3
1771924260.8796434,9.35,37.86,3.2000000000000006,3
1771924271.3756204,9.013333333333334,38.14,3.2000000000000006,3
1771924281.9362068,9.280000000000001,38.31,3.2000000000000006,3
1771924292.3272386,9.450000000000001,37.71,3.266666666666667,3
1771924302.7761326,9.44,36.67,3.2000000000000006,3
1771924312.9995756,9.656666666666666,37.31,3.2000000000000006,3
1771924323.475046,10.049999999999999,36.35,3.2000000000000006,3
1771924333.9825666,8.923333333333334,36.07,3.2000000000000006,3
1771924344.479132,10.43,36.34,3.2000000000000006,3
1771924354.6886284,9.203333333333333,35.71,3.2000000000000006,3
1771924365.0868301,9.096666666666666,35.33,3.2000000000000006,3
1771924375.1553113,8.826666666666666,35.39,3.0,3
1771924385.4766269,7.083333333333333,35.5,2.6666666666666665,3
1771924395.7688239,8.953333333333333,35.51,2.6,3
1771924405.8614101,6.126666666666666,35.06,2.1999999999999997,3
1771924416.1290965,5.5566666666666675,35.18,1.8,3
1771924426.1860955,2.69,35.32,1.6666666666666667,3
1771924436.2593813,8.459999999999999,35.19,1.5333333333333332,3
1771924446.3211725,0.01,35.1,0.9333333333333332,3
1771924484.688245,13.989999999999998,21.89,1.5999999999999999,2
1771924492.8713343,0.935,21.77,1.2999999999999998,2
1771924500.929547,4.095,21.66,1.2,2
1771924509.0100822,8.2,21.66,1.5,2
1771924545.5739708,25.2,6.76,0.6,1
1771924556.1207144,25.34,6.65,3.4,1
1771924562.182677,24.25,6.77,3.0,1
1771924568.3670914,21.62,6.53,2.8,1
1771924578.1835861,14.51,54.01,3.0,2
1771924586.4220223,14.585,54.01,3.2,2
1771924595.016095,14.73,53.96,3.2,2
1771924603.509054,12.585,53.269999999999996,3.2,2
1771924614.723664,9.356666666666667,84.36999999999999,3.0666666666666664,3
1771924625.0787997,10.023333333333333,83.95,3.2000000000000006,3
1771924635.6759806,9.473333333333334,53.84,3.2000000000000006,3
1771924646.3199918,10.076666666666666,51.76,3.2000000000000006,3
1771924656.8666995,9.306666666666667,51.74,3.2000000000000006,3
1771924667.417794,9.963333333333333,50.589999999999996,3.2000000000000006,3
1771924678.0224783,9.9,48.91,3.2000000000000006,3
1771924688.4804587,9.633333333333333,45.28,3.2000000000000006,3
1771924698.9300401,9.993333333333334,44.64,3.2000000000000006,3
1771924709.5231729,10.086666666666666,42.82,3.2000000000000006,3
1771924719.9254375,9.72,36.44,3.1333333333333333,3
1771924730.4417055,9.623333333333333,36.22,3.2000000000000006,3
1771924741.0208838,9.056666666666667,36.51,3.2000000000000006,3
1771924751.2211914,9.396666666666667,36.71,3.0666666666666664,3
1771924761.2832859,7.81,35.86,2.7999999999999994,3
1771924771.354082,5.896666666666666,36.75,2.533333333333333,3
1771924781.6044126,4.573333333333333,36.38,2.4,3
1771924791.697271,7.033333333333334,36.46,2.2,3
1771924801.8647969,5.096666666666667,35.78,1.5999999999999999,3
1771924811.9318213,0.10999999999999999,35.79,1.2,3
1771924822.1244211,2.683333333333333,35.92,1.3333333333333333,3
1771924864.7606745,12.745000000000001,20.16,1.7000000000000002,2
1771924899.1111228,25.13,6.51,0.2,1
1771924908.0620174,22.96,6.48,3.4,1
1771924914.3601732,19.01,6.77,2.2,1
1771924920.67537,23.17,6.4,2.6,1
1771924927.0028455,24.93,6.4,2.4,1
1771924936.3377688,14.335,51.65,2.8,2
1771924944.6888666,15.035,46.599999999999994,3.1,2
1771924952.9935756,12.16,46.74,3.0,2
1771924961.3074467,12.66,46.730000000000004,3.2,2
1771924969.8045275,16.285,43.16,3.2,2
1771924978.2227392,12.2,41.120000000000005,3.3,2
1771924986.4286828,12.045,39.059999999999995,3.2,2
1771924994.9308922,17.145,23.509999999999998,3.2,2
1771925003.4223874,12.505,22.95,3.2,2
1771925011.9052696,16.655,23.759999999999998,3.2,2
1771925020.3961296,11.79,22.86,3.2,2
1771925028.8672626,16.16,22.88,3.2,2
1771925037.3196523,12.605,22.61,3.2,2
1771925045.7672353,15.995000000000001,22.909999999999997,3.2,2
1771925054.300195,11.86,22.62,3.4,2
1771925062.7624817,16.115000000000002,22.14,3.2,2
1771925071.31647,13.280000000000001,22.41,3.2,2
1771925079.8069065,16.6,22.05,3.2,2
1771925088.2951653,11.75,22.419999999999998,3.2,2
1771925096.71207,16.31,22.39,3.3,2
1771925105.2028651,13.885,22.17,3.3,2
1771925113.5122352,12.245,22.189999999999998,3.2,2
1771925121.7154832,12.295000000000002,22.56,3.2,2
1771925129.9096427,13.809999999999999,22.68,3.2,2
1771925138.0030954,12.43,21.939999999999998,2.5,2
1771925146.200584,9.365,22.2,2.7,2
1771925154.310393,6.515000000000001,22.46,2.4,2
1771925162.3792834,8.81,21.72,2.2,2
1771925170.4369974,12.330000000000002,22.35,1.8,2
1771925178.502311,0.01,22.2,1.9,2
1771925186.5806334,6.68,22.23,1.4,2
1771925194.6485376,6.545,22.0,1.2,2
1771925202.7065127,4.51,22.240000000000002,1.1,2
1771925237.967161,25.62,6.85,0.4,1
1771925244.4056752,7.26,6.73,3.4,1
1771925250.4458287,16.49,6.49,1.0,1
1771925256.5857756,11.21,6.74,1.2,1
1771925262.658803,0.17,6.37,1.6,1
1771925268.7059293,12.39,6.25,1.8,1
1771925275.2357435,9.46,6.5,1.8,1
1771925281.5978074,18.71,6.86,2.2,1
1771925287.6813931,16.72,6.62,2.4,1
1771925293.9607527,17.08,6.5,2.4,1
1771925300.3653212,22.25,6.61,2.4,1
1771925306.6676939,21.4,6.63,2.8,1
1771925312.7932982,23.32,6.62,2.6,1
1771925322.73407,12.25,52.87,3.2,2
1771925331.078787,12.785,53.199999999999996,3.2,2
1771925339.3733742,13.09,45.85,3.2,2
1771925347.869652,16.79,44.92,3.2,2
1771925356.334088,12.344999999999999,42.879999999999995,3.2,2
1771925364.5730195,13.0,39.18,3.2,2
1771925372.8717191,13.469999999999999,30.74,3.2,2
1771925381.471095,16.825,30.14,3.2,2
1771925390.0447636,13.280000000000001,30.22,3.2,2
1771925398.5681686,16.275,28.05,3.2,2
1771925406.9707358,17.305,22.11,3.2,2
1771925415.4711573,13.52,22.369999999999997,3.3,2
1771925423.9799254,16.365,22.28,3.2,2
1771925432.5383253,12.815,21.799999999999997,3.2,2
1771925441.07974,16.945,22.060000000000002,3.3,2
1771925449.4841323,12.125,22.2,3.2,2
1771925457.9879804,16.35,22.09,3.2,2
1771925466.5367472,12.725,22.25,3.2,2
1771925475.0638921,16.75,22.25,3.2,2
1771925483.5674129,13.695,21.91,3.2,2
1771925491.7772613,14.18,22.03,3.2,2
1771925500.0659065,13.445,22.18,3.2,2
1771925508.26385,14.07,22.04,3.2,2
1771925516.474322,9.07,20.82,2.8,2
1771925524.5750732,9.985,20.95,2.4,2
1771925532.8897297,7.82,20.83,2.4,2
1771925540.961462,7.48,20.97,2.0,2
1771925549.0166032,9.145,21.6,1.8,2
1771925557.0867157,5.945,20.98,1.4,2
1771925565.1511493,5.8549999999999995,21.119999999999997,1.6,2
1771925573.2777457,4.529999999999999,20.549999999999997,1.5,2
1771925581.4174554,9.25,20.799999999999997,1.2,2
1771925589.4955122,1.7100000000000002,21.05,1.0,2
1771925626.5797417,26.13,6.39,0.0,1
1771925633.9739695,7.22,6.64,3.4,1
1771925640.0259407,11.24,6.51,1.8,1
1771925646.0967448,17.33,6.39,1.6,1
1771925652.1427834,16.27,6.51,1.6,1
1771925658.361533,14.04,6.39,2.0,1
1771925664.5600662,14.7,6.51,2.0,1
1771925670.6051579,24.66,6.64,2.4,1
1771925676.9832253,19.8,6.39,2.8,1
1771925683.2001104,23.16,6.39,2.4,1
1771925692.9719508,14.485,50.02,2.8,2
1771925701.5211246,12.809999999999999,48.67999999999999,2.9,2
1771925709.770433,14.615,45.71,3.2,2
1771925717.9187915,14.379999999999999,42.08,3.2,2
1771925726.378951,15.225,37.129999999999995,3.0,2
1771925734.7718315,15.524999999999999,35.22,3.2,2
1771925743.0794158,13.32,27.07,3.1,2
1771925751.6175451,13.065,25.490000000000002,3.2,2
1771925759.9690945,13.66,23.16,3.2,2
1771925768.5149744,14.375,22.79,3.1,2
1771925777.019076,12.59,23.04,3.2,2
1771925785.4698286,13.245000000000001,21.64,3.2,2
1771925794.1190214,16.7,21.759999999999998,3.2,2
1771925802.6235378,15.51,21.55,3.1,2
1771925811.071331,13.77,21.82,3.2,2
1771925819.4197202,13.5,21.68,3.2,2
1771925827.8149126,13.915,21.330000000000002,3.2,2
1771925836.3189616,13.795000000000002,21.71,3.2,2
1771925844.5663946,16.675,21.48,3.2,2
1771925853.020243,16.365,21.36,3.2,2
1771925861.3314614,13.45,21.009999999999998,3.0,2
1771925869.9685397,15.754999999999999,21.439999999999998,3.0,2
1771925878.222213,11.469999999999999,20.96,3.1,2
1771925886.715434,11.125,20.42,2.8,2
1771925894.9161835,9.844999999999999,20.79,2.7,2
1771925903.314492,9.04,20.81,2.4,2
1771925911.3760657,9.465,20.68,2.2,2
1771925919.5157347,8.85,20.72,2.0,2
1771925927.5698924,12.280000000000001,20.7,1.9,2
1771925935.9156861,4.21,20.57,1.8,2
1771925943.9778078,6.73,20.45,1.1,2
1771925952.052784,9.075,20.58,1.4,2
1771925960.3889518,9.19,20.47,0.9,2
1771925968.6655257,0.01,20.34,0.9,2
1771925976.7441561,8.52,20.86,0.8,2
1771925984.8199189,0.01,20.37,0.7,2
1771926021.5666342,25.41,6.49,0.4,1
1771926028.9042497,15.26,6.6,3.4,1
1771926034.9681246,17.05,6.36,2.0,1
1771926041.5641026,19.35,6.36,2.2,1
1771926047.9581985,18.54,6.72,2.2,1
1771926054.197705,19.79,6.6,2.4,1
1771926060.4946837,21.85,6.35,2.8,1
1771926069.9926026,14.709999999999999,50.56,2.9,2
1771926078.3625546,13.495000000000001,43.56,3.2,2
1771926086.695684,14.925,43.44,3.2,2
1771926095.0038602,16.805,43.24,3.2,2
1771926105.9798234,9.389999999999999,82.43,3.4,3
1771926116.5755627,9.103333333333333,68.55,3.4,3
1771926127.1000738,10.273333333333333,66.4,3.4,3
1771926137.3790119,10.533333333333333,62.92,3.4,3
1771926147.892533,8.770000000000001,57.29,3.4,3
1771926158.4691277,9.270000000000001,56.85,3.4,3
1771926169.0047936,9.719999999999999,57.41,3.4,3
1771926179.2905047,10.456666666666665,53.29,3.4,3
1771926189.8582404,9.313333333333333,51.67,3.4,3
1771926200.0752044,9.183333333333334,52.06,3.4,3
1771926210.290001,9.223333333333334,51.51,3.4,3
1771926220.8843715,9.13,51.84,3.4,3
1771926231.0976048,9.723333333333334,51.65,3.4,3
1771926241.4787705,9.426666666666668,51.69,3.2000000000000006,3
1771926251.7797506,8.556666666666667,51.24,3.266666666666667,3
1771926261.9582007,8.746666666666668,49.989999999999995,3.2000000000000006,3
1771926272.275805,7.13,50.17,2.9333333333333336,3
1771926282.3292944,7.45,50.18,2.6666666666666665,3
1771926292.58112,7.593333333333334,49.96,2.1333333333333333,3
1771926303.0763397,4.4366666666666665,50.33,1.8,3
1771926313.1252964,2.793333333333333,49.239999999999995,1.3999999999999997,3
1771926323.3762028,2.78,49.58,1.6666666666666667,3
1771926333.4321008,0.01,48.18,1.0,3
1771926372.6600296,12.33,22.69,2.0,2
1771926406.8840783,25.27,6.51,0.6,1
1771926415.1925488,23.41,6.41,3.4,1
1771926421.4575865,21.28,6.32,2.0,1
1771926427.5650368,21.38,6.66,2.6,1
1771926433.764068,16.05,6.78,2.8,1
1771926442.1710138,13.795,49.55,2.7,2
1771926450.2639902,15.795000000000002,49.29,2.8,2
1771926458.6150706,13.97,49.38,3.0,2
1771926466.9164207,13.27,49.51,3.0,2
1771926475.222843,13.415,49.129999999999995,3.2,2
1771926483.7156796,13.805,49.38,3.0,2
1771926492.1126,13.805,49.4,3.1,2
1771926500.5784924,15.975,49.26,3.0,2
1771926509.0145671,14.114999999999998,49.26,3.2,2
1771926517.5110078,14.805,49.53,3.0,2
1771926525.9639432,15.065,49.29,3.0,2
1771926534.3182287,14.64,49.4,3.2,2
1771926542.9139202,15.155000000000001,49.9,3.2,2
1771926551.5651665,15.634999999999998,49.16,3.0,2
1771926560.0112028,15.625,49.38,3.1,2
1771926568.3160756,15.95,49.42,3.2,2
1771926576.8658345,15.815,49.03,3.0,2
1771926585.5178297,13.61,49.42,3.0,2
1771926594.1165051,15.805,49.54,3.0,2
1771926602.3220408,15.59,49.29,3.2,2
1771926610.913028,15.204999999999998,49.14,3.2,2
1771926619.1722515,16.009999999999998,49.660000000000004,3.2,2
1771926627.5132391,14.64,49.54,3.0,2
1771926635.563113,12.86,49.42,3.0,2
1771926643.6165235,15.83,49.419999999999995,2.6,2
1771926651.7151783,11.685,49.31,2.8,2
1771926660.115695,8.43,49.28,2.7,2
1771926668.1905873,12.585,49.32,2.4,2
1771926676.566513,7.59,49.43000000000001,2.0,2
1771926684.9127617,1.275,49.52,1.8,2
1771926692.9580252,5.095,49.31,1.4,2
1771926701.0106027,6.58,49.309999999999995,1.7000000000000002,2
1771926709.125421,3.975,48.95,1.0,2
1771926744.4345582,25.77,6.67,0.0,1
1771926750.4710636,8.36,6.52,3.0,1
1771926756.669172,8.55,6.51,1.0,1
1771926762.7023618,7.67,6.32,0.8,1
1771926768.7576802,10.44,6.32,1.8,1
1771926774.79864,17.29,6.54,1.8,1
1771926781.0587294,17.43,6.43,1.6,1
1771926787.3631198,15.8,6.68,1.4,1
1771926793.5024643,13.77,6.67,2.4,1
1771926799.7596333,22.86,6.55,2.2,1
1771926805.8058968,16.01,6.79,2.2,1
1771926812.164924,23.16,6.79,2.8,1
1771926820.4709575,17.08,50.44,2.8,2
1771926828.7019897,13.709999999999999,50.25,3.0,2
1771926836.8692741,15.48,48.64,3.2,2
1771926845.0117335,13.065000000000001,49.019999999999996,3.2,2
1771926853.322249,12.56,48.89,3.2,2
1771926861.713326,12.04,48.89,3.2,2
1771926870.3107045,16.175,47.81,3.2,2
1771926878.7639165,15.27,47.93,3.2,2
1771926887.207298,16.275,47.33,3.2,2
1771926895.9092925,12.47,43.58,3.2,2
1771926904.462002,15.455,43.83,3.2,2
1771926912.8153164,16.035,43.71,3.2,2
1771926921.4123106,14.245000000000001,43.95,3.2,2
1771926929.8325057,14.015,44.2,3.2,2
1771926938.1136115,14.240000000000002,44.08,3.2,2
1771926946.5135658,13.235,43.839999999999996,3.2,2
1771926954.813583,12.73,43.6,3.2,2
1771926963.212498,14.240000000000002,43.71,3.2,2
1771926971.608269,14.48,43.989999999999995,3.2,2
1771926980.0199397,14.524999999999999,43.72,3.2,2
1771926988.2089047,13.56,43.61,3.2,2
1771926996.664183,15.05,43.75,3.2,2
1771927005.018966,16.369999999999997,43.709999999999994,3.2,2
1771927013.2062907,11.895,43.730000000000004,3.2,2
1771927021.5627935,13.3,43.98,2.9,2
1771927029.61161,18.86,44.010000000000005,2.8,2
1771927037.8156614,8.85,44.370000000000005,2.6,2
1771927046.0123982,9.31,44.48,2.4,2
1771927054.211078,8.435,43.879999999999995,2.0,2
1771927062.2744257,13.635,44.0,1.7000000000000002,2
1771927070.3407733,4.09,44.11,1.4,2
1771927078.4809628,6.3100000000000005,41.48,1.8,2
1771927086.5224898,4.175,41.15,1.1,2
1771927094.5715864,4.01,41.26,0.6000000000000001,2
1771927102.806808,4.57,40.769999999999996,1.1,2
1771927135.5147827,26.43,6.53,0.0,1
1771927141.7587302,15.24,6.51,3.2,1
1771927147.7946935,8.02,6.55,1.8,1
1771927154.1899726,0.19,6.66,1.6,1
1771927160.2334917,8.93,6.91,1.8,1
1771927166.6951563,16.73,6.89,2.2,1
1771927173.165169,20.29,6.64,2.2,1
1771927179.4711325,15.9,6.91,2.4,1
1771927185.5660222,20.84,6.89,2.6,1
1771927191.8843017,25.3,6.79,2.8,1
1771927198.0718756,23.24,6.77,2.8,1
1771927206.5726104,12.905000000000001,49.839999999999996,3.0,2
1771927214.7188382,14.325,47.14,3.2,2
1771927223.0700393,16.5,46.06,3.2,2
1771927231.2825127,14.47,44.81,3.2,2
1771927241.7210612,9.58,81.6,3.2000000000000006,3
1771927252.2119262,9.450000000000001,79.25,3.2000000000000006,3
1771927262.769196,10.076666666666666,74.9,3.2000000000000006,3
1771927273.2672129,10.043333333333335,74.22,3.2000000000000006,3
1771927283.7728136,9.623333333333333,74.21,3.2000000000000006,3
1771927294.218549,9.423333333333334,71.65,3.2000000000000006,3
1771927304.7124383,9.4,71.9,3.2000000000000006,3
1771927315.0136986,9.65,70.62,3.2000000000000006,3
1771927325.5122993,8.64,69.53,3.2000000000000006,3
1771927336.0278592,9.646666666666667,67.38,3.2000000000000006,3
1771927346.323038,9.85,67.91,3.2000000000000006,3
1771927356.76959,9.549999999999999,64.0,3.2000000000000006,3
1771927366.9677362,9.686666666666666,64.37,3.2000000000000006,3
1771927377.2270162,9.683333333333332,64.58,3.2000000000000006,3
1771927387.5351346,8.02,64.21000000000001,3.0,3
1771927397.832195,7.966666666666668,61.72,2.9333333333333336,3
1771927407.926528,8.233333333333333,57.92,3.0,3
1771927418.1254318,8.806666666666667,43.06,2.3333333333333335,3
1771927428.3109262,2.236666666666667,42.63,1.8,3
1771927438.3821223,5.6933333333333325,39.57,1.8,3
1771927448.4547281,5.823333333333333,37.58,1.7333333333333334,3
1771927458.7239037,8.943333333333333,38.22,1.2,3
1771927468.7864475,6.7633333333333345,38.6,0.8666666666666667,3
1771927478.8478966,4.963333333333334,37.75,0.7999999999999999,3
1771927488.9156365,5.830000000000001,37.75,0.9333333333333332,3
1771927498.9639041,3.326666666666666,37.47,1.0666666666666667,3
1771927544.5695162,18.605,22.81,1.6,2
1771927552.6631787,12.875,22.36,2.0,2
1771927561.0740268,16.919999999999998,22.849999999999998,2.5,2
1771927569.1170478,15.305,23.1,2.5,2
1771927577.418643,12.105,22.869999999999997,3.1,2
1771927585.719725,12.625,23.01,3.1,2
1771927594.0695214,16.1,22.66,3.0,2
1771927602.3707938,16.505000000000003,22.88,3.2,2
1771927610.6819737,15.17,22.77,3.2,2
1771927618.9199476,14.825000000000001,22.770000000000003,3.2,2
1771927627.4689407,13.755,23.259999999999998,3.2,2
1771927636.11797,12.765,22.8,3.2,2
1771927644.4201941,12.275,22.73,3.2,2
1771927652.718776,11.82,22.62,3.2,2
1771927661.2727053,16.225,22.89,3.2,2
1771927669.9787781,13.2,22.77,3.2,2
1771927678.5706859,16.005,22.43,3.2,2
1771927687.2223206,12.780000000000001,22.56,3.2,2
1771927695.7628942,16.299999999999997,26.02,3.2,2
1771927704.3649724,15.05,26.17,3.2,2
1771927712.7648833,16.985,26.05,3.2,2
1771927721.16341,14.72,25.8,3.2,2
1771927729.682998,16.48,25.78,3.2,2
1771927738.0214372,14.129999999999999,25.799999999999997,3.2,2
1771927746.3666558,12.64,25.54,3.2,2
1771927754.723827,14.774999999999999,26.31,3.2,2
1771927763.0664659,14.705000000000002,25.689999999999998,3.0,2
1771927771.1653352,13.86,25.72,3.0,2
1771927779.269592,13.649999999999999,25.93,2.8,2
1771927787.769286,12.010000000000002,24.93,2.6,2
1771927796.0754151,9.95,24.61,2.5,2
1771927804.4098313,6.0,23.939999999999998,2.3,2
1771927812.718625,0.095,24.3,1.7000000000000002,2
1771927821.0227542,3.94,23.790000000000003,1.8,2
1771927829.064263,8.629999999999999,23.89,1.7000000000000002,2
1771927863.1070633,26.83,6.53,0.0,1
1771927869.598843,1.85,6.66,3.4,1
1771927875.6470988,17.39,6.66,1.4,1
1771927881.859616,9.79,6.79,1.2,1
1771927887.9028876,9.53,6.53,0.6,1
1771927894.0644207,9.91,6.41,1.0,1
1771927900.265015,8.66,6.28,1.4,1
1771927906.5714412,9.47,6.91,2.0,1
1771927912.6105065,17.55,6.65,1.4,1
1771927918.6537795,11.98,6.64,1.8,1
1771927924.9739265,13.46,6.53,2.0,1
1771927931.258052,18.79,6.89,2.4,1
1771927937.4580958,20.96,6.65,2.4,1
1771927943.4911392,21.02,6.78,2.6,1
1771927949.5770595,22.6,6.64,2.8,1
1771927958.4215777,11.774999999999999,50.74,2.8,2
1771927966.5159473,14.870000000000001,50.86,3.0,2
1771927974.7179232,11.815,50.36,3.3,2
1771927982.8898926,12.35,47.64,3.2,2
1771927991.2646446,17.015,46.91,3.4,2
1771927999.6077096,12.805,47.19,3.4,2
1771928007.9958107,17.085,46.900000000000006,3.4,2
1771928016.4189305,12.195,46.07,3.2,2
1771928024.8151526,17.465,45.440000000000005,3.4,2
1771928033.2005634,12.850000000000001,43.839999999999996,3.4,2
1771928041.6052525,17.450000000000003,43.47,3.4,2
1771928050.0005696,12.835,43.37,3.4,2
1771928058.6880143,11.945,37.89,3.4,2
1771928067.0295143,17.115000000000002,22.61,3.4,2
1771928075.4216964,11.905,22.66,3.4,2
1771928083.7899134,16.835,22.82,3.4,2
1771928092.1086884,12.4,22.41,3.4,2
1771928100.487323,16.18,22.41,3.4,2
1771928108.8295493,11.870000000000001,22.07,3.4,2
1771928117.1983783,17.075000000000003,22.34,3.4,2
1771928125.5966492,11.6,22.35,3.3,2
1771928134.206056,14.919999999999998,22.35,3.2,2
1771928142.5158327,12.78,22.009999999999998,3.2,2
1771928150.5897844,13.809999999999999,22.01,2.8,2
1771928158.6824164,13.445,21.89,2.8,2
1771928167.0968797,9.809999999999999,21.38,2.4,2
1771928175.1805873,6.94,21.78,2.4,2
1771928183.2968051,8.455,20.29,1.9,2
1771928191.59559,7.56,19.92,1.8,2
1771928199.9878185,8.68,20.43,1.8,2
1771928208.1074195,2.775,20.16,1.2999999999999998,2
1771928216.1656451,4.885,20.55,1.2,2
1771928224.2209508,0.01,19.93,1.2999999999999998,2
1771928261.4914112,26.61,6.44,0.0,1
1771928268.2172496,0.01,6.43,3.4,1
1771928274.2651749,8.63,6.56,1.2,1
1771928280.318132,5.09,6.56,1.2,1
1771928286.677275,17.71,6.69,1.8,1
1771928293.008137,10.81,6.68,1.8,1
1771928299.2839456,13.84,6.57,2.0,1
1771928305.3268757,22.72,6.56,2.2,1
1771928311.440893,24.69,6.56,2.4,1
1771928317.799138,22.79,6.69,2.2,1
1771928324.058226,22.07,6.79,2.8,1
1771928333.7674816,15.629999999999999,53.3,2.9,2
1771928342.268905,15.66,53.24,3.2,2
1771928350.6942887,11.735,50.25,3.3,2
1771928358.8844595,12.530000000000001,46.13,3.3,2
1771928367.1973052,16.64,45.769999999999996,3.4,2
1771928375.4999363,12.04,43.839999999999996,3.4,2
1771928383.8075786,17.395000000000003,41.93,3.4,2
1771928392.188084,13.030000000000001,30.36,3.4,2
1771928400.5722387,16.86,29.04,3.4,2
1771928409.2668226,17.665,28.08,3.4,2
1771928417.6188745,12.43,20.86,3.4,2
1771928426.2732449,12.3,21.25,3.4,2
1771928434.895232,12.76,21.009999999999998,3.4,2
1771928443.2092652,17.174999999999997,21.16,3.4,2
1771928451.55366,12.285,21.16,3.4,2
1771928459.8778896,17.82,20.8,3.4,2
1771928468.2003384,12.58,20.78,3.4,2
1771928476.8066952,11.905000000000001,20.92,3.4,2
1771928485.1648266,17.205,21.05,3.4,2
1771928493.498857,13.645,20.689999999999998,3.4,2
1771928501.6690075,12.225,20.83,3.2,2
1771928509.7766104,13.625,20.92,3.2,2
1771928518.181583,12.175,20.68,3.1,2
1771928526.4818306,8.629999999999999,20.4,3.0,2
1771928534.5532656,10.985,20.54,2.8,2
1771928542.6090372,8.280000000000001,20.55,2.8,2
1771928550.6717587,8.77,20.33,2.2,2
1771928558.8198733,9.25,20.7,1.8,2
1771928566.8829377,8.075,20.83,2.0,2
1771928574.948344,6.220000000000001,20.72,1.4,2
1771928583.0210657,2.57,20.35,1.6,2
1771928591.3083313,2.55,20.119999999999997,1.1,2
1771928599.3933947,4.285,20.119999999999997,0.9,2
1771928636.084258,25.47,6.43,0.2,1
1771928642.2628803,8.59,6.8,3.4,1
1771928648.3182518,8.49,6.56,1.6,1
1771928654.6000466,8.97,6.43,1.6,1
1771928660.8629677,15.73,6.29,1.6,1
1771928666.9966834,9.43,6.66,1.8,1
1771928673.3125222,16.88,6.41,1.8,1
1771928679.4588435,17.5,6.66,2.2,1
1771928685.5232358,20.78,6.67,2.4,1
1771928691.5890675,24.61,6.44,2.8,1
1771928697.716143,22.43,6.45,2.8,1
1771928707.0780244,9.21,51.43,2.9,2
1771928715.2654803,14.825,45.35,3.0,2
1771928723.6645563,15.92,27.83,3.2,2
1771928731.8816986,16.44,26.08,3.3,2
1771928743.562022,9.976666666666667,64.25,3.2000000000000006,3
1771928754.0756767,9.456666666666665,57.47,3.2000000000000006,3
1771928764.4902961,9.976666666666667,57.39,3.2000000000000006,3
1771928775.047984,10.38,54.050000000000004,3.2000000000000006,3
1771928785.5504603,10.54,51.37,3.2000000000000006,3
1771928796.08209,9.016666666666667,48.339999999999996,3.2000000000000006,3
1771928806.3948567,9.306666666666667,42.13,3.2000000000000006,3
1771928816.9736373,10.08,40.29,3.2000000000000006,3
1771928827.6849682,9.51,37.96,3.0666666666666664,3
1771928838.1237547,9.686666666666666,37.73,3.2000000000000006,3
1771928848.6232944,9.603333333333333,38.11,3.2000000000000006,3
1771928859.124281,9.173333333333334,36.9,3.2000000000000006,3
1771928869.6097775,10.103333333333333,36.79,3.2000000000000006,3
1771928880.0508287,9.76,36.81,3.266666666666667,3
1771928890.4546056,10.263333333333334,37.06,3.2000000000000006,3
1771928900.5448043,6.983333333333333,36.95,2.8666666666666667,3
1771928910.9025257,8.966666666666667,37.45,2.9333333333333336,3
1771928921.244734,9.313333333333333,36.6,2.6,3
1771928931.5808713,6.06,37.09,2.066666666666667,3
1771928941.8741472,2.64,37.1,1.7333333333333334,3
1771928952.129448,0.013333333333333334,36.769999999999996,1.8,3
1771928962.2172394,1.0799999999999998,36.91,1.3333333333333333,3
1771929004.535475,14.355,22.95,1.7,2
1771929039.5830033,24.67,6.71,0.4,1
1771929047.2215827,17.75,6.62,3.4,1
1771929053.3113213,17.39,6.46,2.2,1
1771929059.565411,16.2,6.46,2.2,1
1771929065.8672633,14.54,6.47,2.4,1
1771929071.982332,22.85,6.72,2.4,1
1771929081.1751795,11.725,44.54,2.8,2
1771929089.2645044,14.545,41.65,3.0,2
1771929097.5026374,13.54,35.22,3.0,2
1771929105.919199,16.605,35.230000000000004,3.2,2
1771929114.504401,12.64,33.94,3.2,2
1771929123.0066688,16.015,33.83,3.2,2
1771929131.528414,12.120000000000001,28.32,3.2,2
1771929140.0171137,16.85,25.259999999999998,3.2,2
1771929148.4194038,12.754999999999999,22.36,3.4,2
1771929156.9242392,17.195,22.32,3.2,2
1771929165.3239856,11.945,22.16,3.2,2
1771929173.77463,15.850000000000001,22.060000000000002,3.2,2
1771929182.2149334,12.940000000000001,21.740000000000002,3.2,2
1771929191.0032969,11.75,21.76,3.3,2
1771929199.4127069,16.845,21.61,3.2,2
1771929207.8658419,12.615,21.75,3.3,2
1771929216.311524,16.634999999999998,21.89,3.3,2
1771929224.7273092,12.295,21.78,3.2,2
1771929233.2103765,16.689999999999998,22.259999999999998,3.3,2
1771929241.6067646,12.57,21.66,3.3,2
1771929250.0660932,16.015,21.79,3.2,2
1771929258.2676108,16.259999999999998,21.810000000000002,3.2,2
1771929266.6068296,13.515,21.490000000000002,3.2,2
1771929274.8074,14.445,21.51,2.9,2
1771929282.994188,15.584999999999999,21.509999999999998,2.8,2
1771929291.3227005,8.55,21.64,2.6,2
1771929299.7014625,8.945,21.51,2.4,2
1771929308.0057638,8.445,21.77,2.3,2
1771929316.1276858,6.19,20.71,2.0,2
1771929324.450103,9.02,20.85,2.0,2
1771929332.508932,0.295,20.97,1.7000000000000002,2
1771929340.7069716,4.5649999999999995,20.96,1.5,2
1771929348.7550006,7.925,21.009999999999998,1.2,2
1771929384.6598194,25.26,6.95,0.2,1
1771929390.710141,7.66,6.72,3.2,1
1771929397.0612566,9.35,6.46,1.2,1
1771929403.1051338,7.98,6.58,1.0,1
1771929409.4646738,17.94,6.46,1.6,1
1771929415.6767704,14.96,6.71,1.6,1
1771929421.9809473,9.16,6.58,1.6,1
1771929428.473515,16.16,6.47,1.8,1
1771929434.540185,22.7,6.35,2.4,1
1771929440.6122012,19.14,6.72,2.4,1
1771929446.8820426,19.3,6.72,2.4,1
1771929456.4965675,8.175,47.7,2.7,2
1771929464.5515018,11.975,43.7,3.0,2
1771929472.7884555,11.940000000000001,28.44,3.1,2
1771929480.913876,12.55,27.98,3.2,2
1771929489.3241518,17.415,22.89,3.4,2
1771929497.7062066,12.22,23.04,3.4,2
1771929506.0117402,17.055,22.93,3.4,2
1771929514.4022658,11.865,22.94,3.4,2
1771929523.022848,12.184999999999999,22.84,3.4,2
1771929531.412814,17.035,23.43,3.4,2
1771929539.79676,11.93,22.81,3.4,2
1771929548.1903648,16.23,22.939999999999998,3.2,2
1771929556.599152,12.184999999999999,22.74,3.4,2
1771929565.0386868,16.535,22.75,3.3,2
1771929573.690333,16.03,23.400000000000002,3.4,2
1771929582.0856242,12.085,23.14,3.4,2
1771929590.4856687,17.16,22.9,3.4,2
1771929599.115674,17.28,23.03,3.4,2
1771929607.4945948,12.155000000000001,23.29,3.4,2
1771929615.8655035,15.765,22.8,3.4,2
1771929624.0131319,17.335,23.01,3.2,2
1771929632.3925698,11.68,22.89,3.4,2
1771929640.76992,14.48,23.28,3.3,2
1771929649.1018205,13.595,22.67,3.2,2
1771929657.3825784,12.5,22.8,3.0,2
1771929665.6005082,8.89,23.17,2.9,2
1771929673.6595314,9.844999999999999,23.060000000000002,2.4,2
1771929681.7866817,5.415,23.06,2.3,2
1771929689.8412638,8.655,22.82,2.0,2
1771929697.907849,8.025,22.69,1.7000000000000002,2
1771929705.9584846,4.345,22.94,1.4,2
1771929714.1120343,6.055,22.71,1.4,2
1771929722.1792526,7.27,22.849999999999998,1.4,2
1771929760.6052964,26.49,6.57,0.0,1
1771929766.6713076,9.2,6.46,3.0,1
1771929772.73643,0.01,6.34,1.2,1
1771929778.7931333,6.82,6.46,1.2,1
1771929784.975596,16.53,6.34,1.2,1
1771929791.3617756,14.94,6.71,1.6,1
1771929797.4090714,12.89,6.47,1.6,1
1771929803.5893703,16.77,6.72,1.4,1
1771929809.7181938,11.31,6.47,2.0,1
1771929815.9997294,18.6,6.6,2.2,1
1771929822.2711961,21.43,6.61,2.4,1
1771929828.558388,17.45,6.7,2.6,1
1771929834.7748377,23.28,6.59,2.8,1
1771929844.4041872,16.73,55.62,3.2,2
1771929852.7663124,15.465,48.48,3.2,2
1771929860.9878893,16.150000000000002,42.800000000000004,3.2,2
1771929869.324624,13.12,35.06,3.4,2
1771929880.677214,9.646666666666667,66.57,3.3333333333333335,3
1771929890.9225724,9.459999999999999,58.75,3.3333333333333335,3
1771929901.5124044,10.443333333333333,56.75,3.4,3
1771929912.0670416,9.59,40.75,3.4,3
1771929922.3185763,9.023333333333333,39.21,3.4,3
1771929932.9291596,9.24,38.99,3.4,3
1771929943.5009196,10.103333333333333,38.989999999999995,3.4,3
1771929954.097985,9.396666666666667,38.230000000000004,3.266666666666667,3
1771929964.6788652,8.966666666666667,38.36,3.4,3
1771929975.2904708,11.146666666666667,38.5,3.4,3
1771929985.8596933,9.516666666666666,38.99,3.4,3
1771929996.3243933,9.776666666666666,38.89,3.4,3
1771930006.892178,8.816666666666666,38.16,3.266666666666667,3
1771930017.2078872,9.12,37.74,3.2000000000000006,3
1771930027.4213912,8.783333333333333,37.230000000000004,3.1333333333333333,3
1771930037.7588391,7.933333333333334,37.92,3.0,3
1771930047.895203,9.003333333333332,37.44,2.7999999999999994,3
1771930058.2890544,8.033333333333333,37.35,2.3333333333333335,3
1771930068.3513026,7.146666666666667,37.71,2.1333333333333333,3
1771930078.556995,7.18,37.61,1.9333333333333333,3
1771930088.8239088,4.19,37.62,1.5333333333333332,3
1771930099.1704824,0.14333333333333334,37.5,1.4666666666666668,3
1771930109.2283218,0.14,37.25,1.0,3
1771930119.2730594,4.05,37.25,0.6666666666666666,3
1771930164.3837934,15.829999999999998,21.95,1.7,2
1771930172.6734304,8.965,21.82,1.8,2
1771930180.7257328,9.48,21.83,1.7000000000000002,2
1771930189.0681198,9.205,21.66,2.2,2
1771930197.1388068,8.594999999999999,21.89,2.5,2
1771930205.3278759,13.01,21.77,2.7,2
1771930213.4895346,13.365,21.77,2.7,2
1771930221.5307267,14.66,21.9,2.9,2
1771930229.8742812,14.73,21.92,3.0,2
1771930237.992165,12.01,22.04,3.2,2
1771930246.3674858,16.805,22.28,3.4,2
1771930254.7177556,12.34,22.47,3.4,2
1771930263.0651557,16.645000000000003,22.22,3.4,2
1771930271.40581,11.735,22.32,3.4,2
1771930279.7089162,16.92,22.22,3.4,2
1771930288.0173428,12.465,22.45,3.4,2
1771930296.38506,16.73,22.46,3.4,2
1771930304.7045212,12.105,22.27,3.4,2
1771930313.386545,11.850000000000001,17.17,3.4,2
1771930321.7052402,16.755000000000003,16.810000000000002,3.4,2
1771930330.091561,11.99,20.29,3.4,2
1771930338.4231315,17.439999999999998,20.67,3.4,2
1771930346.807027,13.09,19.1,3.4,2
1771930355.1982856,17.5,18.85,3.3,2
1771930363.6302311,13.135,17.98,3.4,2
1771930372.2958238,11.54,15.22,3.4,2
1771930380.622645,17.1,15.280000000000001,3.4,2
1771930388.7679253,15.705,14.940000000000001,3.2,2
1771930397.1898956,13.39,14.83,3.1,2
1771930405.4212086,12.940000000000001,14.58,3.0,2
1771930413.791736,12.739999999999998,14.62,3.0,2
1771930421.8645275,9.594999999999999,14.65,2.6,2
1771930429.936322,12.17,14.48,2.2,2
1771930438.364087,9.525,14.61,2.3,2
1771930446.5166175,4.845,14.36,1.9,2
1771930454.578858,12.305,14.68,1.7000000000000002,2
1771930462.6972685,7.835,14.45,2.0,2
1771930471.322084,7.215,14.33,1.1,2
1771930479.3770463,0.01,14.33,1.4,2
1771930487.4382858,4.71,14.09,1.2,2
1771930495.7078948,3.85,14.17,1.1,2
1771930532.2923126,25.46,6.52,0.0,1
1771930539.2140093,7.78,6.4,3.4,1
1771930545.2593887,11.82,6.77,1.8,1
1771930551.300505,11.47,6.66,1.8,1
1771930557.5602276,17.62,6.66,2.2,1
1771930563.6105065,16.57,6.78,2.4,1
1771930569.903486,18.2,7.04,2.4,1
1771930576.0597575,18.07,6.76,2.6,1
1771930582.3100042,22.74,6.54,2.8,1
1771930588.5642452,22.68,6.54,2.8,1
1771930598.2805195,14.07,47.04,3.0,2
1771930606.4802513,14.495000000000001,47.300000000000004,3.0,2
1771930615.0018137,16.384999999999998,39.150000000000006,3.2,2
1771930623.5034084,12.46,32.019999999999996,3.2,2
1771930632.0017734,16.21,23.4,3.2,2
1771930640.4285188,12.14,23.65,3.2,2
1771930648.9113328,16.235,23.67,3.3,2
1771930657.4036303,12.68,23.450000000000003,3.2,2
1771930665.8630304,15.850000000000001,24.04,3.2,2
1771930674.433248,13.215,23.259999999999998,3.2,2
1771930682.9302344,17.22,23.060000000000002,3.2,2
1771930691.4276288,11.985,23.1,3.2,2
1771930699.9705849,15.715,22.990000000000002,3.2,2
1771930708.5046554,13.0,23.01,3.2,2
1771930716.9776611,16.205,23.020000000000003,3.2,2
1771930725.4206111,12.254999999999999,23.77,3.2,2
1771930733.919546,17.17,21.919999999999998,3.2,2
1771930742.4090314,12.350000000000001,21.55,3.2,2
1771930750.619284,12.89,21.2,3.2,2
1771930759.1141112,16.59,21.32,3.2,2
1771930767.3002028,16.5,21.58,3.2,2
1771930775.5020227,14.84,21.47,3.2,2
1771930783.6214087,14.84,21.35,3.0,2
1771930791.6944253,9.280000000000001,20.439999999999998,3.0,2
1771930799.905714,9.04,20.21,2.5,2
1771930808.2728164,11.29,20.59,2.6,2
1771930816.411955,13.3,20.47,2.2,2
1771930824.7717917,5.239999999999999,20.72,2.0,2
1771930832.8260558,10.334999999999999,20.6,1.7000000000000002,2
1771930840.8944755,6.43,20.68,1.2,2
1771930849.0715513,4.59,20.43,1.4,2
1771930857.1437297,4.56,19.93,1.0,2
1771930865.2209501,4.015,20.060000000000002,1.1,2
1771930873.3454096,7.3,20.41,0.8,2
1771930909.8160388,25.21,6.55,0.2,1
1771930917.2040942,7.15,22.17,3.2,1
1771930923.5905137,7.57,21.82,1.6,1
1771930929.7788959,12.51,21.77,1.8,1
1771930936.200635,14.74,21.72,2.0,1
1771930942.2523005,23.57,21.6,2.2,1
1771930948.297025,21.94,21.35,2.2,1
1771930954.4653974,21.54,21.6,2.6,1
1771930960.658735,23.09,12.12,2.6,1
1771930970.3851829,8.934999999999999,52.68,2.8,2
1771930978.6694565,12.295,50.47,3.2,2
1771930986.8846526,11.825,47.47,3.2,2
1771930995.271208,16.855,35.379999999999995,3.4,2
1771931003.5910654,12.43,29.839999999999996,3.4,2
1771931011.8735387,16.939999999999998,29.93,3.4,2
1771931020.1892471,12.555,28.32,3.4,2
1771931028.4718313,16.775,27.740000000000002,3.4,2
1771931037.0748394,16.939999999999998,27.439999999999998,3.4,2
1771931045.6179912,16.685,27.490000000000002,3.4,2
1771931054.2140393,17.595,27.130000000000003,3.4,2
1771931062.8026838,17.245,25.61,3.4,2
1771931071.0929484,12.11,26.0,3.4,2
1771931079.7139003,12.01,26.04,3.4,2
1771931088.3220756,12.115,25.92,3.4,2
1771931096.9086347,12.625,25.95,3.4,2
1771931105.208195,17.22,25.83,3.4,2
1771931113.5048454,12.739999999999998,25.96,3.4,2
1771931121.8187704,16.939999999999998,26.1,3.4,2
1771931130.1107662,12.35,25.61,3.4,2
1771931138.3951492,16.68,25.88,3.4,2
1771931146.7845147,12.24,25.33,3.3,2
1771931155.199181,11.92,25.36,3.2,2
1771931163.4658246,14.52,25.11,3.0,2
1771931171.805185,11.845,24.99,2.6,2
1771931180.2718353,11.225,25.130000000000003,2.4,2
1771931188.4101589,6.699999999999999,25.07,2.3,2
1771931196.6938934,6.115,24.95,2.1,2
1771931204.966806,0.215,24.57,1.9,2
1771931213.1827776,9.495000000000001,24.950000000000003,1.9,2
1771931221.2378964,7.26,24.33,1.2999999999999998,2
1771931258.0089772,25.35,10.7,0.8,1
1771931264.4639924,0.01,10.84,3.4,1
1771931270.5640943,9.45,10.61,0.6,1
1771931276.6657357,0.09,10.61,1.0,1
1771931282.865037,5.13,10.87,1.2,1
1771931288.9418795,7.82,10.86,1.6,1
1771931294.9815125,15.09,10.86,1.2,1
1771931301.023029,21.72,10.62,1.6,1
1771931307.3591354,15.68,11.11,1.4,1
1771931313.7098475,16.54,10.74,1.8,1
1771931319.8973687,16.57,10.75,2.2,1
1771931326.061303,20.37,10.99,2.6,1
1771931332.260029,20.15,11.19,2.2,1
1771931338.4812026,23.27,11.07,2.8,1
1771931348.2785149,13.61,58.68,3.0,2
1771931356.4895837,13.315000000000001,58.83,3.2,2
1771931364.5449328,14.350000000000001,58.72,3.2,2
1771931372.7827275,16.395,55.79,3.2,2
1771931384.389506,9.463333333333333,68.03,3.4,3
1771931394.879728,11.386666666666665,61.81,3.4,3
1771931405.3483346,9.04,58.89,3.4,3
1771931415.8100977,9.033333333333333,50.85,3.4,3
1771931426.0919745,9.34,41.07,3.4,3
1771931436.5892284,10.906666666666666,40.35,3.4,3
1771931447.1276686,8.65,41.0,3.4,3
1771931457.6850095,9.693333333333333,40.27,3.4,3
1771931468.1598887,10.31,40.66,3.4,3
1771931478.604237,8.883333333333333,41.15,3.4,3
1771931488.8580313,8.853333333333333,40.21,3.4,3
1771931499.4044576,9.84,37.64,3.4,3
1771931509.8983643,10.51,38.05,3.4,3
1771931520.1781256,10.633333333333333,37.8,3.266666666666667,3
1771931530.3682542,8.040000000000001,37.98,3.2000000000000006,3
1771931540.71092,9.32,38.0,3.2000000000000006,3
1771931550.7800019,8.316666666666666,38.14,2.733333333333333,3
1771931561.2730837,5.84,37.76,2.4,3
1771931571.5959804,0.84,38.92,2.0,3
1771931581.6859953,4.6433333333333335,39.05,1.7333333333333334,3
1771931592.061773,0.01,38.95,1.6666666666666667,3
1771931635.2635138,15.075,25.4,2.0,2
1771931643.3607543,4.42,24.9,0.8,2
1771931651.4437835,9.625,25.28,1.2999999999999998,2
1771931659.5473132,0.22,25.64,1.2999999999999998,2
1771931667.6369767,7.455,25.200000000000003,1.4,2
1771931675.9979665,5.87,24.89,1.8,2
1771931711.503134,26.46,10.91,0.0,1
1771931721.6272469,25.2,10.92,3.4,1
1771931727.9648438,25.12,10.79,3.0,1
1771931734.3846045,25.47,10.67,3.2,1
1771931744.885555,12.51,60.209999999999994,3.3,2
1771931753.186151,16.655,53.879999999999995,3.4,2
1771931761.49584,12.235,52.85,3.4,2
1771931770.096768,12.545,32.28,3.4,2
1771931781.6150084,10.233333333333334,69.01,3.4,3
1771931792.213189,9.156666666666666,62.91,3.4,3
1771931802.721744,9.356666666666667,63.010000000000005,3.4,3
1771931813.029129,9.57,59.45,3.3333333333333335,3
1771931823.7440453,10.81,40.18,3.4,3
1771931834.3288932,9.54,38.99,3.266666666666667,3
1771931844.8686087,9.523333333333333,38.9,3.4,3
1771931855.4142992,10.57,38.519999999999996,3.4,3
1771931865.9959798,8.983333333333333,38.22,3.4,3
1771931876.5033355,9.16,36.75,3.4,3
1771931886.7216108,9.796666666666667,36.230000000000004,3.4,3
1771931897.0098512,9.93,36.31,3.3333333333333335,3
1771931907.3278863,9.596666666666666,35.32,3.2000000000000006,3
1771931917.517536,8.043333333333333,35.71,3.2000000000000006,3
1771931928.0813103,9.176666666666668,36.22,2.7999999999999994,3
1771931938.171662,3.2433333333333336,34.89,2.3333333333333335,3
1771931948.4896145,8.91,35.14,2.4,3
1771931958.5922918,6.43,35.15,2.2,3
1771931968.6437588,3.233333333333334,34.79,1.5999999999999999,3
1771931979.0081675,4.193333333333333,34.910000000000004,1.4666666666666668,3
1771931989.070717,0.14,35.04,1.0666666666666667,3
1771932031.2011359,13.309999999999999,21.78,2.0,2
1771932039.5560997,2.88,20.75,1.0,2
1771932047.623912,8.844999999999999,21.07,1.2999999999999998,2
1771932055.732504,9.275,28.79,1.4,2
1771932063.7850864,0.885,26.839999999999996,1.7000000000000002,2
1771932072.1640818,8.645,20.490000000000002,1.9,2
1771932080.5190837,9.795,20.5,2.4,2
1771932088.5951757,8.585,19.63,2.7,2
1771932096.6625786,14.920000000000002,19.619999999999997,2.7,2
1771932105.124485,11.65,19.53,2.9,2
1771932113.5106568,15.120000000000001,19.549999999999997,3.2,2
1771932121.7784307,15.69,19.82,3.2,2
1771932130.1086404,12.295,18.59,3.4,2
1771932138.6843238,12.629999999999999,18.840000000000003,3.4,2
1771932147.2928889,12.510000000000002,16.88,3.4,2
1771932155.5712056,16.645,16.52,3.4,2
1771932164.2058146,17.525,16.65,3.4,2
1771932172.4878051,12.325,16.39,3.4,2
1771932180.794237,17.19,16.669999999999998,3.4,2
1771932189.396454,16.735,16.14,3.4,2
1771932197.9930112,17.045,16.68,3.4,2
1771932209.8240361,9.246666666666668,61.53,3.4,3
1771932220.1835554,8.986666666666666,57.879999999999995,3.2000000000000006,3
1771932230.7314591,9.17,51.47,3.2000000000000006,3
1771932241.1734273,9.913333333333334,45.74,3.2000000000000006,3
1771932251.5237672,9.223333333333334,35.44,3.2000000000000006,3
1771932261.9361312,10.043333333333335,33.18,3.2000000000000006,3
1771932272.322678,9.563333333333333,33.11,3.3333333333333335,3
1771932282.5290537,8.66,32.92,3.266666666666667,3
1771932292.8209865,7.923333333333333,33.69,3.0666666666666664,3
1771932303.2167373,7.37,33.47,2.7999999999999994,3
1771932313.4185388,5.89,33.480000000000004,2.533333333333333,3
1771932323.9322252,7.556666666666666,33.66,2.4,3
1771932334.0277853,7.96,32.21,1.7333333333333334,3
1771932344.1924772,3.75,31.75,1.8,3
1771932354.2577107,2.8966666666666665,31.48,1.4000000000000001,3
1771932364.3355687,1.5366666666666664,30.88,1.4000000000000001,3
1771932406.0002272,12.809999999999999,15.8,1.9,2
1771932441.7989323,26.3,6.45,0.4,1
1771932450.607694,25.27,6.46,3.4,1
1771932456.8819585,14.2,6.36,2.2,1
1771932462.96822,22.35,6.35,2.8,1
1771932472.4100997,10.355,45.09,2.6,2
1771932480.67486,12.445,21.0,3.0,2
1771932489.23144,15.36,20.68,3.0,2
1771932497.4762855,16.185,20.81,3.2,2
1771932505.724303,16.13,20.98,3.2,2
1771932514.216476,12.125,20.75,3.2,2
1771932522.9255533,16.465,20.75,3.2,2
1771932531.4072328,13.07,20.79,3.2,2
1771932539.8703623,16.0,21.06,3.2,2
1771932548.4045327,12.620000000000001,20.89,3.2,2
1771932556.9387102,16.695,21.27,3.2,2
1771932565.512299,12.775,21.66,3.2,2
1771932574.0708764,16.45,21.43,3.2,2
1771932582.6023314,11.620000000000001,21.68,3.2,2
1771932591.0639088,16.3,21.21,3.2,2
1771932599.3149555,16.065,21.71,3.2,2
1771932607.5641847,16.195,21.22,3.2,2
1771932615.905186,16.425,21.59,3.2,2
1771932624.1182265,16.315,21.48,3.2,2
1771932632.6988912,12.745000000000001,21.490000000000002,3.2,2
1771932640.89956,12.845,22.240000000000002,3.2,2
1771932649.1058588,12.49,21.64,3.2,2
1771932657.4364314,13.575000000000001,21.54,3.2,2
1771932665.6201775,13.805,21.53,3.2,2
1771932673.6806812,14.635,21.4,2.8,2
1771932681.8650625,12.215,21.57,2.8,2
1771932690.2005022,8.585,21.18,2.7,2
1771932698.2949903,13.695,21.44,2.3,2
1771932706.6645498,9.49,21.32,2.1,2
1771932714.7223816,9.93,21.56,2.0,2
1771932722.7710376,6.925,21.43,1.8,2
1771932730.831763,9.215,21.32,1.4,2
1771932738.88272,4.71,21.450000000000003,1.5,2
1771932746.9431367,8.635,21.22,1.0,2
1771932755.0004191,0.12,21.22,1.2999999999999998,2
1771932763.058236,4.3149999999999995,21.6,0.7,2
1771932771.1153913,0.01,21.46,1.1,2
1771932807.4390876,25.57,6.53,0.0,1
1771932815.1618235,23.01,6.65,3.4,1
1771932821.21761,17.69,6.41,1.8,1
1771932827.565311,17.46,6.65,1.8,1
1771932833.6069186,20.57,6.27,2.2,1
1771932839.7601626,21.28,6.28,2.4,1
1771932848.6764693,11.844999999999999,49.84,2.4,2
1771932856.9854052,13.125,49.53,2.8,2
1771932865.164187,12.135,47.95,3.0,2
1771932873.4586463,11.805,48.459999999999994,3.2,2
1771932881.8200495,17.14,46.75,3.2,2
1771932890.1756747,12.955,46.379999999999995,3.4,2
1771932898.4843965,16.545,45.129999999999995,3.4,2
1771932906.7926462,13.125,45.15,3.4,2
1771932915.10241,17.585,44.410000000000004,3.4,2
1771932923.4082212,12.115,43.92,3.4,2
1771932932.0673857,11.97,44.04,3.4,2
1771932940.6705308,12.805,43.46,3.4,2
1771932949.287685,12.57,43.48,3.4,2
1771932957.6013753,17.990000000000002,43.48,3.4,2
1771932965.9593205,12.004999999999999,43.550000000000004,3.4,2
1771932974.2782874,17.005000000000003,43.9,3.4,2
1771932982.5930977,12.57,43.89,3.4,2
1771932990.898083,17.56,43.76,3.4,2
1771932999.2099369,12.43,43.089999999999996,3.4,2
1771933007.5861988,16.11,43.959999999999994,3.4,2
1771933015.8876731,12.775,43.33,3.4,2
1771933024.2631876,14.985,43.449999999999996,3.4,2
1771933032.6686208,12.985,43.489999999999995,3.4,2
1771933041.06802,11.205,43.1,3.2,2
1771933049.27899,11.24,43.57,3.0,2
1771933057.3637571,13.01,43.24,2.9,2
1771933065.470625,9.18,43.21,2.6,2
1771933073.5623348,11.32,43.83,2.6,2
1771933081.9139752,9.145,43.11,1.9,2
1771933089.9740057,11.05,43.099999999999994,1.7000000000000002,2
1771933098.1604965,8.975,43.349999999999994,1.8,2
1771933106.2170365,0.07500000000000001,43.47,1.5,2
1771933114.6801157,3.1799999999999997,43.23,1.2999999999999998,2
1771933123.0643797,2.995,43.35,1.4,2
1771933156.4662974,25.31,6.56,0.6,1
1771933162.5968487,7.36,6.42,3.4,1
1771933168.6432972,2.12,6.43,1.6,1
1771933174.6855512,7.77,6.43,1.4,1
1771933180.8707476,5.89,6.44,1.8,1
1771933187.1592896,8.21,6.68,2.0,1
1771933193.3004048,13.97,6.67,1.8,1
1771933199.5650465,13.28,6.68,2.2,1
1771933205.6009796,17.35,6.43,2.4,1
1771933211.9587579,19.42,6.31,2.2,1
1771933218.2653112,25.12,6.21,2.4,1
1771933224.4820802,22.46,6.7,2.8,1
1771933230.8674023,20.81,6.46,3.0,1
1771933239.2779794,14.965,44.75,3.2,2
1771933247.768822,13.145,44.76,3.3,2
1771933256.1113052,17.125,45.0,3.4,2
1771933264.47782,12.695,45.0,3.4,2
1771933275.0937824,9.986666666666666,76.5,3.3333333333333335,3
1771933285.4767592,10.253333333333332,76.53,3.3333333333333335,3
1771933295.7872517,9.046666666666667,76.49,3.2000000000000006,3
1771933306.1826885,10.39,76.51,3.2000000000000006,3
1771933316.8409705,9.496666666666666,76.75,3.266666666666667,3
1771933327.1375961,9.18,76.12,3.4,3
1771933337.4784403,9.193333333333333,76.77,3.2000000000000006,3
1771933347.8790755,9.299999999999999,77.34,3.2000000000000006,3
1771933358.4784024,9.483333333333333,70.12,3.3333333333333335,3
1771933368.8686068,9.353333333333333,70.38,3.2000000000000006,3
1771933379.195567,9.603333333333333,70.38,3.4,3
1771933389.566598,8.98,66.11,3.266666666666667,3
1771933399.8875475,9.61,66.33,3.2000000000000006,3
1771933410.2924833,8.973333333333334,66.23,3.2000000000000006,3
1771933420.6835017,8.596666666666666,66.23,3.0666666666666664,3
1771933430.8784397,9.15,66.34,3.0666666666666664,3
1771933440.9727356,9.19,66.12,2.7999999999999994,3
1771933451.1382346,3.6933333333333334,65.73,2.3333333333333335,3
1771933461.470512,5.253333333333334,66.22,2.066666666666667,3
1771933471.671499,1.1133333333333333,66.58,1.7333333333333334,3
1771933481.727045,5.640000000000001,65.99000000000001,1.3333333333333333,3
1771933491.7801583,2.7099999999999995,66.25,0.9333333333333332,3
1771933530.3759537,5.24,34.07,1.5,2
1771933565.7841554,26.67,6.34,0.0,1
1771933573.8018732,22.88,6.45,3.4,1
1771933579.8946285,16.85,6.32,1.8,1
1771933586.0591002,13.35,6.22,2.2,1
1771933592.0952187,17.11,6.47,2.2,1
1771933598.2051942,18.56,6.36,2.6,1
1771933604.3657224,23.13,6.58,2.6,1
1771933612.9917796,11.305,49.36,3.0,2
1771933621.2275386,11.719999999999999,49.489999999999995,3.1,2
1771933629.3812575,12.92,49.64,3.2,2
1771933637.6059518,12.35,49.38,3.3,2
1771933645.9760385,17.395,49.870000000000005,3.4,2
1771933654.2793603,12.51,48.72,3.4,2
1771933662.6074462,17.755,49.06,3.4,2
1771933671.210218,17.55,48.85,3.4,2
1771933679.5087597,11.629999999999999,48.839999999999996,3.4,2
1771933687.8737154,17.42,48.59,3.4,2
1771933696.502378,17.84,48.95,3.4,2
1771933704.8170617,11.5,48.190000000000005,3.4,2
1771933713.1787863,16.965,48.73,3.4,2
1771933721.4702218,12.135,47.120000000000005,3.4,2
1771933729.7743225,17.45,46.87,3.4,2
1771933738.086709,11.98,47.03,3.4,2
1771933746.4039102,17.075000000000003,46.63,3.4,2
1771933754.703309,12.215,46.76,3.4,2
1771933763.008036,17.16,46.96,3.4,2
1771933771.3715444,12.07,46.87,3.4,2
1771933779.6816273,15.7,46.51,3.4,2
1771933787.792405,14.875,42.86,3.3,2
1771933796.1635153,14.45,43.370000000000005,3.2,2
1771933804.496605,9.305,43.01,3.0,2
1771933812.6988747,11.145,43.1,2.6,2
1771933820.7686396,11.19,42.86,2.4,2
1771933829.0640903,8.575,42.87,2.4,2
1771933837.3750436,9.58,42.86,2.2,2
1771933845.429371,8.655000000000001,43.47,1.7000000000000002,2
1771933853.489959,4.285,43.22,1.2999999999999998,2
1771933861.5370324,9.265,42.989999999999995,1.6,2
1771933869.779454,4.36,43.47,1.1,2
1771933877.9810114,3.055,43.35,1.2999999999999998,2
1771933886.036089,7.824999999999999,42.989999999999995,1.1,2
1771933920.0858278,26.37,6.87,0.0,1
1771933927.1720188,7.65,6.62,3.4,1
1771933933.359224,18.29,6.73,1.8,1
1771933939.395991,7.48,6.61,2.0,1
1771933945.704084,15.16,6.62,1.8,1
1771933951.8132913,15.6,6.51,1.8,1
1771933958.2692215,11.24,6.76,1.8,1
1771933964.3601441,13.48,6.88,2.4,1
1771933970.5690432,16.4,6.88,2.6,1
1771933976.6124246,21.48,6.79,2.6,1
1771933982.6909308,23.02,6.76,3.0,1
1771933989.0666456,23.03,6.5,3.2,1
1771933997.545417,12.4,49.169999999999995,3.1,2
1771934005.977417,12.545000000000002,49.28,3.2,2
1771934014.4719574,16.465,48.9,3.2,2
1771934022.8769808,13.705,49.99,3.3,2
1771934031.3009236,15.760000000000002,49.55,3.2,2
1771934039.7882893,12.055,49.309999999999995,3.3,2
1771934048.264561,16.185,48.900000000000006,3.4,2
1771934056.671449,13.125,49.290000000000006,3.3,2
1771934065.0877018,16.755000000000003,49.04,3.2,2
1771934073.5670831,13.315,49.53,3.4,2
1771934081.8963673,17.125,49.04,3.4,2
1771934090.3466353,12.74,49.2,3.3,2
1771934098.7722325,16.465,48.92,3.2,2
1771934107.2409167,12.395,49.16,3.2,2
1771934115.588666,16.745,49.05,3.4,2
1771934124.0672581,13.004999999999999,49.17,3.2,2
1771934132.49051,17.325,48.67,3.2,2
1771934140.8875282,12.135,49.05,3.4,2
1771934149.289903,17.34,49.27,3.4,2
1771934157.767656,13.945,48.9,3.2,2
1771934166.0698912,13.325,48.94,3.2,2
1771934174.3644462,15.685,49.43,3.0,2
1771934182.6787632,8.835,49.06,2.8,2
1771934190.7665687,8.885,48.94,2.8,2
1771934198.9745297,8.58,49.18,2.4,2
1771934207.0222936,8.504999999999999,49.43,2.4,2
1771934215.069437,5.109999999999999,49.19,1.8,2
1771934223.280021,8.22,49.44,2.1,2
1771934231.3268282,4.86,49.07,1.5,2
1771934239.5478892,7.71,49.32,1.8,2
1771934247.66355,9.695,49.82,1.5,2
1771934255.7151487,1.3099999999999998,48.06,1.2999999999999998,2
1771934263.762716,4.03,48.57,1.1,2
1771934272.0821228,4.14,48.81,1.2,2
1771934306.1106725,27.22,6.64,0.0,1
1771934312.584796,10.7,6.64,3.4,1
1771934318.802665,12.36,6.89,2.2,1
1771934324.8385785,11.15,6.62,2.0,1
1771934330.8768933,14.85,6.63,2.0,1
1771934337.1767974,19.01,6.78,2.2,1
1771934343.213732,23.7,6.63,2.4,1
1771934349.3840737,24.02,6.75,2.4,1
1771934355.4635189,18.87,6.6,2.6,1
1771934364.1079967,14.805,39.45,2.8,2
1771934372.263595,15.3,39.17,3.2,2
1771934380.6945465,16.54,39.19,3.1,2
1771934389.0949264,12.18,39.06999999999999,3.4,2
1771934397.4649472,16.22,39.67,3.4,2
1771934405.8215795,12.535,39.459999999999994,3.4,2
1771934414.211873,17.130000000000003,39.22,3.4,2
1771934422.6016033,12.55,39.449999999999996,3.4,2
1771934431.006725,17.245,39.84,3.4,2
1771934439.3984241,12.82,39.2,3.4,2
1771934447.7878141,16.51,39.449999999999996,3.4,2
1771934456.4919035,16.505,39.36,3.4,2
1771934464.8830712,11.91,39.209999999999994,3.4,2
1771934473.2865477,16.405,39.46,3.4,2
1771934481.6169975,13.115,39.22,3.4,2
1771934490.0028894,16.96,39.79,3.4,2
1771934498.3832457,11.99,38.75,3.4,2
1771934506.7149951,17.435000000000002,39.0,3.4,2
1771934515.1090763,12.605,39.15,3.4,2
1771934523.1974552,11.995,38.82,3.4,2
1771934531.2982316,13.790000000000001,39.09,3.2,2
1771934539.510635,12.795000000000002,38.85,3.2,2
1771934547.6877832,14.675,38.760000000000005,3.2,2
1771934555.9814272,11.280000000000001,38.35,3.0,2
1771934564.090174,8.31,38.49,2.8,2
1771934572.16236,10.735,38.49,2.7,2
1771934580.2091553,11.01,38.589999999999996,2.6,2
1771934588.2614262,13.469999999999999,38.36,2.4,2
1771934596.382938,8.475,38.49,1.8,2
1771934604.434378,3.795,39.1,1.4,2
1771934612.4824781,0.04,38.61,1.4,2
1771934620.5227156,4.595,38.480000000000004,1.2,2
1771934628.774754,4.48,38.61,1.1,2
1771934662.487898,26.73,6.39,0.0,1
1771934668.9873903,0.01,6.28,3.4,1
1771934675.0236819,9.99,6.52,1.6,1
1771934681.207872,0.01,6.4,1.4,1
1771934687.398488,16.4,6.52,1.4,1
1771934693.431487,19.73,6.65,1.8,1
1771934699.4691133,17.04,6.26,1.4,1
1771934705.5950768,12.75,6.3,2.0,1
1771934711.6301954,15.84,6.62,2.2,1
1771934717.9669325,18.91,6.37,2.6,1
1771934724.1592996,17.49,6.71,2.6,1
1771934730.4666135,24.34,6.42,2.6,1
1771934738.7972326,13.254999999999999,46.339999999999996,3.0,2
1771934747.090679,13.285,46.7,3.2,2
1771934755.4719136,13.355,46.339999999999996,3.2,2
1771934763.695022,12.71,46.48,3.4,2
1771934772.0772076,17.655,46.36,3.4,2
1771934780.3807418,11.955,46.84,3.4,2
1771934788.7058063,17.11,46.839999999999996,3.4,2
1771934797.0743897,12.355,46.45,3.4,2
1771934805.6905332,12.165,46.480000000000004,3.4,2
1771934813.997244,16.705000000000002,46.5,3.4,2
1771934822.3064911,12.515,44.59,3.4,2
1771934830.6154158,17.314999999999998,44.17,3.4,2
1771934838.9917388,12.05,44.519999999999996,3.4,2
1771934847.302592,17.705,45.120000000000005,3.4,2
1771934855.6042638,12.67,39.96,3.4,2
1771934864.2748353,12.5,40.23,3.4,2
1771934872.6043255,17.025,40.190000000000005,3.4,2
1771934880.9732268,12.1,40.209999999999994,3.4,2
1771934889.2851245,17.68,40.599999999999994,3.4,2
1771934897.595163,12.92,40.24,3.4,2
1771934905.9710238,17.035,40.13,3.4,2
1771934914.113959,17.18,39.84,3.2,2
1771934922.1588826,12.97,40.22,3.1,2
1771934930.272082,8.54,40.34,3.0,2
1771934938.319735,11.145,40.25,2.9,2
1771934946.6643379,13.06,39.730000000000004,2.8,2
1771934955.1743696,9.015,40.1,2.4,2
1771934963.228657,7.76,40.010000000000005,2.2,2
1771934971.3690624,8.12,39.78,1.9,2
1771934979.4973722,6.24,39.76,2.0,2
1771934987.5456047,1.785,40.15,1.4,2
1771934995.5939817,4.78,40.04,1.6,2
1771935003.7856302,4.955,39.86,1.4,2
1771935037.7789607,25.3,6.52,0.2,1
1771935043.958065,0.23,6.8,3.4,1
1771935050.3680987,0.01,6.65,1.2,1
1771935056.408218,0.01,6.4,1.2,1
1771935062.4455783,15.02,6.52,1.4,1
1771935068.7579803,17.09,6.52,1.6,1
1771935075.0921717,15.72,6.41,1.4,1
1771935081.2925856,3.57,6.65,2.0,1
1771935087.5737944,19.48,6.37,2.0,1
1771935093.8983061,14.95,6.5,2.2,1
1771935100.0823407,15.75,6.5,2.4,1
1771935106.4045928,18.17,6.67,2.8,1
1771935112.4632387,23.1,6.28,3.0,1
1771935118.7647567,23.39,6.54,2.8,1
1771935124.9785025,25.09,6.64,3.2,1
1771935133.7330358,12.785,44.72,3.2,2
1771935142.262597,16.11,45.14,3.2,2
1771935150.4841664,16.685,44.65,3.2,2
1771935158.6742284,16.73,44.77,3.2,2
1771935169.4713025,8.813333333333333,76.26,3.4,3
1771935179.785381,9.723333333333334,77.22,3.2000000000000006,3
1771935190.0826526,9.576666666666666,76.58,3.4,3
1771935200.6837773,10.01,76.96,3.3333333333333335,3
1771935211.0374298,9.746666666666668,76.48,3.2000000000000006,3
1771935221.3751097,9.58,75.2,3.266666666666667,3
1771935231.686011,9.873333333333333,75.69,3.3333333333333335,3
1771935242.041087,10.729999999999999,74.94,3.266666666666667,3
1771935252.665301,9.023333333333333,74.84,3.266666666666667,3
1771935263.1998167,9.083333333333334,74.94,3.3333333333333335,3
1771935273.582937,9.6,74.69,3.3333333333333335,3
1771935283.869916,8.86,74.42,3.4,3
1771935294.2669826,9.603333333333333,74.89,3.2000000000000006,3
1771935304.6696012,6.949999999999999,74.92,3.2000000000000006,3
1771935315.1697328,8.363333333333333,74.16,3.0,3
1771935325.2241864,9.15,74.64,2.533333333333333,3
1771935335.2917957,4.8500000000000005,73.19,2.266666666666667,3
1771935345.7697515,5.246666666666667,73.79,1.9333333333333333,3
1771935356.0507722,3.1999999999999997,73.67,1.8,3
1771935366.1010976,3.1799999999999997,73.2,1.8,3
1771935406.062944,17.869999999999997,41.75,1.6,2
1771935414.1147854,3.96,42.23,1.0,2
1771935422.307744,8.68,40.989999999999995,1.1,2
1771935430.4803066,3.44,41.37,1.0,2
1771935438.5255103,9.030000000000001,41.37,1.5,2
1771935446.6873815,7.895,41.480000000000004,1.2,2
1771935455.0632844,12.135,41.230000000000004,1.8,2
1771935463.3944805,9.075,41.370000000000005,2.0,2
1771935471.4481447,10.844999999999999,41.349999999999994,2.3,2
1771935479.7791488,10.184999999999999,41.480000000000004,2.7,2
1771935488.1310713,11.345,39.04,2.6,2
1771935496.4668572,12.395,39.65,3.0,2
1771935505.0682847,12.59,39.29,2.8,2
1771935513.3336732,12.254999999999999,39.040000000000006,3.2,2
1771935521.7631147,16.72,39.37,3.2,2
1771935529.972249,16.31,39.17,3.2,2
1771935538.2640383,16.35,39.290000000000006,3.2,2
1771935546.7662826,12.565000000000001,39.019999999999996,3.2,2
1771935555.265074,16.49,39.03,3.2,2
1771935563.7740438,12.425,38.81,3.2,2
1771935572.2789023,16.174999999999997,39.05,3.2,2
1771935580.8689463,13.475,38.58,3.2,2
1771935589.3866856,16.12,38.19,3.2,2
1771935597.9694219,12.57,38.93,3.2,2
1771935606.5641067,16.335,38.47,3.2,2
1771935614.9780955,12.120000000000001,38.699999999999996,3.3,2
1771935623.4870265,16.26,38.95,3.2,2
1771935631.764768,16.634999999999998,38.59,3.2,2
1771935640.275711,12.52,38.81,3.2,2
1771935648.5318491,11.995000000000001,38.46,3.2,2
1771935657.0637639,16.89,38.809999999999995,3.2,2
1771935665.5658197,13.379999999999999,38.809999999999995,3.2,2
1771935673.6719007,13.77,38.95,3.2,2
1771935681.9316463,13.05,38.6,3.1,2
1771935690.132362,13.115,38.21,3.0,2
1771935698.176589,16.375,38.59,2.5,2
1771935706.2264261,11.684999999999999,38.23,2.4,2
1771935714.4497337,8.780000000000001,38.480000000000004,2.4,2
1771935722.6515872,7.765,38.339999999999996,2.1,2
1771935730.6997163,8.25,38.95,2.1,2
1771935738.9683378,9.1,38.95,1.2999999999999998,2
1771935747.16549,10.96,38.68,1.5,2
1771935755.262887,3.6550000000000002,38.7,1.2,2
1771935763.780016,4.72,38.699999999999996,1.2999999999999998,2
1771935771.828824,0.01,38.55,1.2999999999999998,2
1771935779.8770018,3.815,38.92,1.4,2
1771935813.2112265,25.02,6.29,0.2,1
1771935820.5902195,4.61,6.77,3.4,1
1771935826.6257505,9.63,6.77,1.6,1
1771935832.6611488,17.94,6.65,1.6,1
1771935838.7734072,13.74,6.3,2.0,1
1771935844.8066583,22.34,6.68,2.4,1
1771935851.2599878,23.1,6.65,2.2,1
1771935857.4711645,19.27,6.79,2.6,1
1771935863.5677462,21.64,6.8,2.8,1
1771935872.2016222,11.08,46.18,2.8,2
1771935880.489666,14.59,46.199999999999996,3.0,2
1771935888.7048883,13.27,46.68,3.2,2
1771935896.995213,16.665,47.02,3.2,2
1771935905.1008337,17.055,46.1,3.3,2
1771935913.511835,12.295,39.95,3.3,2
1771935922.0035777,17.355,39.97,3.2,2
1771935930.4149072,13.11,39.94,3.4,2
1771935938.8631005,16.295,40.059999999999995,3.2,2
1771935947.2994666,12.925,40.1,3.3,2
1771935955.6965396,16.345,39.98,3.4,2
1771935964.1124983,12.18,39.73,3.2,2
1771935972.6054356,17.17,39.61,3.2,2
1771935981.089425,11.71,40.33,3.2,2
1771935989.5001116,16.86,39.839999999999996,3.2,2
1771935997.9914818,11.844999999999999,40.089999999999996,3.2,2
1771936006.4007664,17.240000000000002,39.709999999999994,3.3,2
1771936014.8116076,12.3,39.6,3.3,2
1771936023.2996345,16.55,39.59,3.3,2
1771936031.7125075,12.205,40.089999999999996,3.2,2
1771936039.8915339,11.92,39.980000000000004,3.2,2
1771936048.0932462,12.17,40.089999999999996,3.2,2
1771936056.4291022,13.175,39.58,3.2,2
1771936064.595288,12.995000000000001,39.22,2.8,2
1771936072.6426718,11.865,39.47,2.7,2
1771936080.7977066,9.555,39.37,2.5,2
1771936088.9895625,11.425,39.480000000000004,2.2,2
1771936097.0339477,6.615,39.48,2.1,2
1771936105.3905308,3.2849999999999997,39.49,1.8,2
1771936113.436997,7.975,39.6,1.6,2
1771936121.4795675,4.045,39.35,1.2,2
1771936129.5280898,9.975,39.599999999999994,1.0,2
1771936137.5836816,2.7199999999999998,39.49,0.8,2
1771936145.6419897,0.01,39.1,0.7,2
1771936153.6900628,1.9300000000000002,39.59,1.2999999999999998,2
1771936187.2680266,25.13,6.79,0.2,1
1771936194.658127,15.31,6.54,3.4,1
1771936200.6958454,17.12,6.79,1.8,1
1771936206.7276764,15.54,6.41,1.4,1
1771936212.7939897,18.83,6.53,1.8,1
1771936219.104278,10.87,6.53,2.0,1
1771936225.1867194,17.43,6.62,2.4,1
1771936231.4598758,18.34,6.68,2.8,1
1771936237.500557,24.42,6.66,2.8,1
1771936243.535471,23.79,6.55,2.8,1
1771936251.8929634,13.855,44.37,2.9,2
1771936260.113374,12.4,44.78,3.0,2
1771936268.2883081,12.280000000000001,44.93,3.2,2
1771936276.5876665,11.675,44.93,3.2,2
1771936284.9987166,16.799999999999997,45.13,3.4,2
1771936293.3971293,12.775,44.25,3.4,2
1771936301.7930233,16.27,44.58,3.4,2
1771936310.207293,12.81,44.35,3.2,2
1771936318.6632314,15.95,44.620000000000005,3.3,2
1771936327.0155897,12.33,44.39,3.4,2
1771936335.4906943,16.05,44.629999999999995,3.4,2
1771936343.9053235,13.149999999999999,44.46,3.3,2
1771936352.294997,16.435,44.45,3.4,2
1771936360.6970348,12.045,44.24,3.3,2
1771936369.0907812,16.625,44.620000000000005,3.4,2
1771936377.4964635,12.84,44.34,3.4,2
1771936385.9159172,17.675,44.230000000000004,3.3,2
1771936394.304064,12.925,43.86,3.3,2
1771936402.7643838,16.04,43.989999999999995,3.4,2
1771936411.1904273,11.805,43.9,3.4,2
1771936419.5918517,16.335,43.74,3.4,2
1771936427.7945871,15.085,43.74,3.2,2
1771936436.1879601,11.905000000000001,43.89,3.0,2
1771936444.525182,8.84,43.41,2.8,2
1771936452.5706854,9.04,43.769999999999996,2.8,2
1771936460.7889853,10.4,43.629999999999995,2.4,2
1771936468.8920214,10.0,43.370000000000005,2.1,2
1771936476.9440162,9.825,43.28,2.2,2
1771936485.1642945,8.625,43.53,1.6,2
1771936493.2637317,9.055,44.03,1.5,2
1771936501.3218222,4.345,43.4,1.2,2
1771936509.3661313,1.65,43.51,1.2999999999999998,2
1771936517.4197593,2.59,43.28,1.0,2
1771936525.4678426,2.375,43.519999999999996,0.8,2
1771936558.4601283,25.19,6.54,0.2,1
1771936565.507179,16.07,6.54,3.4,1
1771936571.5446463,17.41,6.55,1.2,1
1771936577.9840438,6.82,6.56,1.4,1
1771936584.3080168,15.25,6.54,1.8,1
1771936590.585844,17.53,6.43,2.0,1
1771936596.6237643,21.64,6.41,1.8,1
1771936602.6614802,20.54,6.42,2.0,1
1771936608.7646055,19.92,6.44,2.4,1
1771936617.2656455,14.755,41.199999999999996,2.6,2
1771936625.670139,13.73,41.02,3.0,2
1771936633.962299,15.975000000000001,41.11,3.2,2
1771936642.0104587,12.39,41.199999999999996,3.2,2
1771936650.3716722,11.99,41.14,3.2,2
1771936658.6257832,12.504999999999999,41.12,3.2,2
1771936667.172163,15.855,41.36,3.2,2
1771936675.4772224,15.690000000000001,41.260000000000005,3.2,2
1771936684.0655527,13.065,41.02,3.2,2
1771936692.3701108,12.635,41.160000000000004,3.2,2
1771936700.9802365,15.785,41.19,3.2,2
1771936709.3616834,16.11,41.0,3.2,2
1771936717.8794925,12.09,40.91,3.2,2
1771936726.2254863,12.44,41.16,3.2,2
1771936734.863936,17.060000000000002,41.410000000000004,3.2,2
1771936743.3326352,12.989999999999998,41.18,3.2,2
1771936751.862816,16.105,40.800000000000004,3.2,2
1771936760.1734157,16.48,41.019999999999996,3.2,2
1771936768.4732664,15.120000000000001,40.910000000000004,3.2,2
1771936776.7769322,15.565000000000001,41.05,3.2,2
1771936785.1689544,16.055,40.92,3.2,2
1771936793.5628161,15.745000000000001,41.17,3.2,2
1771936801.6243439,13.045,41.050000000000004,3.2,2
1771936809.8640695,14.920000000000002,40.809999999999995,3.2,2
1771936818.1691885,13.82,40.92,2.8,2
1771936826.2629495,15.559999999999999,41.379999999999995,2.7,2
1771936834.311865,9.524999999999999,41.33,2.5,2
1771936842.6668916,9.55,41.290000000000006,2.4,2
1771936850.9537103,9.555,41.400000000000006,2.3,2
1771936859.370249,11.93,41.17,1.7000000000000002,2
1771936867.7258332,0.01,41.41,1.7000000000000002,2
1771936875.7693338,4.39,41.28,1.2,2
1771936883.8090339,1.2799999999999998,41.16,1.2999999999999998,2
1771936891.8534534,5.03,40.93000000000001,0.8,2
1771936924.6087158,25.04,6.66,0.2,1
1771936931.090848,5.83,6.86,3.4,1
1771936937.3584898,8.44,6.78,1.4,1
1771936943.471259,0.08,7.03,1.2,1
1771936949.558583,9.74,6.9,1.8,1
1771936955.6573815,17.49,6.54,1.8,1
1771936961.693954,19.12,6.77,2.0,1
1771936967.8600817,15.6,6.91,2.0,1
1771936974.0582738,16.0,6.8,2.0,1
1771936980.1694245,18.04,6.94,2.4,1
1771936986.2074275,23.41,6.54,2.2,1
1771936992.703837,25.09,6.55,2.6,1
1771937001.1758597,13.095,41.93000000000001,3.0,2
1771937009.4860644,13.995000000000001,42.59,3.2,2
1771937017.816629,14.48,41.74,3.1,2
1771937026.2978687,12.559999999999999,41.86,3.4,2
1771937034.6102931,18.035,42.0,3.4,2
1771937042.967761,12.075,41.730000000000004,3.4,2
1771937051.2192645,17.445,41.84,3.4,2
1771937059.577446,12.665,42.129999999999995,3.4,2
1771937068.1829245,12.33,41.76,3.4,2
1771937076.4973907,17.435000000000002,41.88,3.4,2
1771937084.8044186,12.29,41.88,3.4,2
1771937093.4185536,11.92,41.65,3.4,2
1771937101.7724411,17.515,41.67,3.4,2
1771937110.0756395,12.28,41.75,3.4,2
1771937118.6847873,12.925,41.38,3.4,2
1771937126.9920135,16.875,41.11,3.4,2
1771937135.3060822,12.254999999999999,40.89,3.4,2
1771937143.6132364,17.1,41.64,3.4,2
1771937151.9681807,12.245000000000001,41.27,3.4,2
1771937160.2819605,16.845,41.11,3.4,2
1771937168.6044421,12.71,41.379999999999995,3.4,2
1771937176.8768153,11.575,40.89,3.2,2
1771937185.184083,13.34,41.519999999999996,3.0,2
1771937193.3936048,15.285,41.519999999999996,3.0,2
1771937201.4406018,14.344999999999999,41.39,2.8,2
1771937209.4844258,10.094999999999999,41.28,2.8,2
1771937217.7620664,9.635,41.28,2.5,2
1771937225.9098015,8.695,41.16,2.3,2
1771937234.095051,9.475000000000001,41.18,2.0,2
1771937242.2691824,2.175,41.519999999999996,1.7000000000000002,2
1771937250.3096237,8.594999999999999,41.89,1.5,2
1771937258.3620505,6.7,41.16,1.6,2
1771937266.4152288,2.1,41.160000000000004,1.2999999999999998,2
1771937274.4631817,4.235,41.29,1.0,2
1771937282.509593,0.01,41.269999999999996,1.0,2
1771937318.5246987,26.03,6.66,0.0,1
1771937324.9902542,0.01,6.63,3.4,1
1771937331.0324624,8.57,6.75,1.8,1
1771937337.0653677,16.84,6.51,1.6,1
1771937343.0949934,15.86,6.75,1.4,1
1771937349.4625216,8.05,6.54,2.0,1
1771937355.5045261,23.45,6.78,2.2,1
1771937362.0621822,21.4,6.79,2.4,1
1771937368.3634374,22.15,6.91,2.6,1
1771937374.5664878,24.95,6.64,2.8,1
1771937382.8853984,13.535,41.2,3.2,2
1771937391.0677304,14.39,41.07,3.2,2
1771937399.3706055,13.73,40.92,3.2,2
1771937407.4867516,12.495000000000001,40.93,3.4,2
1771937415.8853035,17.395,40.93,3.4,2
1771937424.3404706,12.190000000000001,41.32,3.3,2
1771937432.7732716,16.785,41.06,3.2,2
1771937441.176322,13.155,41.06,3.3,2
1771937449.5887115,16.105,40.97,3.2,2
1771937458.0903063,12.32,41.05,3.3,2
1771937466.4865103,17.345,41.53,3.4,2
1771937474.970386,13.635000000000002,41.32,3.2,2
1771937483.393243,16.645,41.56999999999999,3.3,2
1771937491.8390222,12.285,41.18000000000001,3.4,2
1771937500.2634952,17.275,40.69,3.2,2
1771937508.668526,13.75,41.35,3.2,2
1771937517.0910225,17.195,40.82,3.4,2
1771937525.4832685,12.325,40.94,3.4,2
1771937533.9709847,16.725,40.949999999999996,3.2,2
1771937542.3658109,13.06,40.81,3.4,2
1771937550.58557,11.925,41.09,3.2,2
1771937558.8917413,13.405,41.2,3.2,2
1771937567.072374,13.285,41.68000000000001,3.0,2
1771937575.4374313,12.565,41.61,2.9,2
1771937583.7727582,16.62,41.56,2.8,2
1771937592.0642183,12.79,41.18,2.7,2
1771937600.121334,5.0249999999999995,41.83,2.0,2
1771937608.2697635,6.31,41.92,2.2,2
1771937616.5875812,1.645,41.45,1.7000000000000002,2
1771937624.6352088,9.004999999999999,41.58,1.8,2
1771937632.6834047,8.86,41.33,1.2999999999999998,2
1771937640.7325668,7.2299999999999995,41.06,1.2999999999999998,2
1771937648.7822862,4.43,41.21,0.7,2
1771937656.8360002,8.195,40.959999999999994,0.9,2
1771937664.8836045,4.1,41.33,0.6,2
1771937697.6520376,25.13,6.67,0.0,1
1771937704.0917556,8.73,6.54,3.4,1
1771937710.284099,6.7,6.42,1.8,1
1771937716.3248444,10.18,6.67,1.8,1
1771937722.356234,24.17,6.55,2.0,1
1771937728.393918,19.41,6.45,2.4,1
1771937734.5794475,19.31,6.54,2.2,1
1771937740.6661694,20.26,6.54,2.6,1
1771937746.7012413,22.28,6.54,2.6,1
1771937755.2719932,13.26,38.45,2.9,2
1771937763.5733087,12.265,38.22,3.2,2
1771937771.8741574,12.43,38.23,3.2,2
1771937780.2660909,13.440000000000001,38.480000000000004,3.2,2
1771937788.626013,13.58,38.5,3.2,2
1771937797.0679767,14.35,38.22,3.2,2
1771937805.6659071,16.64,38.62,3.2,2
1771937813.9656384,16.415,38.46,3.2,2
1771937822.523888,13.325,38.3,3.2,2
1771937830.9259965,13.02,38.66,3.2,2
1771937839.2253904,12.765,38.41,3.2,2
1771937847.6229584,13.68,38.75,3.2,2
1771937856.178442,16.06,38.6,3.2,2
1771937864.4790165,15.39,38.48,3.2,2
1771937872.8722577,16.075,38.7,3.2,2
1771937881.1757343,15.395,38.36,3.2,2
1771937889.376853,15.225000000000001,38.839999999999996,3.3,2
1771937897.780007,15.04,38.96,3.2,2
1771937906.1621246,16.15,38.519999999999996,3.2,2
1771937914.5724695,15.85,38.49,3.2,2
1771937922.8728378,16.33,38.39,3.2,2
1771937930.9253051,14.525000000000002,38.65,3.2,2
1771937939.0754359,14.675,38.28,3.2,2
1771937947.361672,14.945,38.42,3.0,2
1771937955.4637938,14.485,38.31,2.8,2
1771937963.5677893,10.495000000000001,38.36,2.5,2
1771937972.0248406,9.86,38.44,2.4,2
1771937980.2676394,11.4,38.34,1.9,2
1771937988.4235747,9.399999999999999,38.1,1.7000000000000002,2
1771937996.7646732,8.555,38.54,1.6,2
1771938004.825902,4.535,38.15,1.6,2
1771938012.872094,4.325,38.39,1.2,2
1771938020.9207306,4.74,38.89,1.2999999999999998,2
1771938029.0250618,4.135,38.65,1.1,2
1771938063.867055,25.65,6.67,0.0,1
1771938070.3000176,7.68,6.65,3.4,1
1771938076.5583298,13.83,6.78,1.6,1
1771938082.5938387,16.0,6.64,1.6,1
1771938088.6262088,15.7,6.76,1.8,1
1771938094.8972318,16.91,6.75,1.8,1
1771938100.9633331,15.56,6.9,2.0,1
1771938107.0613449,14.98,6.65,2.2,1
1771938113.467716,20.96,6.9,2.2,1
1771938119.666641,20.32,6.66,2.8,1
1771938125.7970889,24.41,6.66,3.0,1
1771938134.1535437,10.535,38.15,2.8,2
1771938142.4433205,12.88,38.120000000000005,3.0,2
1771938150.4873772,13.364999999999998,38.35,3.2,2
1771938158.9640093,16.095,38.620000000000005,3.2,2
1771938167.185377,16.185,38.37,3.2,2
1771938175.4724882,16.380000000000003,38.730000000000004,3.2,2
1771938184.030155,12.67,38.22,3.2,2
1771938192.4697676,16.505,38.47,3.2,2
1771938201.029025,12.440000000000001,38.36,3.2,2
1771938209.5631866,16.47,38.73,3.2,2
1771938218.0664074,13.195,38.61,3.3,2
1771938226.574183,17.125,38.49,3.2,2
1771938235.066521,13.84,38.59,3.2,2
1771938243.5812745,16.02,38.47,3.2,2
1771938252.1290443,12.79,38.72,3.2,2
1771938260.374128,12.54,38.96,3.2,2
1771938268.9649456,16.375,38.5,3.2,2
1771938277.177411,17.015,38.37,3.2,2
1771938285.6658056,13.885,38.37,3.2,2
1771938293.880816,11.965,38.39,3.2,2
1771938302.1677294,13.100000000000001,38.51,3.2,2
1771938310.4662437,12.945,38.489999999999995,3.2,2
1771938318.729339,12.559999999999999,38.730000000000004,3.2,2
1771938327.0636735,14.01,38.7,3.2,2
1771938335.1081483,14.790000000000001,38.75,2.7,2
1771938343.1547284,11.635,38.38,2.5,2
1771938351.2020688,8.745000000000001,38.74,2.4,2
1771938359.2643218,7.19,38.63,2.2,2
1771938367.3123333,8.65,38.26,1.8,2
1771938375.3710263,0.20500000000000002,38.5,1.4,2
1771938383.4103951,3.9499999999999997,38.14,1.2999999999999998,2
1771938391.4575715,3.7649999999999997,38.12,1.1,2
1771938424.9986472,26.77,6.54,0.0,1
1771938431.0348692,0.19,6.29,3.0,1
1771938437.0690212,16.07,6.43,0.6,1
1771938443.0999084,11.91,6.54,0.8,1
1771938449.1669505,3.09,6.65,1.6,1
1771938455.2023172,22.55,6.78,1.8,1
1771938461.4921622,9.86,6.51,1.8,1
1771938467.5283847,19.56,6.22,1.8,1
1771938473.778465,17.21,6.56,2.0,1
1771938479.8162732,18.1,6.43,2.2,1
1771938486.0647285,19.4,6.43,2.2,1
1771938492.3622682,22.06,6.65,2.2,1
1771938500.9855342,8.66,38.1,2.6,2
1771938509.369994,13.870000000000001,38.22,3.0,2
1771938517.6787229,13.85,38.34,3.1,2
1771938525.990113,15.68,38.09,3.2,2
1771938534.2637138,15.94,38.26,3.2,2
1771938542.6781242,13.17,38.480000000000004,3.3,2
1771938551.070723,16.869999999999997,38.480000000000004,3.4,2
1771938559.4680402,13.24,38.59,3.3,2
1771938567.8898458,15.93,38.25,3.2,2
1771938576.4663966,13.219999999999999,38.489999999999995,3.2,2
1771938584.875153,16.875,38.480000000000004,3.4,2
1771938593.2675133,13.61,37.99,3.3,2
1771938601.6944802,16.615000000000002,38.11,3.3,2
1771938610.1821856,12.375,38.24,3.3,2
1771938618.6632042,16.845,38.379999999999995,3.2,2
1771938627.0763638,12.21,38.370000000000005,3.2,2
1771938635.4960868,16.965,38.25,3.4,2
1771938643.9744315,13.504999999999999,38.37,3.2,2
1771938652.391544,16.515,38.62,3.2,2
1771938660.8731923,13.469999999999999,38.480000000000004,3.2,2
1771938669.2920444,16.66,38.379999999999995,3.2,2
1771938677.837469,12.825,38.370000000000005,3.2,2
1771938685.972548,13.364999999999998,38.61,3.1,2
1771938694.1658423,11.25,38.25,3.2,2
1771938702.5692322,13.395,38.739999999999995,3.0,2
1771938710.6094906,14.14,38.63,2.9,2
1771938718.655314,8.145,38.49,2.6,2
1771938726.8380432,9.195,38.14,2.4,2
1771938735.108,7.07,38.260000000000005,2.3,2
1771938743.3664665,7.255,38.5,1.9,2
1771938751.4189339,9.33,38.63,1.7000000000000002,2
1771938759.635747,2.605,38.26,1.2,2
1771938767.8724499,4.43,38.39,1.2,2
1771938775.919863,7.3100000000000005,38.63,1.1,2
1771938809.7669199,25.36,6.92,0.4,1
1771938816.0901418,7.7,6.62,3.2,1
1771938822.1255178,0.01,6.42,1.2,1
1771938828.1661708,3.26,6.29,1.2,1
1771938834.2725267,17.5,6.52,1.4,1
1771938840.5590944,15.39,6.65,1.4,1
1771938846.6600914,9.09,6.68,1.8,1
1771938853.0855334,12.66,6.55,2.0,1
1771938859.1200762,21.68,6.67,2.0,1
1771938865.2612262,18.23,6.55,2.4,1
1771938871.4865065,13.54,6.66,2.4,1
1771938877.6884103,21.11,6.68,2.8,1
1771938883.7601507,24.12,6.78,2.8,1
1771938889.8594594,25.03,6.76,3.0,1
1771938898.5625226,14.675,37.92,3.2,2
1771938906.9208238,14.83,38.1,3.2,2
1771938915.3277028,13.190000000000001,38.35,3.2,2
1771938923.6676853,12.99,38.5,3.2,2
1771938932.121756,12.690000000000001,38.480000000000004,3.2,2
1771938940.5223703,13.77,38.74,3.2,2
1771938948.97274,13.94,38.45,3.2,2
1771938957.521508,13.97,38.36,3.2,2
1771938965.9690382,14.325,38.6,3.2,2
1771938974.3198593,13.71,38.38,3.2,2
1771938982.7224333,12.825,38.85,3.2,2
1771938991.020051,13.96,38.25,3.2,2
1771938999.4255502,13.81,38.379999999999995,3.2,2
1771939007.8674958,12.795,38.510000000000005,3.2,2
1771939016.3685389,12.77,38.52,3.2,2
1771939024.7212749,13.86,38.64,3.2,2
1771939033.2662878,12.79,38.63,3.2,2
1771939041.721362,13.825,38.39,3.2,2
1771939050.066902,13.434999999999999,38.38,3.2,2
1771939058.3695345,12.68,38.65,3.2,2
1771939066.820405,15.065000000000001,38.760000000000005,3.2,2
1771939074.9498193,12.055,38.39,3.0,2
1771939083.1672168,9.045,38.519999999999996,3.0,2
1771939091.4136088,12.955,38.52,2.6,2
1771939099.5209296,13.295000000000002,38.769999999999996,2.7,2
1771939107.6667411,8.34,38.28,2.2,2
1771939115.763176,6.640000000000001,38.18,2.1,2
1771939123.8115716,8.344999999999999,38.52,1.7000000000000002,2
1771939131.8667045,5.010000000000001,38.29,1.5,2
1771939139.9134114,9.415,38.4,1.7000000000000002,2
1771939147.955558,8.405000000000001,38.27,1.2999999999999998,2
1771939156.0223107,9.665,38.27,1.1,2
1771939164.0712192,8.78,38.4,0.7,2
1771939172.1185293,4.7299999999999995,38.4,0.9,2
1771939180.16173,4.08,38.03,0.7,2
1771939188.2114258,6.52,38.42,1.2999999999999998,2
1771939196.2728698,4.420000000000001,38.65,1.2,2
1771939229.2678623,25.29,6.29,0.6,1
1771939237.8770688,25.14,6.67,3.4,1
1771939244.18762,20.58,7.04,2.4,1
1771939250.221632,22.03,6.89,2.6,1
1771939256.5581849,21.73,6.78,2.8,1
1771939265.097675,14.135,45.480000000000004,2.8,2
1771939273.1481783,14.209999999999999,45.59,3.2,2
1771939281.5967808,16.615000000000002,45.82,3.2,2
1771939290.1011572,11.45,45.690000000000005,3.2,2
1771939298.5139368,17.655,45.800000000000004,3.2,2
1771939306.6975148,16.490000000000002,45.79,3.2,2
1771939315.1085298,12.855,45.56,3.2,2
1771939323.56354,16.005000000000003,45.44,3.4,2
1771939332.001035,12.754999999999999,46.31,3.3,2
1771939340.5012057,16.825,46.089999999999996,3.2,2
1771939348.991896,12.92,45.93,3.3,2
1771939357.4122732,16.445,45.69,3.4,2
1771939365.913839,12.05,45.949999999999996,3.2,2
1771939374.4111567,16.3,45.95,3.2,2
1771939382.8989048,11.86,46.04,3.4,2
1771939391.311253,17.275,45.07,3.2,2
1771939399.8088903,12.085,45.32,3.2,2
1771939408.30798,16.025,45.08,3.2,2
1771939416.808236,12.605,44.83,3.3,2
1771939425.2077215,17.04,44.95,3.3,2
1771939433.413823,16.6,45.209999999999994,3.2,2
1771939441.6057603,15.735,45.48,3.2,2
1771939449.9007072,14.01,45.209999999999994,3.2,2
1771939458.2959433,13.77,44.949999999999996,3.0,2
1771939466.6937137,10.765,44.96,2.7,2
1771939475.0638213,10.33,44.96,2.7,2
1771939483.1059327,12.0,45.459999999999994,2.3,2
1771939491.395829,5.965,45.22,2.1,2
1771939499.564419,8.805,44.989999999999995,1.9,2
1771939507.6121142,8.615,44.980000000000004,1.2999999999999998,2
1771939515.6538212,9.635000000000002,44.87,1.2,2
1771939523.701116,1.31,45.01,1.1,2
1771939531.7507508,0.01,45.34,0.9,2
1771939539.7988281,2.23,44.97,0.7,2
1771939572.5082445,27.01,6.42,0.0,1
1771939578.9966996,0.2,6.54,3.4,1
1771939585.033175,3.01,6.56,1.2,1
1771939591.0700212,15.84,6.54,1.4,1
1771939597.1585863,8.18,6.41,1.6,1
1771939603.19589,20.32,6.54,1.8,1
1771939609.3662024,12.36,6.68,2.0,1
1771939615.4024417,20.69,6.78,2.2,1
1771939621.4583733,23.7,6.79,2.4,1
1771939627.666371,19.45,6.66,2.6,1
1771939633.7072659,25.0,6.65,2.6,1
1771939642.1150656,9.6,39.55,2.8,2
1771939650.3649316,14.725000000000001,39.93000000000001,3.0,2
1771939658.8136144,16.375,39.67,3.2,2
1771939667.163453,15.1,39.81,3.2,2
1771939677.916585,9.846666666666666,71.03999999999999,3.2000000000000006,3
1771939688.4254005,10.156666666666666,71.34,3.2000000000000006,3
1771939698.97385,10.21,72.09,3.2000000000000006,3
1771939709.5231316,9.786666666666667,71.57,3.1333333333333333,3
1771939719.924079,9.196666666666667,71.21000000000001,3.2000000000000006,3
1771939730.3683622,10.726666666666667,71.45,3.0666666666666664,3
1771939740.8235896,8.596666666666666,70.75,3.2000000000000006,3
1771939751.2147417,10.346666666666666,70.88,3.2000000000000006,3
1771939761.6192615,9.72,70.76,3.2000000000000006,3
1771939772.1793802,9.76,70.98,3.2000000000000006,3
1771939782.5236504,9.78,70.61,3.2000000000000006,3
1771939792.9681468,9.62,70.98,3.1333333333333333,3
1771939803.5156682,10.423333333333334,70.88,3.1333333333333333,3
1771939813.9147496,10.88,70.23,3.2000000000000006,3
1771939824.118362,9.963333333333333,70.7,3.0666666666666664,3
1771939834.217253,8.373333333333333,70.01,2.9333333333333336,3
1771939844.26807,4.993333333333333,70.59,2.7999999999999994,3
1771939854.5268373,4.803333333333334,70.83999999999999,2.266666666666667,3
1771939864.5754344,9.766666666666666,70.59,2.4,3
1771939874.624924,5.919999999999999,71.33,1.9333333333333333,3
1771939884.676938,0.8433333333333333,70.61,1.3333333333333333,3
1771939894.780169,3.186666666666666,70.48,1.4666666666666668,3
1771939904.8280337,2.9433333333333334,70.34,1.1333333333333333,3
1771939943.261617,10.26,38.8,1.9000000000000001,2
1771939976.7353728,25.87,6.54,0.0,1
1771939985.0645294,22.64,6.67,3.4,1
1771939991.6091416,20.58,6.8,2.4,1
1771939997.6439188,19.52,6.69,2.4,1
1771940003.8752594,19.6,6.7,2.4,1
1771940012.1655807,12.465,44.589999999999996,2.6,2
1771940020.3870738,12.879999999999999,44.97,3.1,2
1771940028.7356465,11.685,44.36,3.2,2
1771940037.0633826,15.735,44.61,3.2,2
1771940045.3769193,17.04,44.46,3.2,2
1771940053.782032,12.035,44.83,3.4,2
1771940062.1993666,16.285,44.72,3.4,2
1771940070.6761656,13.65,44.6,3.2,2
1771940079.0889568,16.58,44.48,3.4,2
1771940087.5689077,12.995000000000001,44.35,3.2,2
1771940095.9717503,16.865,44.73,3.4,2
1771940104.4691973,13.07,44.62,3.2,2
1771940112.87872,17.21,44.73,3.4,2
1771940121.2809677,12.295,44.98,3.2,2
1771940129.773924,16.94,44.6,3.2,2
1771940138.1851761,12.120000000000001,44.83,3.2,2
1771940146.6658094,17.165,44.75,3.3,2
1771940155.0681436,13.14,44.74,3.2,2
1771940163.470007,16.665,44.77,3.4,2
1771940171.8841677,12.015,44.72,3.4,2
1771940180.0770073,13.56,45.08,3.2,2
1771940188.2679257,12.545,44.489999999999995,3.2,2
1771940196.4761078,12.035,45.040000000000006,3.2,2
1771940204.868086,10.235,44.870000000000005,3.2,2
1771940213.1696954,14.954999999999998,44.89,3.1,2
1771940221.435692,8.535,45.11,2.6,2
1771940229.4896643,10.61,45.0,2.4,2
1771940237.5705452,11.22,45.24,2.5,2
1771940245.6190288,8.07,44.76,2.0,2
1771940253.7623177,7.73,44.65,1.8,2
1771940261.9380074,7.119999999999999,44.39,1.7000000000000002,2
1771940269.983151,1.9449999999999998,44.260000000000005,1.4,2
1771940278.0291235,0.1,44.629999999999995,1.1,2
1771940286.0738091,7.96,44.510000000000005,1.4,2
1771940319.1825402,25.16,6.67,0.2,1
1771940325.3766975,0.01,6.44,3.4,1
1771940331.419645,19.3,6.8,0.6,1
1771940337.775793,1.14,6.92,1.2,1
1771940343.881612,8.22,6.54,1.4,1
1771940349.9148521,12.75,6.55,1.8,1
1771940355.990536,10.38,6.31,2.0,1
1771940362.256946,15.03,6.32,2.0,1
1771940368.3583734,15.71,6.43,2.6,1
1771940374.6831727,19.42,6.44,2.0,1
1771940380.9624271,17.1,6.55,2.4,1
1771940387.1006439,21.21,6.32,2.8,1
1771940393.3755755,25.09,6.46,3.0,1
1771940401.9756043,14.225,38.49,3.1,2
1771940410.4712093,15.115,38.37,3.2,2
1771940418.7098312,14.669999999999998,38.62,3.2,2
1771940427.2163923,14.815,38.22,3.2,2
1771940437.722695,8.773333333333333,69.79,3.2000000000000006,3
1771940448.1138568,9.11,69.69,3.2000000000000006,3
1771940458.3675406,9.583333333333334,70.27,3.2000000000000006,3
1771940468.917179,9.47,70.17,3.1333333333333333,3
1771940479.3139586,9.333333333333334,70.56,3.2000000000000006,3
1771940489.8688712,9.790000000000001,69.94,3.2000000000000006,3
1771940500.46751,9.246666666666668,69.93,3.2000000000000006,3
1771940511.020545,9.683333333333332,70.2,3.0666666666666664,3
1771940521.717941,8.973333333333334,70.07,3.2000000000000006,3
1771940532.0262995,9.643333333333333,70.31,3.2000000000000006,3
1771940542.4705644,9.573333333333332,70.43,3.2000000000000006,3
1771940552.8290505,9.793333333333333,70.08,3.2000000000000006,3
1771940563.420051,10.15,70.08,3.2000000000000006,3
1771940573.8147256,10.513333333333334,70.55,3.2000000000000006,3
1771940584.0189123,8.83,70.82000000000001,3.0,3
1771940594.109123,8.950000000000001,70.32,2.733333333333333,3
1771940604.2172525,6.04,70.46000000000001,2.466666666666667,3
1771940614.613446,9.033333333333333,70.07,2.2,3
1771940624.6580527,2.893333333333333,70.57,2.2,3
1771940634.9389455,5.86,70.08,1.8,3
1771940644.988177,8.323333333333332,70.46000000000001,1.6666666666666667,3
1771940655.4067676,0.9166666666666666,69.95,1.3333333333333333,3
1771940665.6187813,0.10666666666666667,70.21,1.0,3
1771940675.9073315,3.03,70.68,1.2666666666666666,3
1771940714.8133378,18.05,38.41,1.9000000000000001,2
1771940722.9664469,5.325,38.800000000000004,1.5,2
1771940731.2734077,8.73,38.790000000000006,1.6,2
1771940739.6099815,9.895,38.29,2.1,2
1771940747.6579125,11.11,38.77,2.1,2
1771940756.0205045,9.235,38.28,2.7,2
1771940764.0704222,15.18,38.510000000000005,2.7,2
1771940772.2104743,13.07,38.4,2.9,2
1771940780.5096745,13.45,38.91,3.0,2
1771940788.6641338,15.96,38.56,3.2,2
1771940797.0095196,12.735,38.07,3.0,2
1771940805.5090716,14.615,38.809999999999995,3.2,2
1771940813.76726,15.510000000000002,38.53,3.1,2
1771940822.312003,15.649999999999999,38.67,3.2,2
1771940830.7628734,14.884999999999998,38.54,3.2,2
1771940839.2651377,15.530000000000001,38.65,3.2,2
1771940847.7637637,15.725,38.77,3.2,2
1771940856.165022,13.52,38.29,3.2,2
1771940864.6629004,15.945,38.65,3.2,2
1771940873.262909,15.59,38.32,3.2,2
1771940881.7134812,16.14,38.42,3.2,2
1771940890.314665,14.565,38.29,3.2,2
1771940899.0083425,14.735,38.3,3.0,2
1771940907.5153959,12.565000000000001,38.77,3.2,2
1771940916.1199813,17.08,38.93,3.2,2
1771940924.563598,15.16,38.68,3.2,2
1771940933.0641034,15.530000000000001,38.53,3.2,2
1771940941.4632218,15.765,38.18,3.2,2
1771940949.8737726,15.255,38.43,3.2,2
1771940958.0679138,14.149999999999999,38.32,3.2,2
1771940966.2516682,9.925,38.56,2.9,2
1771940974.6094851,12.03,38.65,2.8,2
1771940982.7174323,10.635000000000002,38.879999999999995,2.7,2
1771940990.8824356,4.41,38.54,2.3,2
1771940999.1486194,9.835,38.54,1.9,2
1771941007.1995182,9.280000000000001,38.67,1.6,2
1771941015.2488453,8.1,38.53,1.6,2
1771941023.5508764,4.925,38.66,1.8,2
1771941031.9083948,4.14,38.660000000000004,1.2,2
1771941039.9558942,4.665,38.3,1.5,2
1771941048.0048187,0.195,38.8,0.8,2
1771941082.49338,25.56,6.68,0.2,1
1771941089.57751,7.22,6.63,3.4,1
1771941095.879103,9.09,6.8,1.4,1
1771941102.1605513,16.03,6.54,2.0,1
1771941108.289424,9.93,6.54,1.6,1
1771941114.326921,13.3,6.56,1.8,1
1771941120.3583353,19.3,6.43,2.2,1
1771941126.5580993,21.26,6.32,2.2,1
1771941132.7046385,24.21,6.45,2.6,1
1771941138.8632412,22.36,6.46,2.6,1
1771941147.143648,10.024999999999999,41.59,2.6,2
1771941155.571758,12.535,41.96,3.1,2
1771941163.875551,13.120000000000001,41.98,3.2,2
1771941172.27544,16.54,42.11,3.0,2
1771941180.5711892,16.09,42.11,3.2,2
1771941188.7813766,15.715,42.25,3.2,2
1771941197.0700846,16.055,42.12,3.2,2
1771941205.6720784,14.094999999999999,41.97,3.2,2
1771941214.0248768,13.335,42.09,3.2,2
1771941222.5731914,15.16,42.6,3.2,2
1771941230.9664295,16.725,42.089999999999996,3.2,2
1771941239.6260417,12.754999999999999,42.089999999999996,3.2,2
1771941248.174604,16.22,41.81999999999999,3.2,2
1771941256.7692888,12.71,41.64,3.2,2
1771941265.1686075,14.29,42.36,3.2,2
1771941273.5239604,13.415,41.64,3.2,2
1771941282.079225,16.39,41.74,3.3,2
1771941290.279223,16.21,41.88,3.2,2
1771941298.6784866,15.14,42.09,3.2,2
1771941307.06311,16.955,41.98,3.2,2
1771941315.5682032,12.844999999999999,42.23,3.2,2
1771941323.8243964,12.68,42.01,3.2,2
1771941331.9719806,14.92,41.480000000000004,3.1,2
1771941340.2644112,13.515,41.879999999999995,3.0,2
1771941348.3252509,9.510000000000002,42.0,2.9,2
1771941356.6702628,9.399999999999999,42.0,2.6,2
1771941364.8416822,8.855,41.63,2.2,2
1771941373.0688987,6.69,41.900000000000006,2.2,2
1771941381.17149,5.785,42.129999999999995,1.8,2
1771941389.382333,8.35,41.88,2.0,2
1771941397.4814422,4.53,42.02,1.2,2
1771941405.52923,7.130000000000001,42.02,1.0,2
1771941413.7637758,3.94,41.87,1.5,2
1771941446.9648802,25.25,6.69,0.4,1
1771941453.0020185,0.01,6.31,3.2,1
1771941459.0385497,12.6,6.44,0.8,1
1771941465.372131,8.23,6.58,1.4,1
1771941471.6075146,9.57,6.68,1.4,1
1771941477.8129768,15.01,6.57,1.4,1
1771941483.9926822,15.46,6.55,1.6,1
1771941490.2852452,9.25,6.43,2.0,1
1771941496.3212414,18.73,6.45,1.8,1
1771941502.5581627,17.85,6.58,2.0,1
1771941508.7676558,16.25,6.58,2.4,1
1771941514.9054163,19.72,6.35,2.6,1
1771941521.0679152,23.03,6.56,3.0,1
1771941527.471794,24.5,6.34,2.8,1
1771941536.0909922,12.21,38.300000000000004,3.1,2
1771941544.501737,15.725000000000001,38.1,3.4,2
1771941552.685965,16.475,38.949999999999996,3.3,2
1771941561.0029974,12.059999999999999,38.45,3.4,2
1771941569.316796,17.015,38.36,3.4,2
1771941577.6178055,11.455,38.22,3.4,2
1771941585.9656448,17.025,38.730000000000004,3.4,2
1771941594.28551,12.125,38.58,3.4,2
1771941602.5915813,16.63,38.44,3.4,2
1771941611.1942046,17.21,38.58,3.4,2
1771941619.498791,13.32,38.5,3.4,2
1771941627.8678024,17.085,38.620000000000005,3.4,2
1771941636.1694076,12.375,38.62,3.4,2
1771941644.478385,16.865000000000002,38.339999999999996,3.4,2
1771941652.7882955,12.43,38.6,3.4,2
1771941661.1026506,17.634999999999998,38.480000000000004,3.4,2
1771941669.7699816,16.38,38.63,3.4,2
1771941678.0886104,12.48,38.86,3.4,2
1771941686.4074886,17.095,38.61,3.4,2
1771941694.705055,13.01,38.370000000000005,3.4,2
1771941702.8631904,13.620000000000001,38.24,3.2,2
1771941711.1668332,12.285,38.63,3.1,2
1771941719.3716464,11.58,38.14,2.9,2
1771941727.5866568,12.35,38.48,2.8,2
1771941735.8877022,9.335,38.47,2.5,2
1771941743.93278,8.205,38.61,2.2,2
1771941752.1771824,6.265000000000001,38.39,2.1,2
1771941760.224584,8.345,38.870000000000005,1.8,2
1771941768.2707396,0.34500000000000003,38.52,1.6,2
1771941776.3195887,4.755000000000001,38.5,1.1,2
1771941784.4686148,0.01,37.89,1.5,2
1771941817.594916,26.83,6.3,0.0,1
1771941823.8662393,0.02,6.43,3.0,1
1771941830.0775592,16.39,6.31,1.4,1
1771941836.1125684,7.97,6.43,1.2,1
1771941842.1501052,15.57,6.66,1.2,1
1771941848.187428,12.36,6.32,1.6,1
1771941854.2207606,12.65,6.32,1.4,1
1771941860.3713768,9.79,6.69,1.6,1
1771941866.4025888,16.88,6.83,1.8,1
1771941872.6570644,19.08,6.57,2.2,1
1771941878.689003,19.83,6.92,2.2,1
1771941884.9581037,22.64,6.68,2.4,1
1771941891.002951,20.72,6.81,2.6,1
1771941899.3148773,8.809999999999999,38.25,2.8,2
1771941907.6720521,15.184999999999999,38.75,2.8,2
1771941915.965384,15.794999999999998,38.739999999999995,3.0,2
1771941924.3656886,15.420000000000002,38.510000000000005,3.0,2
1771941932.8142927,13.245000000000001,38.37,3.0,2
1771941941.0622225,14.809999999999999,38.36,3.1,2
1771941949.420871,13.675,38.51,3.1,2
1771941958.0643804,15.515,38.4,3.0,2
1771941966.5132525,13.68,38.129999999999995,3.1,2
1771941975.1131635,14.165,38.76,3.0,2
1771941983.5630894,15.830000000000002,38.51,3.0,2
1771941992.0134382,13.29,38.26,3.0,2
1771942000.4138494,13.684999999999999,38.41,3.0,2
1771942008.8643186,15.3,38.15,3.1,2
1771942017.3209255,13.725,38.11,3.0,2
1771942025.6724703,14.395,38.5,3.1,2
1771942034.3127818,13.754999999999999,38.88,3.0,2
1771942042.5220387,14.600000000000001,38.629999999999995,3.0,2
1771942050.8144615,13.094999999999999,38.51,3.0,2
1771942059.0663803,16.195,38.65,3.1,2
1771942067.3632731,15.76,38.62,3.0,2
1771942075.7639363,15.745000000000001,38.63,3.0,2
1771942083.9630742,13.855,38.16,3.1,2
1771942092.1668875,15.23,38.18,3.0,2
1771942100.345061,9.715,38.39,2.8,2
1771942108.6120045,9.695,38.53,2.8,2
1771942116.6529756,9.094999999999999,38.29,2.5,2
1771942124.9858017,9.16,38.28,2.4,2
1771942133.2844334,10.355,38.78,2.3,2
1771942141.4071515,8.76,38.17,1.7000000000000002,2
1771942149.445919,0.01,38.4,1.4,2
1771942157.667034,8.57,38.53,1.7000000000000002,2
1771942165.7163346,0.76,38.38,1.2999999999999998,2
1771942199.0103662,24.97,6.67,0.2,1
1771942205.4928205,9.04,6.49,3.4,1
1771942211.527946,9.97,6.8,1.0,1
1771942217.5611496,6.88,6.29,1.2,1
1771942224.1621745,7.52,6.32,1.2,1
1771942230.1949563,10.17,6.41,1.8,1
1771942236.227386,20.95,6.68,1.6,1
1771942242.4582412,9.36,6.32,1.6,1
1771942248.494037,19.98,6.4,2.0,1
1771942254.7644715,20.71,6.76,2.4,1
1771942260.8012302,20.37,6.56,2.4,1
1771942267.1591961,20.45,6.56,2.6,1
1771942275.5894496,9.835,41.019999999999996,2.9,2
1771942283.7021432,15.91,41.050000000000004,3.0,2
1771942292.1637335,13.940000000000001,40.620000000000005,3.2,2
1771942300.5049622,15.58,40.75,3.2,2
1771942308.7939117,16.75,41.24,3.2,2
1771942317.2117774,13.1,41.0,3.4,2
1771942325.6089978,17.59,41.23,3.4,2
1771942334.087473,12.065000000000001,41.11,3.2,2
1771942342.5010777,17.175,41.49,3.3,2
1771942350.9047985,12.774999999999999,41.24,3.4,2
1771942359.2927024,16.34,41.230000000000004,3.4,2
1771942367.7134838,12.11,40.84,3.2,2
1771942376.2031634,17.29,40.699999999999996,3.2,2
1771942384.6152608,12.07,41.01,3.3,2
1771942393.0107598,17.5,41.14,3.3,2
1771942401.4178402,12.29,40.76,3.4,2
1771942409.8089087,17.075000000000003,40.9,3.4,2
1771942418.2094016,13.075,41.24,3.4,2
1771942426.601758,17.145,41.46,3.4,2
1771942435.0194025,12.440000000000001,41.61,3.2,2
1771942443.1896071,11.754999999999999,41.5,3.2,2
1771942451.5059292,17.72,40.88,3.4,2
1771942459.662398,13.605,40.75,3.2,2
1771942468.201488,13.54,40.88,3.0,2
1771942476.4027975,8.530000000000001,40.89,2.9,2
1771942484.4511678,11.73,41.03,2.5,2
1771942492.7831588,11.265,41.129999999999995,2.4,2
1771942500.8246713,13.43,40.550000000000004,2.2,2
1771942508.8694503,6.404999999999999,40.769999999999996,2.3,2
1771942516.9147117,0.48,41.03,1.9,2
1771942525.3066103,7.285,41.28,2.0,2
1771942533.6935482,4.17,40.78,1.2,2
1771942541.7408168,4.26,40.66,1.0,2
1771942575.8377352,25.87,6.55,0.0,1
1771942582.2911687,1.83,6.44,3.4,1
1771942588.324164,7.63,6.32,1.2,1
1771942594.3610568,8.11,6.32,1.6,1
1771942600.3961294,12.99,6.45,1.4,1
1771942606.4337497,19.74,6.68,1.6,1
1771942612.7594998,14.88,6.81,1.6,1
1771942618.7917721,12.8,6.55,1.8,1
1771942624.826411,21.57,6.68,1.8,1
1771942630.865119,18.09,6.43,2.4,1
1771942636.900514,24.05,6.66,2.4,1
1771942645.6161726,8.905000000000001,38.48,2.6,2
1771942653.718172,9.795000000000002,38.23,2.8,2
1771942662.0180335,12.855,38.72,2.8,2
1771942670.3639138,15.349999999999998,38.38,3.2,2
1771942678.5665145,15.504999999999999,38.57,3.2,2
1771942687.0183096,13.84,38.379999999999995,3.2,2
1771942695.5150652,13.435,38.4,3.2,2
1771942704.0680728,12.469999999999999,38.26,3.2,2
1771942712.3773272,13.16,38.379999999999995,3.2,2
1771942720.7664948,12.594999999999999,38.76,3.2,2
1771942729.1680772,12.775,38.74,3.2,2
1771942737.6212502,13.615,38.75,3.2,2
1771942746.069297,12.98,38.26,3.2,2
1771942754.4699779,14.245000000000001,38.51,3.2,2
1771942762.9159162,13.895,38.42,3.2,2
1771942771.515932,13.809999999999999,38.74,3.2,2
1771942780.0190902,11.745000000000001,38.38,3.2,2
1771942788.4185643,13.774999999999999,38.39,3.2,2
1771942796.7646577,15.2,38.629999999999995,3.0,2
1771942805.3639147,15.995000000000001,38.28,3.2,2
1771942813.7649584,16.575000000000003,38.39,3.2,2
1771942822.173908,14.72,38.64,3.2,2
1771942830.4644575,13.105,38.470000000000006,3.2,2
1771942838.7633402,16.080000000000002,38.4,3.2,2
1771942847.0186334,13.4,38.52,3.0,2
1771942855.2179725,8.355,38.39,2.6,2
1771942863.7678356,12.46,38.15,2.6,2
1771942871.9932823,8.754999999999999,38.19,2.3,2
1771942880.039764,9.275,38.18,2.2,2
1771942888.0828948,8.92,38.379999999999995,2.1,2
1771942896.194514,9.24,38.53,1.8,2
1771942904.485318,8.395,38.53,1.5,2
1771942912.746338,5.395,38.410000000000004,1.2999999999999998,2
1771942920.792348,3.57,38.269999999999996,0.8999999999999999,2
1771942928.837578,1.335,38.53,0.8,2
1771942936.883294,4.88,38.64,0.6,2
1771942971.0355732,25.82,6.43,0.0,1
1771942977.4895675,0.18,6.44,3.4,1
1771942983.7683654,15.0,6.57,1.4,1
1771942990.059406,9.2,6.57,1.8,1
1771942996.0958788,12.21,6.68,1.8,1
1771943002.4018722,19.3,6.79,2.0,1
1771943008.4368775,20.09,6.32,2.0,1
1771943014.560908,20.43,6.29,2.2,1
1771943020.5948765,23.0,6.29,2.6,1
1771943026.7029674,22.5,6.53,3.0,1
1771943035.2060735,11.695,41.02,2.8,2
1771943043.5089645,13.239999999999998,40.79,3.0,2
1771943051.6917238,12.395,41.260000000000005,3.0,2
1771943059.9011006,12.850000000000001,41.129999999999995,3.2,2
1771943068.3954766,16.71,41.480000000000004,3.2,2
1771943076.8154037,11.96,41.39,3.3,2
1771943085.210699,17.245,41.64,3.4,2
1771943093.621164,12.385000000000002,41.18,3.4,2
1771943102.0962708,16.735,41.46,3.3,2
1771943110.5051563,12.8,40.94,3.4,2
1771943118.9100828,16.945,41.19,3.3,2
1771943127.392198,12.61,41.57,3.2,2
1771943135.8111117,17.435000000000002,41.769999999999996,3.3,2
1771943144.2913702,11.805,41.55,3.3,2
1771943152.7028508,17.12,41.43,3.3,2
1771943161.189899,11.805,41.269999999999996,3.3,2
1771943169.6040525,17.235,41.53,3.2,2
1771943178.0151312,12.27,41.66,3.3,2
1771943186.4641826,16.115000000000002,41.06,3.4,2
1771943194.8979683,12.68,41.050000000000004,3.2,2
1771943203.3645034,16.0,41.56,3.2,2
1771943211.5631175,15.71,41.440000000000005,3.2,2
1771943219.6018584,12.254999999999999,40.93,3.2,2
1771943227.796161,11.615,40.96,3.0,2
1771943235.997422,12.975,41.43000000000001,2.9,2
1771943244.264363,11.239999999999998,41.57,2.6,2
1771943252.3131611,10.305,41.07,2.4,2
1771943260.5329301,7.459999999999999,41.44,2.0,2
1771943268.911123,5.949999999999999,41.34,2.0,2
1771943276.9610586,0.045,41.71,1.6,2
1771943285.0024912,6.845,41.07,1.7000000000000002,2
1771943293.4040992,3.275,41.31,1.4,2
1771943326.4655242,25.3,6.55,0.2,1
1771943332.50727,0.01,6.57,3.2,1
1771943338.5436594,16.44,6.32,0.6,1
1771943344.5795248,0.01,6.31,1.2,1
1771943350.8663158,0.01,6.45,1.2,1
1771943356.9038568,0.22,6.57,1.2,1
1771943362.9419003,22.23,6.44,1.2,1
1771943369.2705364,15.18,6.68,1.6,1
1771943375.4016526,8.58,6.31,1.8,1
1771943381.440791,18.69,6.69,1.8,1
1771943387.4749506,20.99,6.8,2.4,1
1771943393.8676865,22.12,6.54,2.6,1
1771943400.1582124,19.26,6.47,2.6,1
1771943406.194374,22.03,6.45,2.8,1
1771943414.7959898,12.565000000000001,38.55,3.0,2
1771943423.1105626,13.625,38.71,3.0,2
1771943431.524572,12.45,38.349999999999994,3.2,2
1771943439.7944307,13.004999999999999,38.47,3.2,2
1771943447.995629,12.75,38.39,3.2,2
1771943456.4140582,16.69,38.67,3.2,2
1771943464.9225345,12.365,38.26,3.2,2
1771943473.411748,17.365000000000002,38.29,3.2,2
1771943481.9033132,13.325,38.89,3.2,2
1771943490.3986976,15.82,38.37,3.2,2
1771943498.894059,12.015,38.52,3.2,2
1771943507.3622005,15.945,38.15,3.2,2
1771943515.913894,12.12,38.15,3.2,2
1771943524.3220727,16.380000000000003,38.63,3.4,2
1771943532.8944519,12.81,38.39,3.2,2
1771943541.398084,16.795,38.89,3.2,2
1771943549.9062076,12.780000000000001,38.160000000000004,3.2,2
1771943558.3636959,15.985,38.52,3.4,2
1771943566.599546,16.75,38.86,3.2,2
1771943574.8050885,17.105,38.46,3.2,2
1771943583.0057127,17.33,38.580000000000005,3.2,2
1771943591.307648,15.795,38.54,3.2,2
1771943599.4949005,11.95,38.78,3.2,2
1771943607.6644993,13.55,38.67,2.9,2
1771943615.8047507,11.1,38.51,2.6,2
1771943623.994246,8.685,38.42,2.5,2
1771943632.1662924,8.62,38.29,2.3,2
1771943640.494867,5.705,38.300000000000004,2.0,2
1771943648.6114333,0.91,38.42,1.7000000000000002,2
1771943656.8968172,0.01,38.65,1.5,2
1771943665.2941635,5.210000000000001,38.67,1.5,2
1771943698.3187144,26.59,6.69,0.0,1
1771943704.3580902,17.34,6.44,3.2,1
1771943710.3944702,17.63,6.44,0.8,1
1771943716.435214,17.48,6.44,1.2,1
1771943722.7582564,13.09,6.58,1.4,1
1771943728.7947145,15.47,6.8,0.8,1
1771943734.8368425,7.74,6.55,1.8,1
1771943740.8734884,16.03,6.7,1.8,1
1771943746.964069,14.55,6.58,1.8,1
1771943753.2655578,16.28,6.81,1.8,1
1771943759.7662954,7.79,6.58,2.0,1
1771943765.993728,19.06,6.68,2.4,1
1771943772.0640752,19.94,6.55,2.6,1
1771943778.1007254,23.72,6.6,2.8,1
1771943784.3673685,21.89,6.74,2.6,1
1771943790.6702154,25.18,6.58,3.0,1
1771943798.9767025,13.25,41.04,3.2,2
1771943807.418589,13.84,41.26,3.2,2
1771943815.820232,12.71,40.89,3.2,2
1771943824.364489,16.615,40.89,3.2,2
1771943832.7628098,14.785,41.29,3.2,2
1771943841.2633626,15.29,41.29,3.2,2
1771943849.664249,16.8,41.400000000000006,3.2,2
1771943857.8705578,16.064999999999998,40.53,3.2,2
1771943866.270273,15.77,40.51,3.2,2
1771943874.9709048,12.445,40.87,3.2,2
1771943883.3688257,12.925,40.75,3.2,2
1771943891.7251751,13.52,40.53,3.2,2
1771943900.321436,13.82,40.63,3.2,2
1771943908.6743317,12.67,40.37,3.2,2
1771943917.0211458,14.41,40.64,3.2,2
1771943925.4199762,13.48,40.52,3.2,2
1771943933.8210437,13.495000000000001,40.39,3.2,2
1771943942.229749,13.030000000000001,40.55,3.2,2
1771943950.4220989,13.84,40.769999999999996,3.2,2
1771943958.8660874,12.620000000000001,40.55,3.2,2
1771943966.9711986,15.135,40.67,3.2,2
1771943975.0732093,13.405,40.9,3.2,2
1771943983.3653202,13.79,39.92,2.8,2
1771943991.5674286,10.67,40.4,2.9,2
1771943999.8983598,10.905,40.3,2.8,2
1771944007.944993,9.2,39.669999999999995,2.4,2
1771944016.2625902,6.205,39.910000000000004,2.2,2
1771944024.521662,3.8649999999999998,39.67,1.9,2
1771944032.8521793,9.585,40.029999999999994,1.5,2
1771944040.9202933,4.63,40.28,1.4,2
1771944048.9664986,3.995,39.919999999999995,1.2999999999999998,2
1771944057.0152864,9.58,40.28,1.2999999999999998,2
1771944093.5169017,26.5,6.55,0.0,1
1771944099.5533023,0.01,6.43,3.2,1
1771944105.7629354,3.2,6.68,1.8,1
1771944111.8596315,16.02,6.79,1.6,1
1771944118.063511,16.02,6.65,1.4,1
1771944124.1021845,16.98,6.46,1.6,1
1771944130.3778646,10.98,6.56,2.0,1
1771944136.6988902,17.31,6.56,2.2,1
1771944142.9737663,17.29,6.58,2.8,1
1771944149.0100944,24.66,6.58,2.4,1
1771944155.2639048,15.79,6.55,2.6,1
1771944161.3720598,23.47,6.42,3.0,1
1771944169.8688192,13.985,41.64,3.0,2
1771944178.3624294,13.035,41.98,3.1,2
1771944186.5585263,12.43,41.27,3.2,2
1771944194.8960302,18.09,41.63,3.4,2
1771944203.2579253,11.969999999999999,41.22,3.4,2
1771944211.564482,17.34,41.73,3.4,2
1771944219.8570607,12.055,40.61,3.4,2
1771944228.4665902,12.725000000000001,40.879999999999995,3.4,2
1771944236.775178,16.75,40.99,3.4,2
1771944245.0753176,13.07,41.379999999999995,3.4,2
1771944253.365403,16.5,40.64,3.4,2
1771944261.6839793,12.105,41.01,3.4,2
1771944269.9942636,17.384999999999998,40.89,3.4,2
1771944278.6035712,16.84,40.57,3.4,2
1771944286.9594831,12.025,40.87,3.4,2
1771944295.2831883,17.490000000000002,40.8,3.4,2
1771944303.581505,12.46,41.08,3.4,2
1771944311.8863401,16.24,40.870000000000005,3.4,2
1771944320.2018821,12.285,40.88,3.4,2
1771944328.5088828,17.655,40.65,3.4,2
1771944336.8727682,12.559999999999999,41.01,3.4,2
1771944345.0675986,11.615,40.660000000000004,3.2,2
1771944353.2941968,11.754999999999999,41.15,3.0,2
1771944361.664573,13.93,40.91,2.8,2
1771944369.7109952,9.32,41.019999999999996,2.6,2
1771944377.8931262,11.115,40.97,2.4,2
1771944385.9333293,6.779999999999999,41.14,2.2,2
1771944393.9785125,8.805,40.78,2.1,2
1771944402.0587187,8.895,40.89,2.1,2
1771944410.2618976,10.36,41.27,1.7000000000000002,2
1771944418.3657227,4.51,40.89,1.1,2
1771944426.5844223,8.93,41.150000000000006,1.1,2
1771944434.6317115,4.96,40.910000000000004,0.8,2
1771944442.6810672,0.765,41.019999999999996,0.9,2
1771944450.7241929,3.8249999999999997,40.650000000000006,0.9,2
1771944483.681225,26.58,6.44,0.0,1
1771944490.4721231,7.99,6.56,3.4,1
1771944496.863765,8.97,6.31,1.8,1
1771944503.1921895,17.0,6.8,2.0,1
1771944509.2300742,19.3,6.79,1.8,1
1771944515.3598015,13.57,6.68,2.0,1
1771944521.4962573,17.11,6.66,2.2,1
1771944527.5318565,22.56,6.78,2.4,1
1771944533.8699684,22.94,6.43,2.6,1
1771944540.0581703,22.24,6.32,2.8,1
1771944548.5778685,12.135,40.28,3.1,2
1771944556.9894404,15.45,40.54,3.0,2
1771944565.5774097,12.44,40.33,3.2,2
1771944573.898609,17.715,40.56,3.4,2
1771944584.5043917,9.566666666666668,72.28999999999999,3.4,3
1771944595.000024,11.31,72.87,3.4,3
1771944605.4952173,9.103333333333333,72.52,3.4,3
1771944615.9789424,9.246666666666668,72.28,3.4,3
1771944626.4721675,11.146666666666667,72.91,3.4,3
1771944636.9583783,8.726666666666667,72.52,3.4,3
1771944647.4050694,9.69,72.07000000000001,3.4,3
1771944657.6106439,9.549999999999999,72.69,3.4,3
1771944668.1146073,10.33,72.19,3.4,3
1771944678.6002195,8.89,72.31,3.4,3
1771944689.0962944,9.82,72.29,3.4,3
1771944699.2686179,9.566666666666666,72.17999999999999,3.4,3
1771944709.7100484,10.476666666666667,72.44,3.4,3
1771944719.9187098,9.296666666666667,71.7,3.3333333333333335,3
1771944729.979114,8.16,71.31,3.0,3
1771944740.0831797,8.316666666666668,71.32,3.0,3
1771944750.1361806,6.096666666666667,72.18,2.533333333333333,3
1771944760.3678694,7.63,71.19,2.533333333333333,3
1771944770.5591557,4.1433333333333335,70.82,2.1333333333333333,3
1771944780.6058817,4.903333333333333,71.94,1.8666666666666665,3
1771944790.8726702,2.9066666666666667,70.95,1.4666666666666668,3
1771944800.9238687,0.06333333333333334,71.07,1.3333333333333333,3
1771944840.6896195,12.325,39.489999999999995,1.7,2
1771944875.0008051,27.06,6.69,0.0,1
1771944883.9059644,24.75,6.79,3.4,1
1771944889.9417777,18.05,6.56,2.2,1
1771944896.3726647,15.44,6.76,2.4,1
1771944905.0171697,15.85,41.980000000000004,2.8,2
1771944913.287452,9.469999999999999,42.03,2.6,2
1771944921.4711962,14.489999999999998,42.04,3.0,2
1771944929.599197,16.47,42.080000000000005,3.2,2
1771944937.9665227,16.195,41.82,3.2,2
1771944946.073096,16.415,42.08,3.4,2
1771944954.3840063,12.215,41.96,3.4,2
1771944962.690613,17.05,41.95,3.4,2
1771944971.002145,12.11,42.31,3.4,2
1771944979.3647456,17.095,41.83,3.4,2
1771944987.669948,12.530000000000001,42.31,3.4,2
1771944996.277491,11.905000000000001,41.81,3.4,2
1771945004.8977382,13.035,42.43,3.4,2
1771945013.2148166,17.435000000000002,41.96,3.4,2
1771945021.867472,17.119999999999997,41.839999999999996,3.4,2
1771945030.173425,12.73,41.74,3.4,2
1771945038.4892967,16.825,41.99,3.4,2
1771945046.7935996,13.23,41.98,3.4,2
1771945055.1055336,17.935000000000002,42.46,3.4,2
1771945063.4085643,11.77,42.32,3.4,2
1771945071.7712533,17.565,42.339999999999996,3.4,2
1771945080.0801647,12.305,42.599999999999994,3.4,2
1771945088.163664,12.31,42.24,3.3,2
1771945096.382223,11.46,42.1,3.2,2
1771945104.6630895,12.33,42.120000000000005,3.2,2
1771945112.7629323,14.965,41.98,2.8,2
1771945120.8170633,16.59,42.480000000000004,2.8,2
1771945129.0914557,8.335,42.35,2.6,2
1771945137.179328,6.885,42.1,2.5,2
1771945145.2267284,2.545,42.089999999999996,2.1,2
1771945153.3093243,3.7350000000000003,41.97,1.9,2
1771945161.613407,9.015,42.25,1.7000000000000002,2
1771945169.7018726,8.89,42.12,1.6,2
1771945177.7418022,2.61,42.12,1.2999999999999998,2
1771945185.7867615,0.615,42.11,0.9,2
1771945193.8308861,9.125,42.11,1.1,2
1771945226.1861694,26.74,6.56,0.0,1
1771945232.6657898,18.31,6.55,3.4,1
1771945239.1915445,0.01,6.45,1.4,1
1771945245.223026,8.29,6.68,1.8,1
1771945251.260484,10.5,6.52,1.8,1
1771945257.2946403,14.06,6.79,2.0,1
1771945263.5936172,19.7,6.93,1.6,1
1771945269.6276643,15.8,6.83,2.2,1
1771945275.766685,18.21,6.82,2.4,1
1771945281.9621673,23.32,6.59,2.6,1
1771945288.362102,25.4,6.45,2.8,1
1771945294.3939338,23.37,6.56,2.8,1
1771945302.9789507,14.24,38.42,2.9,2
1771945311.3633695,15.950000000000001,38.379999999999995,3.0,2
1771945319.820082,14.100000000000001,38.62,3.0,2
1771945328.4214735,13.435,38.5,3.0,2
1771945339.0279589,8.89,70.38,3.2000000000000006,3
1771945349.6227424,8.979999999999999,70.17,3.2000000000000006,3
1771945359.9681995,9.646666666666667,70.31,3.2000000000000006,3
1771945370.3730183,9.493333333333334,70.7,3.2000000000000006,3
1771945380.6677911,9.426666666666668,70.49,3.0666666666666664,3
1771945391.139539,9.4,69.95,3.2000000000000006,3
1771945401.7262726,9.17,70.11,3.2000000000000006,3
1771945412.2795742,10.203333333333333,70.48,3.2000000000000006,3
1771945422.8685384,9.62,70.33,3.2000000000000006,3
1771945433.2766037,9.233333333333333,70.55,3.2000000000000006,3
1771945443.8249629,9.07,69.7,3.2000000000000006,3
1771945454.2692473,9.23,70.33,3.1333333333333333,3
1771945464.5226598,8.996666666666668,70.08,3.1333333333333333,3
1771945474.6664348,8.88,70.81,3.1333333333333333,3
1771945484.7787051,7.763333333333333,70.67,3.0,3
1771945494.8733854,7.6866666666666665,70.19,3.0,3
1771945505.239012,5.84,70.46,2.7999999999999994,3
1771945515.5418327,3.1233333333333335,69.71,2.2,3
1771945525.9718733,5.990000000000001,70.35,1.8,3
1771945536.020487,4.2299999999999995,69.98,1.8,3
1771945575.4162626,19.4,38.44,1.9,2
1771945583.4624357,4.895,38.31,1.1,2
1771945591.6690726,0.01,38.3,0.9,2
1771945599.8626583,1.04,38.17,0.9,2
1771945607.906831,0.135,38.65,0.8,2
1771945641.0581105,25.21,6.94,0.4,1
1771945650.2785904,25.06,6.58,3.4,1
1771945656.3121772,16.82,6.44,2.4,1
1771945662.7684941,18.37,6.33,2.6,1
1771945668.9583194,22.06,6.42,2.8,1
1771945675.158461,24.7,6.81,3.0,1
1771945683.7697678,12.620000000000001,39.94,3.1,2
1771945692.081504,11.905,39.78,3.2,2
1771945700.3327997,12.61,39.92,3.2,2
1771945708.8639205,17.0,39.89,3.2,2
1771945719.5712934,9.049999999999999,74.59,3.4,3
1771945729.8729236,9.256666666666666,73.59,3.4,3
1771945740.168873,9.723333333333334,70.92999999999999,3.2000000000000006,3
1771945750.7376652,10.42,71.38,3.4,3
1771945761.3546474,9.213333333333333,71.39,3.2000000000000006,3
1771945771.6773458,9.03,71.15,3.2000000000000006,3
1771945782.190166,9.553333333333333,71.53,3.4,3
1771945792.494453,9.653333333333334,71.63,3.266666666666667,3
1771945803.0888093,10.356666666666667,71.38,3.4,3
1771945813.3967485,9.926666666666668,71.52,3.266666666666667,3
1771945823.7381284,10.52,71.63000000000001,3.4,3
1771945834.0363314,9.903333333333334,72.11,3.2000000000000006,3
1771945844.3360054,9.62,71.39,3.3333333333333335,3
1771945854.5675356,9.283333333333333,71.39,3.2000000000000006,3
1771945865.0716286,9.72,71.26,2.9333333333333336,3
1771945875.3217976,8.746666666666668,71.15,2.7999999999999994,3
1771945885.6746154,9.453333333333333,71.07,2.6,3
1771945895.7826576,3.606666666666667,68.72999999999999,2.266666666666667,3
1771945906.009937,3.153333333333333,67.74,1.8666666666666665,3
1771945916.0589166,4.696666666666666,66.65,1.6666666666666667,3
1771945926.3033836,5.509999999999999,66.21,1.5333333333333332,3
1771945966.2655935,14.86,35.68,1.8,2
1771945974.33047,0.14,35.13,0.6,2
1771945982.585967,4.46,34.51,1.2,2
1771945990.6458755,4.875,34.31,1.2,2
1771946024.1720223,25.11,6.49,0.8,1
1771946033.3952463,25.17,6.68,3.4,1
1771946039.7732565,20.08,6.47,2.6,1
1771946046.0693214,21.54,6.61,2.8,1
1771946052.2886772,23.37,6.49,2.8,1
1771946060.892617,13.864999999999998,47.07,3.1,2
1771946069.2757697,12.31,47.17,3.2,2
1771946077.775466,13.080000000000002,46.95,3.2,2
1771946086.4632604,16.02,46.91,3.2,2
1771946097.2347503,9.896666666666667,78.85,3.2000000000000006,3
1771946107.723197,9.82,78.4,3.2000000000000006,3
1771946118.124439,10.063333333333333,78.74000000000001,3.2000000000000006,3
1771946128.571567,10.266666666666667,78.86999999999999,3.2000000000000006,3
1771946139.1228154,9.703333333333333,78.62,3.2000000000000006,3
1771946149.6739624,10.453333333333333,79.03,3.2000000000000006,3
1771946160.1733973,10.496666666666668,78.9,3.2000000000000006,3
1771946170.7236862,9.066666666666668,79.22999999999999,3.2000000000000006,3
1771946181.0825095,9.303333333333333,79.28,3.2000000000000006,3
1771946191.669187,9.1,78.55,3.2000000000000006,3
1771946202.2675288,10.123333333333333,78.29,3.2000000000000006,3
1771946212.8701663,9.273333333333333,78.62,3.2000000000000006,3
1771946223.1389353,8.77,78.66,3.2000000000000006,3
1771946233.3216088,9.093333333333334,78.55,3.2000000000000006,3
1771946243.4686224,8.07,78.69,3.0,3
1771946253.5400677,6.75,78.91000000000001,2.7999999999999994,3
1771946263.722051,9.4,78.9,2.466666666666667,3
1771946273.7826958,8.493333333333334,78.9,2.466666666666667,3
1771946283.903087,5.816666666666666,78.52000000000001,2.0,3
1771946294.23944,0.07666666666666666,78.9,1.6000000000000003,3
1771946304.2935722,0.08,78.63,1.2666666666666666,3
1771946314.3425715,3.2933333333333334,78.65,1.4666666666666668,3
1771946353.9648905,9.91,46.72,1.5,2
1771946388.9791777,26.25,6.34,0.0,1
1771946397.895539,23.02,6.24,3.4,1
1771946404.0599425,17.2,6.48,2.6,1
1771946410.0986512,24.9,6.25,2.4,1
1771946416.1386604,23.58,6.38,2.4,1
1771946424.4614937,11.9,42.589999999999996,2.8,2
1771946432.6673987,13.945,42.28,3.1,2
1771946440.7806387,13.94,41.65,3.2,2
1771946449.0619793,16.055,41.66,3.3,2
1771946459.5364244,9.66,78.48,3.2000000000000006,3
1771946469.878154,10.020000000000001,77.95,3.2000000000000006,3
1771946480.336224,9.573333333333332,77.95,3.2000000000000006,3
1771946490.7746837,9.76,76.97,3.2000000000000006,3
1771946501.1764865,9.616666666666667,76.95,3.2000000000000006,3
1771946511.6429136,9.633333333333333,76.72999999999999,3.2000000000000006,3
1771946522.082921,9.403333333333334,76.46000000000001,3.2000000000000006,3
1771946532.484677,9.673333333333334,76.94,3.2000000000000006,3
1771946542.8774753,10.030000000000001,77.2,3.2000000000000006,3
1771946553.3371387,9.49,76.71,3.2000000000000006,3
1771946563.7404366,9.573333333333332,76.95,3.2000000000000006,3
1771946574.1357608,9.503333333333332,76.97,3.2000000000000006,3
1771946584.5771966,9.950000000000001,76.72,3.2000000000000006,3
1771946594.976978,8.786666666666667,76.71,3.2000000000000006,3
1771946605.1744337,10.82,76.58,3.2000000000000006,3
1771946615.5676956,9.163333333333334,77.27,3.0666666666666664,3
1771946625.9725814,8.423333333333334,76.85,3.0,3
1771946636.2821383,9.4,76.75,2.466666666666667,3
1771946646.5520816,5.786666666666668,76.47,2.533333333333333,3
1771946656.9700694,6.243333333333333,76.59,2.266666666666667,3
1771946667.36881,4.443333333333333,76.84,1.8666666666666665,3
1771946677.4153137,3.213333333333333,76.33999999999999,1.6666666666666667,3
1771946687.4718342,0.01,76.60000000000001,1.2666666666666666,3
1771946697.6952472,3.51,76.96,1.2,3
1771946736.4849153,13.989999999999998,39.68,1.8,2
1771946744.9698224,4.2749999999999995,38.94,1.2999999999999998,2
1771946753.01865,15.75,39.2,1.4,2
1771946761.0691597,8.465,39.31,1.4,2
1771946769.1231463,5.07,39.31,1.7000000000000002,2
1771946777.4533927,12.52,39.81,2.4,2
1771946785.4971693,10.59,39.92,2.4,2
1771946793.8635964,12.940000000000001,39.410000000000004,2.4,2
1771946802.1836064,9.094999999999999,39.129999999999995,2.6,2
1771946810.545305,10.065000000000001,39.150000000000006,3.0,2
1771946818.890667,16.375,39.15,3.2,2
1771946827.369311,13.02,39.510000000000005,3.2,2
1771946835.7802482,17.01,39.629999999999995,3.3,2
1771946844.1741583,12.985,39.62,3.4,2
1771946852.5807161,16.565,39.26,3.3,2
1771946860.9672136,12.65,39.27,3.4,2
1771946869.3651361,17.025,39.35,3.4,2
1771946877.744398,12.49,39.379999999999995,3.4,2
1771946886.093395,16.985,39.5,3.4,2
1771946894.4841938,13.52,39.760000000000005,3.4,2
1771946902.8940635,17.380000000000003,39.25,3.3,2
1771946911.2762988,12.865,39.62,3.4,2
1771946919.6652734,16.265,39.370000000000005,3.4,2
1771946928.076847,13.600000000000001,39.03,3.2,2
1771946936.4954102,16.385,39.18,3.3,2
1771946944.9662046,12.595,39.28,3.2,2
1771946953.295254,17.520000000000003,39.66,3.4,2
1771946961.682272,13.25,39.28,3.4,2
1771946970.0836592,17.33,38.91,3.4,2
1771946978.1742845,16.2,39.25,3.4,2
1771946986.468968,14.805,39.5,3.2,2
1771946994.6827877,12.38,39.730000000000004,3.0,2
1771947002.9077468,12.985,39.63,2.8,2
1771947011.4802446,12.165,39.239999999999995,2.4,2
1771947019.59048,11.105,39.15,2.6,2
1771947027.6395507,10.245000000000001,39.65,2.2,2
1771947035.6868618,8.61,39.04,1.9,2
1771947043.7324169,1.555,39.379999999999995,1.6,2
1771947051.7794952,10.024999999999999,39.65,1.7000000000000002,2
1771947059.8966956,0.085,39.39,1.2999999999999998,2
1771947067.9458408,2.595,39.03,1.2,2
1771947075.9952826,2.3249999999999997,38.91,1.1,2
1771947109.632124,25.85,6.18,0.0,1
1771947115.791201,8.95,6.3,3.4,1
1771947121.827777,17.02,6.18,1.2,1
1771947127.860586,18.28,6.42,1.2,1
1771947133.8991094,9.56,6.54,1.2,1
1771947139.9355166,9.38,6.54,1.6,1
1771947145.9718094,24.89,6.4,2.0,1
1771947152.002809,22.47,6.3,2.2,1
1771949241.3964965,20.08,6.17,2.2,1
1771949247.7150884,25.56,6.18,2.8,1
1771949256.397868,21.125,44.51,3.0,2
1772453041.2458444,0.01,6.24,0.0,1
1772453047.3809206,0.01,6.24,0.0,1
1772453053.523477,0.01,6.24,0.0,1
1772453059.6521528,0.01,6.36,0.0,1
1772453415.149267,0.01,6.13,0.0,1
1772453421.2916837,0.31,6.38,0.0,1
1772453427.422302,0.01,6.26,0.0,1
1772453433.551819,0.01,6.29,0.0,1
1772453439.7055266,0.01,6.54,0.0,1
1772453445.8349037,0.31,6.66,0.0,1
1772453451.966483,0.02,6.66,0.0,1
1772453458.0916405,0.15,6.33,0.0,1
1772453464.2065885,0.01,6.21,0.0,1
1772453470.3387527,0.02,6.21,0.0,1
1772453476.4700582,0.01,6.21,0.0,1
1772453482.6144912,0.01,6.34,0.0,1
1772453488.7529244,0.11,6.34,0.0,1
1772453494.8856776,0.01,6.21,0.0,1
1772453501.000356,0.26,6.47,0.0,1
1772453507.1193624,0.01,6.46,0.0,1
1772453513.238252,0.01,6.22,0.0,1
1772453519.3572407,0.01,6.34,0.0,1
1772453525.4711473,0.28,6.58,0.0,1
1772453531.5969222,0.01,6.35,0.0,1
1772453537.7222703,0.01,6.35,0.0,1
1772453543.8350196,0.01,6.22,0.0,1
1772453549.9464407,0.01,6.35,0.0,1
1772453556.0715988,0.26,6.47,0.0,1
1772453562.203121,0.01,6.35,0.0,1
1772453568.3347683,0.1,6.47,0.0,1
1772453574.452369,0.01,6.22,0.0,1
1772453580.5653522,0.28,6.59,0.0,1
1772453586.6940246,0.01,6.22,0.0,1
1772453592.8147252,0.02,6.22,0.0,1
1772453598.9457664,0.13,6.47,0.0,1
1772453605.0755184,0.02,6.22,0.0,1
1772453611.1931324,0.22,6.35,0.0,1
1772453617.336972,0.01,6.35,0.0,1
1772453623.4563487,0.01,6.22,0.0,1
1772453629.569136,0.01,6.22,0.0,1
1772453635.6912205,0.26,6.47,0.0,1
1772453641.970487,22.63,6.81,2.0,1
1772453648.4409628,25.55,6.58,3.0,1
1772453654.7541873,25.71,6.71,3.2,1
1772453661.095373,25.5,6.7,3.2,1
1772453667.365011,25.33,6.7,3.2,1
1772453673.9411116,25.24,6.7,3.4,1
1772453680.490134,24.88,6.71,3.2,1
1772453687.0708451,25.34,6.59,3.2,1
1772453693.3719862,25.67,6.72,3.2,1
1772453699.8796268,25.31,6.84,3.4,1
1772453706.459835,25.54,6.62,3.4,1
1772453713.0556395,25.29,6.6,3.2,1
1772453719.5761995,24.88,6.98,3.4,1
1772453726.1594071,25.39,6.87,3.4,1
1772453732.7524967,25.39,6.74,3.4,1
1772453739.2635484,25.32,6.99,3.4,1
1772453745.851589,25.54,6.63,3.2,1
1772453752.371212,25.22,6.75,3.2,1
1772453784.6146622,24.97,6.9,3.2,1
1772453810.1522596,25.04,6.77,3.4,1
1772453816.428127,24.97,7.03,3.2,1
1772453822.8032024,24.45,6.89,3.2,1
1772453829.2054245,21.22,6.93,3.0,1
1772453853.3318334,14.79,6.66,2.2,1
1772453859.5233705,21.18,6.66,2.2,1
1772453866.095871,10.0,6.79,2.2,1
1772453872.2834558,10.2,6.91,2.0,1
1772453878.8078272,2.44,6.79,2.0,1
1772453885.118641,8.77,6.41,1.4,1
1772453891.3029556,6.68,6.66,1.2,1
1772453897.8953214,0.25,6.66,1.4,1
1772453904.0640912,14.14,6.79,0.8,1
1772453910.2947462,10.11,6.5,0.6,1
1772453916.6858695,13.54,6.5,1.4,1
1772453923.1853192,8.79,6.99,1.2,1
1772453929.3431158,8.5,6.5,0.8,1
1772453936.0774379,17.76,6.75,1.2,1
1772453982.7503595,15.16,6.45,2.0,1
1772453989.1877985,17.39,6.61,2.2,1
1772453995.4950757,16.63,6.85,2.4,1
1772454001.9939961,19.77,6.36,2.6,1
1772454008.2929316,21.08,6.71,2.8,1
1772454050.4971395,0.33,6.52,0.0,1
1772454056.635847,0.01,6.65,0.0,1
1772454062.7950602,0.01,6.42,0.0,1
1772454068.946762,0.01,6.3,0.0,1
1772454075.131394,0.32,6.67,0.0,1
1772519018.000491,0.01,6.32,0.0,1
1772519024.1536212,0.02,6.56,0.0,1
1772519030.297642,0.01,6.32,0.0,1
1772519036.485348,0.01,6.69,0.0,1
1772519042.6924856,0.15,6.44,0.0,1
1772519048.9482374,0.01,6.32,0.0,1
1772519055.1839147,0.01,6.32,0.0,1
1772519061.396986,0.26,6.44,0.0,1
1772519067.5670311,0.01,6.32,0.0,1
1772519073.7426968,0.01,6.69,0.0,1
1772519079.9561684,0.01,6.32,0.0,1
1772519086.1309326,0.29,6.57,0.0,1
1772540759.0227647,24.62,44.45,1.8,1
1772540765.3514202,25.04,43.61,3.2,1
1772540771.7259514,25.02,43.85,3.2,1
1772540778.0176923,25.3,43.73,3.2,1
1772540784.242002,25.23,43.57,3.4,1
1772540790.7259805,25.44,43.73,3.4,1
1772540797.1408494,24.96,44.09,3.4,1
1772540803.3263485,25.12,44.13,3.4,1
1772540812.0665398,17.235,76.53999999999999,3.4,2
1772540820.4570615,13.425,76.67,3.4,2
1772540828.847957,16.645,76.41,3.4,2
1772540837.2448823,12.809999999999999,77.05,3.4,2
1772540847.9827929,9.59,108.41999999999999,3.2000000000000006,3
1772540858.6229744,9.156666666666666,108.57,3.0,3
1772540869.271988,9.343333333333334,109.04,3.0666666666666664,3
1772540879.619619,9.423333333333334,108.46000000000001,3.0666666666666664,3
1772540889.9381795,9.18,108.57,3.0666666666666664,3
1772540900.2753527,9.19,108.69,3.0666666666666664,3
1772540910.9485755,9.08,108.67000000000002,3.0666666666666664,3
1772882216.380846,0.02,42.7,0.0,1
1772882222.4509969,0.01,42.84,0.0,1
1772882266.4564035,0.01,32.13,0.0,1
1772882272.5210693,0.01,31.86,0.0,1
1772882284.6002245,0.01,30.04,0.0,1
1772882290.678452,0.02,30.09,0.0,1
1772882342.0247972,0.12,24.51,0.0,1
1772882348.091135,0.22,24.62,0.0,1
1772882354.187156,0.01,24.51,0.0,1
1772882376.5308585,0.01,24.52,0.0,1
1772882502.2589216,0.01,16.05,0.0,1
1772882508.3133824,0.23,16.42,0.0,1
1772882529.9477243,0.01,16.07,0.0,1
1772882592.0035717,0.11,16.33,0.0,1
1772882598.0379622,0.18,16.21,0.0,1
1772882604.0988123,0.01,16.08,0.0,1
1772882610.145771,0.01,16.08,0.0,1
1772882847.0002098,0.01,15.2,0.0,1
1772882853.0556982,0.01,15.44,0.0,1
1772882859.10375,0.24,15.45,0.0,1
1772882865.1471984,0.01,15.57,0.0,1
1772882871.2142298,0.02,15.33,0.0,1
1774351610.3710144,0.01,5.08,0.0,1
1774351617.3913844,0.01,7.31,0.0,1
1774351624.4171128,0.01,7.93,0.0,1
1774351631.4433272,0.09,7.57,0.0,1
1774351638.4702246,0.35,7.7,0.0,1
1774351645.5002434,0.01,7.33,0.0,1
1774351652.5299466,25.19,7.89,1.8,1
1774351659.5567536,25.28,7.36,3.2,1
1774351666.5798252,24.73,7.6,3.2,1
1774351673.606746,25.08,7.36,3.4,1
1774351680.6386282,25.12,7.41,3.4,1
1774351690.695161,12.83,46.72,3.4,2
1774351699.740789,14.365,46.96,3.4,2
1774352778.2567084,10.795,70.53,2.6,2
1774352787.2858207,12.14,68.98,3.0,2
1774352796.3342087,12.680000000000001,67.83,3.2,2
1774352805.377224,12.475000000000001,67.39,3.3,2
1774352814.4288373,12.67,67.52,3.4,2
1774352823.493401,12.76,67.72,3.4,2
1774352832.5431242,12.69,66.99000000000001,3.4,2
1774352841.5887578,12.594999999999999,66.25,3.4,2
1774352850.669503,12.440000000000001,78.28999999999999,3.4,2
1774352963.465171,24.13,41.89,1.0,1
1774352969.5051103,23.08,40.81,3.0,1
1774352976.1803844,24.32,36.55,2.8,1
1774352982.4048164,22.21,36.19,3.0,1
1774352991.7375429,7.300000000000001,75.27000000000001,2.5,2
1774353000.7472084,10.14,71.91,2.3,2
1774353008.950498,0.09000000000000001,71.79,1.9,2
1774353017.7454097,7.115,61.75,1.8,2
1774353026.7469368,4.635,57.06,1.2999999999999998,2
1774353034.8035574,4.535,56.05,1.2999999999999998,2
1774353043.462366,4.035,55.68,1.2,2
1774353052.464423,4.215,54.91,1.0,2
1774353060.4480922,0.01,25.1,0.2,1
1774353066.4931424,0.01,25.11,0.0,1
1774353072.5319324,0.01,25.35,0.0,1
1774353079.4481597,0.01,25.24,0.0,1
1774353114.4531028,25.03,15.56,0.6,1
1774353126.3852196,25.47,15.48,3.4,1
1774353132.8654137,25.13,15.62,3.4,1
1774353139.4507415,25.1,15.64,3.4,1
1774353146.4549801,25.39,15.67,3.4,1
1774353156.4637685,12.96,57.540000000000006,3.4,2
1774353164.8814502,17.785,43.49,3.2,2
1774353173.4663358,15.075000000000001,42.17,3.2,2
1774353182.4602323,16.205,41.91,3.3,2
1774353193.4660976,9.623333333333333,82.75,3.4,3
1774353204.5016832,9.74,81.13,3.4,3
1774353215.5388186,9.589999999999998,81.11,3.4,3
1774353226.580902,9.653333333333334,79.84,3.4,3
1774353237.6204875,9.293333333333335,80.23,3.4,3
1774353248.6557837,10.266666666666666,79.7,3.3333333333333335,3
1774353259.6889687,8.373333333333333,76.52000000000001,3.2000000000000006,3
1774353270.7241795,8.11,74.06,2.9333333333333336,3
1774353281.7513313,6.41,73.10000000000001,2.8000000000000003,3
1774353292.783168,8.07,71.39,2.6,3
1774353303.8162687,5.896666666666667,68.8,2.2666666666666666,3
1774353314.8580172,4.77,65.8,1.7333333333333334,3
1774353325.904029,5.333333333333333,66.48,1.8,3
1774353336.944715,3.5366666666666666,66.17,1.2666666666666666,3
1774353377.0680923,14.395,34.97,1.7000000000000002,2
1774353386.0938735,4.325,34.45,1.1,2
1774353395.1253338,9.195,34.09,1.1,2
1774353404.1521852,0.855,34.21,1.4,2
1774353413.1870346,9.379999999999999,34.72,1.9,2
1774353422.2141821,8.815,34.13,1.7000000000000002,2
1774353430.346625,9.495000000000001,34.24,2.1,2
1774353439.4704218,13.260000000000002,34.5,2.4,2
1774353448.465159,11.420000000000002,34.04,2.8,2
1774353457.4588506,10.575,33.94,2.9,2
1774353466.4699318,13.245000000000001,34.18,3.1,2
1774353474.6752968,13.08,33.4,3.2,2
1774353483.4631407,13.969999999999999,33.63,3.2,2
1774353492.4821043,13.015,34.13,3.2,2
1774353501.4559233,16.36,33.660000000000004,3.3,2
1774353509.8455665,12.655000000000001,34.01,3.2,2
1774353518.4676402,15.53,33.74,3.3,2
1774353527.475855,13.620000000000001,33.269999999999996,3.3,2
1774353536.4703078,16.315,33.96,3.2,2
1774353544.884705,13.364999999999998,33.46,3.3,2
1774353553.4634488,15.555,33.47,3.2,2
1774353562.469765,13.58,33.21,3.2,2
1774353571.4923868,16.38,33.75,3.2,2
1774353579.882661,13.43,33.99,3.3,2
1774353588.4613566,15.399999999999999,34.11,3.2,2
1774353597.4605494,13.315,33.75,3.2,2
1774353606.4615781,14.685,36.879999999999995,3.2,2
1774353614.7715566,16.655,36.22,3.2,2
1774353623.4605274,15.4,35.99,3.2,2
1774353632.4972415,14.725,35.9,3.2,2
1774353641.4560494,12.219999999999999,35.95,3.2,2
1774353649.687171,14.04,36.24,3.1,2
1774353658.4754105,12.995000000000001,35.7,2.8,2
1774353667.4653962,10.875,35.5,2.4,2
1774353676.456683,7.195,35.63,2.3,2
1774353684.745449,8.155000000000001,35.17,2.3,2
1774353693.7758603,12.82,35.519999999999996,1.8,2
1774353702.4670413,0.01,35.48,1.2999999999999998,2
1774353711.4584417,0.12000000000000001,35.6,1.4,2
1774353719.676464,2.2849999999999997,35.73,1.5,2
1774353728.4686315,0.11,33.59,1.0,2
1774355628.2124858,25.24,46.76,0.0,1
1774355634.3286335,22.9,41.0,0.6,1
1774355640.431458,8.92,39.27,0.4,1
1774355646.499016,17.54,37.6,1.0,1
1774355652.66278,9.42,35.79,1.0,1
1774355658.7900636,9.95,29.56,1.2,1
1774355665.5923972,14.65,22.62,1.2,1
1774355671.7084053,17.29,22.26,1.6,1
1774355677.9503412,13.58,22.08,1.8,1
1774355684.0272164,16.1,19.05,2.2,1
1774355690.099193,16.2,19.21,0.2,1
1774355696.3520517,25.28,18.86,3.0,1
1774355702.9249835,24.68,17.55,3.2,1
1774355709.3898416,24.83,16.49,3.2,1
1774355720.0234253,18.1,57.22,3.3,2
1774355729.0766017,14.5,58.8,3.2,2
1774355737.9648676,14.969999999999999,56.519999999999996,3.2,2
1774355746.9995081,14.135,56.39,3.1,2
1774355759.9918184,15.783333333333333,95.43,3.2000000000000006,3
1774355771.0559325,9.96,95.05,3.2000000000000006,3
1774355782.1291602,9.226666666666667,90.87,3.2000000000000006,3
1774355793.2066767,10.25,84.07,3.2000000000000006,3
1774355804.2571108,9.340000000000002,81.69,3.2000000000000006,3
1774355815.3097658,10.03,74.01,3.2000000000000006,3
1774355826.3518398,9.803333333333333,67.39,3.2000000000000006,3
1774355837.4058652,10.186666666666667,66.83,3.2000000000000006,3
1774355848.4707587,8.953333333333333,66.65,3.2000000000000006,3
1774355859.5368793,10.183333333333334,63.18,3.2000000000000006,3
1774355870.6131806,9.033333333333333,60.24,3.2000000000000006,3
1774355881.6632133,7.533333333333334,57.66,2.9333333333333336,3
1774355892.7177265,7.683333333333334,56.91,2.9333333333333336,3
1774355903.7652817,1.8333333333333333,54.230000000000004,2.6,3
1774355914.8398945,6.396666666666667,49.48,2.066666666666667,3
1774355925.8976912,6.9799999999999995,49.63,1.8,3
1774355970.0622294,11.055,29.09,1.7000000000000002,2
1774355978.143206,4.81,28.88,0.8,2
1774355986.3580039,5.115,29.39,1.2,2
1774355994.4462085,4.88,29.02,1.2,2
1774356031.0473752,25.58,15.35,0.2,1
1774356039.8734238,23.28,18.63,3.2,1
1774356046.2510302,15.28,18.52,2.2,1
1774356052.323976,23.5,18.64,2.4,1
1774356058.4683785,20.46,18.78,2.6,1
1774356064.6486363,23.85,18.65,2.8,1
1774356073.7632055,20.42,61.61,3.0,2
1774356082.1970232,13.845,59.24,3.0,2
1774356090.5939908,13.92,57.61,3.0,2
1774356099.0021806,13.915,55.870000000000005,3.0,2
1774356110.1035054,12.943333333333333,93.55,3.0,3
1774356120.5028749,9.713333333333333,90.82000000000001,3.0,3
1774356131.1625218,9.459999999999999,88.17999999999999,3.0,3
1774356141.8374045,9.54,88.27000000000001,3.0,3
1774356152.532799,9.593333333333334,86.9,3.0,3
1774356163.1600554,9.35,86.22999999999999,3.0,3
1774356173.8385925,9.41,86.33,3.0,3
1774356184.1600387,9.32,86.61,3.0,3
1774356194.5039682,9.336666666666666,86.48,3.0,3
1774356205.1716118,9.536666666666667,86.37,3.0,3
1774356215.5036657,9.396666666666667,86.49,3.0666666666666664,3
1774356225.8416796,9.386666666666667,86.5,3.0,3
1774356236.1613529,9.503333333333332,83.82,3.0,3
1774356246.504607,9.606666666666667,82.75,3.0,3
1774356256.7192135,9.413333333333334,82.05,3.0,3
1774356267.1113393,7.543333333333333,59.42,2.9333333333333336,3
1774356277.4058635,8.9,58.769999999999996,2.6666666666666665,3
1774356288.0036094,6.516666666666667,57.88,2.2,3
1774356298.1574364,3.266666666666666,48.46,2.3333333333333335,3
1774356308.270019,4.256666666666667,48.91,1.9333333333333333,3
1774356318.609034,3.4933333333333327,48.44,1.3999999999999997,3
1774356361.0889385,18.96,32.6,1.5,2
1774356369.1723852,3.3049999999999997,32.02,1.0,2
1774356377.38914,2.765,32.17,1.5,2
1774356385.7546313,13.260000000000002,32.13,1.7000000000000002,2
1774356393.8359168,1.8,32.02,1.2999999999999998,2
1774356401.9172,9.515,32.04,1.4,2
1774356410.3545365,12.305,31.54,1.9,2
1774356418.4394329,10.21,31.43,2.2,2
1774356426.553426,9.185,30.689999999999998,2.3,2
1774356434.9299319,9.995000000000001,28.439999999999998,2.6,2
1774356443.3523831,14.98,26.08,2.7,2
1774356451.7673728,16.725,25.72,3.0,2
1774356460.797315,14.495000000000001,26.25,3.0,2
1774356469.850323,14.46,26.04,3.0,2
1774356478.8975222,16.07,26.05,3.0,2
1775369081.8188214,0.01,40.16,0.0,1
1775369114.962445,15.89,42.61,0.0,1
1775369120.9955914,0.01,40.85,0.0,1
1775369127.5016465,0.24,28.61,0.0,1
1775369133.5512536,0.63,28.42,0.0,1
1775369140.073064,0.26,27.53,0.0,1
1775369146.1594365,25.16,24.5,3.0,1
1775369152.293791,24.19,23.89,3.2,1
1775369158.6549885,25.23,23.11,3.2,1
1775369165.070546,24.9,21.9,3.4,1
1775369171.3028545,25.23,21.77,3.4,1
1775369180.0857258,12.495000000000001,59.06,3.4,2
1776063309.6259286,0.01,18.4,0.0,1
1776063317.693991,0.01,18.35,0.0,1
1776063325.7574272,0.25,18.34,0.0,1
1776063365.7365184,0.32,12.43,0.0,1
1776063373.788435,0.01,12.25,0.0,1
1776063381.8406243,0.1,12.62,0.0,1
1776063389.9248245,0.01,12.26,0.0,1
1776063398.0234745,0.02,12.63,0.0,1
1776063406.1194732,0.35,12.64,0.0,1
1776063414.2065454,0.01,12.27,0.0,1
1776063422.3002596,0.2,12.27,0.0,1
1776063430.8403533,25.14,12.91,1.4,1
1776063439.0656624,25.06,13.03,3.2,1
1776063447.3493648,25.1,13.28,3.2,1
1776341902.0104449,0.01,43.76,0.0,1
1776341908.1145942,0.16,38.17,0.0,1
1776341914.1829908,0.01,23.34,0.0,1
1776341921.208276,0.01,20.77,0.0,1
1776341981.9329329,6.45,35.42,0.0,1
1776341988.6594355,0.01,34.79,0.0,1
1776341994.94224,24.5,35.06,0.2,1
1776342000.9872332,26.12,35.11,3.2,1
1776342007.2350209,23.35,35.51,3.2,1
1776342013.5005944,24.94,35.27,3.2,1
1776342023.5029216,15.940000000000001,72.99,3.3,2
1776342032.5092795,13.925,58.03,3.2,2
1776342041.5074017,14.280000000000001,52.39,3.2,2
1776342050.49888,13.985,52.85,3.2,2
1776342059.0791376,16.105,52.74,3.2,2
1776342068.1256979,14.765,49.16,3.2,2
1776342076.5258393,15.515,38.8,3.2,2
1776342085.495541,16.0,39.17,3.2,2
1776342093.9479194,15.215,39.53,3.2,2
1776342102.5018098,15.135000000000002,39.37,3.2,2
1776342111.4990995,14.68,39.75,3.2,2
1776342120.5041792,15.675,39.39,3.2,2
1776342129.1751328,13.02,39.53,3.2,2
1776342138.5072696,14.024999999999999,38.85,3.2,2
1776342147.5088396,13.495000000000001,36.33,3.2,2
1776342156.50524,12.835,32.69,3.2,2
1776345224.1091087,0.01,48.74,0.0,1
1776345230.144055,0.01,48.48,0.0,1
1776345237.0797873,0.01,45.45,0.0,1
1776345243.1102262,0.24,45.21,0.0,1
1776345249.1889682,0.01,43.69,0.0,1
1776345256.0648344,0.01,43.19,0.0,1
1776345262.09814,0.01,42.39,0.0,1
1776345268.1319926,0.18,41.17,0.0,1
1776345274.1795099,0.01,35.75,0.0,1
1776345280.8381915,0.11,36.12,0.0,1
1776345286.8804436,0.01,36.0,0.0,1
1776345292.9161823,0.24,36.24,0.0,1
1776411517.7589514,0.02,42.25,0.0,1
1776411523.7918806,0.14,42.31,0.0,1
1776411529.8487837,0.01,42.1,0.0,1
1776411536.1924474,0.01,34.64,0.0,1
1776411542.3239808,0.01,33.25,0.0,1
1776411548.949748,0.01,31.96,0.0,1
1776411618.9198353,0.01,41.97,0.0,1
1776411625.5129411,0.13,38.5,0.0,1
1776411631.5386684,0.19,38.62,0.0,1
1776411637.567159,0.01,38.74,0.0,1
1776413364.2968771,0.01,45.79,0.0,1
1776413633.8090532,0.01,39.61,0.0,1
1776413639.8612514,0.01,39.48,0.0,1
1776413645.89688,0.01,39.6,0.0,1
1776413651.9647756,0.01,38.8,0.0,1
1776413658.7646081,0.15,34.96,0.0,1
1776413664.8241813,0.01,34.14,0.0,1
1776413670.877624,0.01,33.4,0.0,1
1776413676.967264,0.02,31.21,0.0,1
1776413683.5867143,0.01,30.49,0.0,1
1776413690.0863736,0.01,30.49,0.0,1
1776413696.1481621,0.01,30.42,0.0,1
1776413702.2472327,0.39,27.39,0.0,1
1776413708.3112066,0.22,26.48,0.0,1
1776413731.1090164,8.75,39.56,0.0,1
1776413737.9344287,0.01,36.52,0.0,1
1776413743.9755497,0.01,36.0,0.0,1
1776413750.0267322,0.01,34.58,0.0,1
1776413756.1266906,0.4,30.92,0.0,1
1776413762.943868,0.01,30.49,0.0,1
1776413769.0090468,0.01,28.83,0.0,1
1776413775.0684512,0.01,28.62,0.0,1
1776413781.1350565,0.3,28.97,0.0,1
1776413787.9374678,0.01,28.62,0.0,1
1776413793.99448,0.01,28.21,0.0,1
1776413800.0428503,0.01,27.29,0.0,1
1776413827.0247214,25.33,36.9,0.0,1
1776413833.2518432,0.01,33.13,0.0,1
1776413839.2941277,0.01,30.54,0.0,1
1776413845.3510373,0.01,29.87,0.0,1
1776413851.46206,0.01,29.77,0.0,1
1776413858.241268,0.01,29.78,0.0,1
1776413864.3024015,0.16,29.9,0.0,1
1776413871.0583441,0.01,28.79,0.0,1
1776413877.1215105,0.01,27.72,0.0,1
1776413883.2395773,0.34,28.12,0.0,1
1776413889.294817,0.01,26.37,0.0,1
1776413895.353652,0.01,25.34,0.0,1
1776413901.4083922,0.02,23.77,0.0,1
1776413908.2484674,0.27,23.69,0.0,1
1776413914.3027973,0.17,22.88,0.0,1
1776413920.3599205,0.01,22.12,0.0,1
1776413926.423077,0.02,21.48,0.0,1
1776413933.2575767,0.31,21.27,0.0,1
1776413939.3115458,0.01,21.02,0.0,1
1776413945.3784964,0.01,20.78,0.0,1
1776413951.4371808,0.01,20.51,0.0,1
1776413958.2550051,0.32,20.47,0.0,1
1776413964.3062968,0.18,19.78,0.0,1
1776413970.3682554,0.02,19.29,0.0,1
1776413976.4169075,0.01,19.26,0.0,1
1776413983.2434275,0.31,18.55,0.0,1
1776413989.3015785,0.01,17.86,0.0,1
1776413995.3682861,0.01,17.87,0.0,1
1776414001.4138882,0.01,16.18,0.0,1
1776414008.2468312,0.3,15.99,0.0,1
1776414014.2999487,0.16,16.0,0.0,1
1776414020.361493,0.01,15.73,0.0,1
1776414026.413051,0.02,15.86,0.0,1
1776414033.2468884,0.34,15.9,0.0,1
1776414039.300834,0.01,15.61,0.0,1
1776414045.3514886,0.01,15.48,0.0,1
1776414052.0721407,0.02,15.23,0.0,1
1776414058.240212,0.33,15.55,0.0,1
1776414064.2915049,0.11,15.02,0.0,1
1776414070.361556,0.01,14.64,0.0,1
1776414076.4307013,0.01,14.66,0.0,1
1776414148.2619479,10.2,41.04,0.0,1
1776414155.2560394,0.01,35.87,0.0,1
1776414161.7942598,0.02,33.73,0.0,1
1776414167.8382,0.35,33.06,0.0,1
1776414173.9286404,0.01,32.21,0.0,1
1776414180.003005,0.01,30.85,0.0,1
1776414186.7866282,0.01,30.25,0.0,1
1776414192.838573,0.33,30.25,0.0,1
1776414198.887581,0.01,29.15,0.0,1
1776414204.9337332,0.11,28.84,0.0,1
1776414211.7926667,0.01,28.33,0.0,1
1776414243.339978,25.11,43.54,0.0,1
1776414249.3770123,0.43,44.24,0.0,1
1776414256.3735728,0.01,44.19,0.0,1
1776414262.4290588,0.01,40.21,0.0,1
1776414268.5215032,0.01,37.8,0.0,1
1776414275.378787,0.01,38.17,0.0,1
1776414281.4419456,0.01,38.04,0.0,1
1776414287.4977767,0.01,37.8,0.0,1
1776414293.56248,0.01,32.61,0.0,1
1776414300.370015,0.15,32.86,0.0,1
1776414306.4428806,0.01,31.29,0.0,1
1776414312.5067394,0.01,30.84,0.0,1
1776414318.5807152,0.01,29.32,0.0,1
1776414325.3664064,0.01,28.66,0.0,1
1776414331.4471962,0.04,27.48,0.0,1
1776414352.3824756,17.29,41.45,0.0,1
1776414358.417114,0.02,37.57,0.0,1
1776414364.45019,0.01,35.22,0.0,1
1776414371.463749,0.01,33.56,0.0,1
1776414377.5482304,0.4,30.14,0.0,1
1776414383.6348367,0.01,29.27,0.0,1
1776414389.687887,0.01,27.49,0.0,1
1776414396.0565765,0.01,26.99,0.0,1
1776414402.1072035,0.33,27.23,0.0,1
1776414408.1587195,0.01,26.87,0.0,1
1776414414.211888,0.01,26.65,0.0,1
1776414421.0625129,0.01,26.16,0.0,1
1776414427.1207738,0.35,22.31,0.0,1
1776414433.168098,0.01,21.44,0.0,1
1776414439.23331,0.15,20.38,0.0,1
1776414446.0727944,0.01,19.53,0.0,1
1776414452.1233199,0.01,19.61,0.0,1
1776414458.174977,0.01,19.85,0.0,1
1776414464.2272432,0.01,18.89,0.0,1
1776414471.0576596,0.01,13.56,0.0,1
1776414477.12187,0.02,13.81,0.0,1
1776414483.176654,0.01,13.7,0.0,1
1776414489.2251794,0.14,13.82,0.0,1
1776414495.28094,0.01,13.94,0.0,1
1776414501.3272681,0.01,14.08,0.0,1
1776414507.3784041,0.3,14.33,0.0,1
1776414513.4359367,0.01,14.34,0.0,1
1776414519.4869168,0.14,13.72,0.0,1
1776414525.539633,0.01,13.72,0.0,1
1776414532.0655236,0.02,13.73,0.0,1
1776414538.1245337,0.31,13.87,0.0,1
1776414544.1740067,0.03,13.75,0.0,1
1776414550.2361789,0.01,13.88,0.0,1
1776414556.291552,0.01,14.01,0.0,1
1776414562.352258,0.34,14.01,0.0,1
1776414568.4076412,0.01,13.89,0.0,1
1776414574.470931,0.01,13.65,0.0,1
1776414580.526613,0.01,13.77,0.0,1
1776414586.589152,0.01,13.65,0.0,1
1776414592.6513958,0.24,13.9,0.0,1
1776414598.7023816,0.13,13.91,0.0,1
1776414604.7572281,0.01,13.92,0.0,1
1776414610.8160608,0.01,13.98,0.0,1
1776414616.8707721,0.01,13.85,0.0,1
1776414622.9258342,0.4,13.88,0.0,1
1776414670.135961,24.88,44.19,0.0,1
1776414676.172588,0.01,38.28,0.0,1
1776414682.203551,0.01,38.24,0.0,1
1776414688.244619,0.01,33.1,0.0,1
1776414694.3581862,0.01,31.84,0.0,1
1776414701.0500605,0.33,29.84,0.0,1
1776414707.11131,0.16,28.52,0.0,1
1776414713.1636295,0.01,28.2,0.0,1
1776414719.228777,0.01,26.8,0.0,1
1776414726.0622702,0.3,23.73,0.0,1
1776414732.124627,0.01,20.81,0.0,1
1776414738.1849453,0.01,19.87,0.0,1
1776414745.2111223,0.3,18.09,0.0,1
1776414751.6613913,0.02,16.98,0.0,1
1776414757.725226,0.01,16.62,0.0,1
1776414763.7736855,0.01,16.55,0.0,1
1776414769.835185,0.01,16.73,0.0,1
1776414776.695706,0.15,16.54,0.0,1
1776414782.7544334,0.02,16.29,0.0,1
1776414788.8154764,0.01,16.18,0.0,1
1776414794.8792949,0.01,16.31,0.0,1
1776414801.6649752,0.01,16.57,0.0,1
1776414807.9966803,0.01,16.29,0.0,1
1776414814.0615795,0.01,16.16,0.0,1
1776414820.12378,0.01,16.29,0.0,1
1776414826.3767004,0.01,16.41,0.0,1
1776414833.0849917,0.01,16.3,0.0,1
1776414839.148189,0.01,16.55,0.0,1
1776414845.2155154,0.02,16.42,0.0,1
1776414851.3702009,0.01,16.43,0.0,1
1776414857.4224486,0.14,16.43,0.0,1
1776414863.483823,0.01,16.43,0.0,1
1776414869.5387766,0.02,16.19,0.0,1
1776414876.3712478,0.01,16.55,0.0,1
1776414882.4234948,0.01,15.55,0.0,1
1776414888.480942,0.02,15.93,0.0,1
1776414894.5314822,0.02,15.69,0.0,1
1776414901.366797,0.01,15.94,0.0,1
1776414907.4158378,0.14,15.36,0.0,1
1776414913.4755194,0.01,15.73,0.0,1
1776414919.5341136,0.01,15.61,0.0,1
1776414926.3680189,0.32,15.79,0.0,1
1776414932.4345286,0.01,15.54,0.0,1
1776414938.4915447,0.01,15.66,0.0,1
1776414944.55618,0.01,15.54,0.0,1
1776414951.066127,0.33,15.66,0.0,1
1776414957.3802216,0.17,15.56,0.0,1
1776414963.4296453,0.01,15.68,0.0,1
1776414969.484653,0.01,15.34,0.0,1
1776414976.3706124,0.37,15.44,0.0,1
1776414982.43243,0.02,15.45,0.0,1
1776414988.5056555,0.01,15.32,0.0,1
1776414994.567045,0.01,15.32,0.0,1
1776415001.3829658,0.26,15.56,0.0,1
1776415007.4389372,0.16,15.69,0.0,1
1776415013.4985921,0.01,15.45,0.0,1
1776415019.5566409,0.01,15.46,0.0,1
1776415026.3683567,0.31,15.47,0.0,1
1776415032.418805,0.01,15.6,0.0,1
1776415038.4713962,0.02,15.23,0.0,1
1776415044.5316722,0.01,14.99,0.0,1
1776415051.3798275,0.35,15.48,0.0,1
1776415057.433857,0.16,15.36,0.0,1
1776415063.483966,0.01,15.24,0.0,1
1776415069.5349374,0.01,15.25,0.0,1
1776415076.3753536,0.32,15.37,0.0,1
1776415082.432013,0.01,15.38,0.0,1
1776415088.4895046,0.01,15.5,0.0,1
1776415094.5381746,0.02,15.38,0.0,1
1776415101.3670473,0.32,15.51,0.0,1
1776415107.418332,0.15,15.29,0.0,1
1776415113.4684143,0.01,15.26,0.0,1
1776415119.5198379,0.02,15.26,0.0,1
1776415126.368884,0.32,15.4,0.0,1
1776415133.0698326,0.01,15.51,0.0,1
1776415139.1177711,0.01,15.27,0.0,1
1776415145.1674776,0.01,15.27,0.0,1
1776415151.3667595,0.28,15.52,0.0,1
1776415157.4182956,0.16,15.27,0.0,1
1776415163.4716103,0.01,15.03,0.0,1
1776415169.519981,0.02,15.16,0.0,1
1776415176.3680878,0.34,15.17,0.0,1
1776415182.4213898,0.01,15.29,0.0,1
1776415188.4775426,0.01,15.42,0.0,1
1776415194.527054,0.02,15.28,0.0,1
1776415201.3711867,0.28,15.41,0.0,1
1776415207.422956,0.14,15.18,0.0,1
1776415213.4829865,0.01,15.17,0.0,1
1776415219.5328977,0.01,15.18,0.0,1
1776415226.3665822,0.29,15.55,0.0,1
1776415232.4305882,0.01,15.3,0.0,1
1776415238.4877017,0.01,15.06,0.0,1
1776415244.5370615,0.01,15.31,0.0,1
1776415251.0584097,0.29,15.45,0.0,1
1776415257.3731356,0.15,15.21,0.0,1
1776415263.431895,0.02,15.21,0.0,1
1776415269.481683,0.01,15.09,0.0,1
1776415276.36976,0.29,15.45,0.0,1
1776415282.4241526,0.02,15.33,0.0,1
1776415288.4818277,0.01,15.33,0.0,1
1776415294.535977,0.01,15.33,0.0,1
1776415301.3685744,0.4,15.47,0.0,1
1776415307.4176543,0.14,15.58,0.0,1
1776415313.478376,0.01,15.34,0.0,1
1776415319.5274076,0.01,15.23,0.0,1
1776415326.3659854,0.3,15.59,0.0,1
1776415332.4179854,0.01,15.47,0.0,1
1776415338.469536,0.01,15.35,0.0,1
1776415344.520585,0.01,15.47,0.0,1
1776415351.3663883,0.31,15.48,0.0,1
1776415357.4242325,0.15,15.47,0.0,1
1776415363.484125,0.01,15.35,0.0,1
1776415369.540371,0.01,15.48,0.0,1
1776415376.3706791,0.28,15.48,0.0,1
1776415382.4198554,0.01,15.24,0.0,1
1776415388.4721758,0.01,15.49,0.0,1
1776415394.5216217,0.01,15.49,0.0,1
1776415401.3697915,0.31,15.5,0.0,1
1776415407.422649,0.16,15.25,0.0,1
1776415413.4729414,0.01,15.38,0.0,1
1776415419.5231612,0.01,15.14,0.0,1
1776415426.369222,0.3,15.39,0.0,1
1776415433.067361,0.02,15.38,0.0,1
1776415439.1153998,0.01,15.39,0.0,1
1776415445.166889,0.02,15.39,0.0,1
1776415451.3686564,0.27,15.64,0.0,1
1776415457.4215286,0.15,15.77,0.0,1
1776415463.4758484,0.02,15.75,0.0,1
1776415469.5258446,0.01,15.76,0.0,1
1776415476.3664258,0.3,15.76,0.0,1
1776415482.4170432,0.02,15.77,0.0,1
1776415488.4678648,0.01,15.39,0.0,1
1776415494.5173972,0.01,15.4,0.0,1
1776415501.3666427,0.33,15.77,0.0,1
1776415507.4189208,0.14,15.41,0.0,1
1776415513.4687505,0.01,15.53,0.0,1
1776415519.5286372,0.02,15.28,0.0,1
1776415526.3687043,0.3,15.54,0.0,1
1776415532.4181647,0.01,15.29,0.0,1
1776415538.4710705,0.01,15.54,0.0,1
1776415544.5314205,0.01,15.41,0.0,1
1776415551.0574732,0.26,15.66,0.0,1
1776415557.3716729,0.14,15.67,0.0,1
1776415563.4237058,0.02,15.66,0.0,1
1776415569.4904554,0.02,15.55,0.0,1
1776415576.3677595,0.32,15.66,0.0,1
1776415582.433595,0.02,15.67,0.0,1
1776415588.4856799,0.01,15.55,0.0,1
1776415594.536954,0.01,15.42,0.0,1
1776415601.3674202,0.26,15.55,0.0,1
1776415607.4194775,0.13,15.67,0.0,1
1776415613.4772236,0.01,14.71,0.0,1
1776415619.5366588,0.01,14.59,0.0,1
1776415626.3735545,0.31,14.49,0.0,1
1776415632.433509,0.01,14.49,0.0,1
1776415638.4858227,0.01,14.37,0.0,1
1776415644.5360756,0.01,14.49,0.0,1
1776415651.37835,0.34,14.87,0.0,1
1776415657.4386966,0.16,15.0,0.0,1
1776415663.4963927,0.01,14.75,0.0,1
1776415669.555102,0.02,14.45,0.0,1
1776415676.370632,0.32,14.58,0.0,1
1776415682.4227667,0.01,14.45,0.0,1
1776415688.4807944,0.01,14.58,0.0,1
1776415694.5322165,0.01,14.47,0.0,1
1776415701.371399,0.33,14.72,0.0,1
1776415707.4224653,0.13,14.85,0.0,1
1776415713.470307,0.01,14.71,0.0,1
1776415719.520857,0.01,14.71,0.0,1
1776415726.3685622,0.28,14.96,0.0,1
1776415733.0991175,0.01,14.45,0.0,1
1776415739.167683,0.01,14.71,0.0,1
1776415745.2179606,0.02,14.59,0.0,1
1776415751.374431,0.31,14.96,0.0,1
1776415757.426051,0.14,14.59,0.0,1
1776415763.4818854,0.01,14.34,0.0,1
1776415769.5317929,0.01,14.71,0.0,1
1776415776.3763118,0.32,14.83,0.0,1
1776415782.4265428,0.01,14.58,0.0,1
1776415788.4807744,0.02,14.84,0.0,1
1776415794.5354195,0.01,14.73,0.0,1
1776415801.3677332,0.28,15.09,0.0,1
1776415807.4176729,0.14,14.72,0.0,1
1776415813.4753966,0.02,14.59,0.0,1
1776415819.5315254,0.01,14.47,0.0,1
1776415826.3669384,0.34,14.72,0.0,1
1776415832.4420063,0.01,14.73,0.0,1
1776415838.5022695,0.01,14.73,0.0,1
1776415844.5534892,0.01,14.73,0.0,1
1776415851.0804114,0.01,14.73,0.0,1
1776415857.371593,0.13,15.47,0.0,1
1776415863.4229288,0.01,15.21,0.0,1
1776415869.48337,0.01,15.21,0.0,1
1776415876.3662949,0.28,15.2,0.0,1
1776415882.4206858,0.01,15.03,0.0,1
1776415888.4741724,0.01,14.74,0.0,1
1776415894.5389063,0.01,14.85,0.0,1
1776415901.3737712,0.33,14.84,0.0,1
1776415907.429786,0.14,14.98,0.0,1
1776415913.497701,0.01,14.96,0.0,1
1776415919.5472791,0.01,14.73,0.0,1
1776415926.3794506,0.01,14.73,0.0,1
1776415932.430883,0.01,14.88,0.0,1
1776415938.4901626,0.01,14.76,0.0,1
1776415944.546654,0.02,14.89,0.0,1
1776415951.377601,0.01,15.14,0.0,1
1776415957.4309554,0.25,15.26,0.0,1
1776415963.4810638,0.02,15.01,0.0,1
1776415969.5399723,0.01,15.25,0.0,1
1776415976.3686373,0.01,14.94,0.0,1
1776415982.4313118,0.32,15.32,0.0,1
1776415988.4900117,0.02,14.95,0.0,1
1776415994.5398064,0.01,14.83,0.0,1
1776416001.3759284,0.01,14.95,0.0,1
1776416007.4331334,0.41,15.2,0.0,1
1776416013.4874587,0.01,14.95,0.0,1
1776416019.5376146,0.01,14.94,0.0,1
1776416026.3657603,0.01,14.96,0.0,1
1776416033.0738301,0.01,14.96,0.0,1
1776416039.1245732,0.01,14.73,0.0,1
1776416045.180131,0.01,14.59,0.0,1
1776416051.3740973,0.01,14.47,0.0,1
1776416057.434491,0.44,14.72,0.0,1
1776416063.4860504,0.01,14.72,0.0,1
1776416069.565525,0.01,14.6,0.0,1
1776416076.364758,0.01,14.59,0.0,1
1776416082.4235346,0.28,14.84,0.0,1
1776416088.4844964,0.01,14.82,0.0,1
1776416094.5509036,0.01,14.66,0.0,1
1776416101.3695557,0.01,14.67,0.0,1
1776416107.4244711,0.46,14.92,0.0,1
1776416113.473852,0.01,14.8,0.0,1
1776416119.5283608,0.01,14.69,0.0,1
1776416126.3719223,0.01,14.56,0.0,1
1776416132.4226568,0.27,14.68,0.0,1
1776416138.4762774,0.01,14.8,0.0,1
1776416144.5266838,0.02,14.8,0.0,1
1776416151.0585213,0.01,14.8,0.0,1
1776416157.3785474,0.4,15.05,0.0,1
1776416163.4332283,0.01,14.92,0.0,1
1776416169.489749,0.01,14.69,0.0,1
1776416176.3658097,0.01,14.81,0.0,1
1776416182.4167285,0.33,14.93,0.0,1
1776416188.4649558,0.01,14.81,0.0,1
1776416194.5156903,0.01,14.69,0.0,1
1776416201.368836,0.01,14.68,0.0,1
1776416207.4272249,0.43,15.05,0.0,1
1776416213.486198,0.01,14.81,0.0,1
1776416219.5361867,0.01,14.8,0.0,1
1776416226.3679714,0.02,14.68,0.0,1
1776416232.4263673,0.29,14.82,0.0,1
1776416238.4769218,0.01,14.8,0.0,1
1776416244.5273004,0.01,14.68,0.0,1
1776416251.3657591,0.02,14.93,0.0,1
1776416257.417209,0.43,14.95,0.0,1
1776416263.4683497,0.01,14.58,0.0,1
1776416269.5195186,0.02,14.69,0.0,1
1776416276.3707144,0.02,14.7,0.0,1
1776416282.423435,0.32,14.82,0.0,1
1776416288.4768906,0.01,14.82,0.0,1
1776416294.5293982,0.01,14.69,0.0,1
1776416301.3663301,0.01,14.69,0.0,1
1776416307.41563,0.43,14.93,0.0,1
1776416313.4665263,0.02,14.68,0.0,1
1776416319.5166464,0.01,14.68,0.0,1
1776416326.391552,0.01,14.54,0.0,1
1776416333.0778673,0.01,14.66,0.0,1
1776416339.1276317,0.01,14.78,0.0,1
1776416345.1790776,0.01,14.65,0.0,1
1776416351.385881,0.02,14.66,0.0,1
1776416357.4370153,0.41,14.8,0.0,1
1776416363.5430508,0.02,14.8,0.0,1
1776416369.6052647,0.01,14.79,0.0,1
1776416376.3662124,0.02,14.67,0.0,1
1776416382.4184394,0.31,14.91,0.0,1
1776416388.4716082,0.01,14.78,0.0,1
1776416394.5212553,0.01,14.66,0.0,1
1776416401.3660867,0.01,14.79,0.0,1
1776416407.4152584,0.43,14.92,0.0,1
1776416413.4674609,0.01,14.68,0.0,1
1776416419.5243917,0.02,14.55,0.0,1
1776416426.3774369,0.01,14.67,0.0,1
1776416432.4572976,0.32,15.45,0.0,1
1776416438.5289629,0.01,15.2,0.0,1
1776416444.5878484,0.01,15.2,0.0,1
1776416451.06282,0.01,15.2,0.0,1
1776416457.1225471,0.31,15.44,0.0,1
1776416463.1750615,0.01,15.32,0.0,1
1776416469.2286832,0.01,15.69,0.0,1
1776416475.2937574,0.01,15.58,0.0,1
1776416481.3474216,0.01,15.46,0.0,1
1776416487.409836,0.47,15.57,0.0,1
1776416493.5111587,0.01,15.46,0.0,1
1776416499.568491,0.01,15.83,0.0,1
1776416505.6285698,0.01,15.59,0.0,1
1776416512.0648856,0.33,15.46,0.0,1
1776416518.1161764,0.14,15.22,0.0,1
1776416524.171899,0.01,15.34,0.0,1
1776416530.22727,0.01,15.47,0.0,1
1776416536.287535,0.01,15.34,0.0,1
1776416542.3397133,0.34,15.59,0.0,1
1776416548.3950572,0.01,15.35,0.0,1
1776416554.4432073,0.02,15.59,0.0,1
1776416560.5144193,0.01,15.35,0.0,1
1776416566.5701845,0.01,15.34,0.0,1
1776416572.620814,0.32,15.35,0.0,1
1776416578.67576,0.01,15.35,0.0,1
1776417889.1258245,0.01,45.19,0.0,1
1776417896.1325655,0.01,44.98,0.0,1
1776417902.185773,0.01,44.81,0.0,1
1776417908.2365701,0.3,44.93,0.0,1
1776417915.120946,0.01,44.83,0.0,1
1776417921.1897194,0.01,44.76,0.0,1
1776417927.2468197,0.01,44.5,0.0,1
1776417933.314121,0.26,37.7,0.0,1
1776417940.152083,0.01,37.03,0.0,1
1776417946.22456,0.01,34.45,0.0,1
1776417952.2797487,0.01,33.27,0.0,1
1776417958.3323991,0.33,32.49,0.0,1
1776417965.123524,0.01,31.99,0.0,1
1776417971.1797378,0.01,31.26,0.0,1
1776417977.2348812,0.01,31.1,0.0,1
1776417983.291668,0.31,31.69,0.0,1
1776417990.123839,0.01,30.65,0.0,1
1776418101.1305864,13.19,40.28,0.0,1
1776418107.1783738,0.24,38.22,0.0,1
1776418113.5095057,0.01,38.12,0.0,1
1776418119.5581524,0.01,38.13,0.0,1
1776418125.6521351,0.08,38.25,0.0,1
1776418132.0778942,0.01,38.12,0.0,1
1776418138.5230076,0.01,38.1,0.0,1
1776418144.5787268,0.02,38.01,0.0,1
1776418150.6359856,0.01,33.66,0.0,1
1776418156.6846483,0.08,31.95,0.0,1
1776418163.5239713,24.8,30.23,1.8,1
1776418169.6400142,23.56,27.91,3.2,1
1776418176.0465372,25.57,18.86,3.0,1
1776418182.3366814,25.21,18.63,3.2,1
1776418189.5254407,25.14,18.38,3.2,1
1776418196.139988,25.19,18.5,3.2,1
1776418203.5123947,25.32,18.08,3.2,1
1776418209.8723094,25.19,18.94,3.2,1
1776418216.1568944,25.99,18.28,3.4,1
1776418226.5351634,18.75,60.790000000000006,3.3,2
1776418235.529136,15.139999999999999,60.61,3.2,2
1776418243.8974051,12.205,55.65,3.2,2
1776418252.5326223,15.355,52.11,3.2,2
1776418261.5411525,16.17,50.5,3.2,2
1776770726.6033397,0.01,41.4,0.0,1
1776770732.6378326,0.01,41.52,0.0,1
1776770739.4482794,0.01,23.6,0.0,1
1776770745.4902785,0.22,23.53,0.0,1
1776770752.0254614,0.01,22.69,0.0,1
1776770758.0927258,0.01,22.69,0.0,1
1776770764.6921766,0.51,17.97,0.0,1
1776770771.0151234,0.02,14.28,0.0,1
1776770778.2999737,0.01,14.13,0.0,1
1776770785.411058,1.3,14.04,0.0,1
1776770792.038511,0.01,13.93,0.0,1
1776771542.8929646,0.09,30.92,0.0,1
1776771550.5983884,1.15,30.06,0.0,1
1776771557.134455,0.06,28.96,0.0,1
1776771563.569069,0.01,19.28,0.0,1
1776771570.7112734,1.16,13.64,0.0,1
1776771576.9556065,0.02,13.58,0.0,1
1776771583.1815815,0.01,13.45,0.0,1
1776771589.737018,0.02,13.46,0.0,1
1776771596.0836933,0.49,13.74,0.0,1
1776771602.316203,0.01,13.61,0.0,1
1776771609.75291,0.01,13.49,0.0,1
1776771616.757208,0.31,13.62,0.0,1
1776771623.315503,0.01,13.49,0.0,1
1776771629.886382,0.01,13.31,0.0,1
1777538706.9181452,23.87,45.82,0.0,1
1777538712.9661403,0.01,45.39,0.0,1
1777538718.9981847,0.03,45.41,0.0,1
1777538725.055375,0.01,45.51,0.0,1
1777538731.913391,0.29,38.48,0.0,1
1777538738.0115676,0.01,38.37,0.0,1
1777539177.7149465,25.37,37.38,0.0,1
1777539184.058909,25.01,37.06,2.6,1
1777539190.3393378,25.26,37.07,3.0,1
1777539196.7182271,25.46,37.1,3.2,1
1777539202.934328,25.22,37.21,3.4,1
1777539209.2598193,25.19,37.06,3.2,1
1777539218.1517782,19.61,75.45,3.4,2
1777539226.6428547,16.685000000000002,74.91,3.2,2
1777539235.065652,11.785,74.46000000000001,3.2,2
1777539243.2718556,12.66,74.14,3.2,2
1777539251.7558403,17.45,69.57,3.2,2
1777539259.8408692,0.015,68.46000000000001,0.2,2
1777539699.5794675,7.86,48.11,0.0,1
1777539705.6192622,0.01,47.9,0.0,1
1777539711.6502774,0.01,47.4,0.0,1
1777539717.6908736,0.01,45.84,0.0,1
1777539723.9251962,7.9,43.58,0.4,1
1777539730.1236827,16.67,43.82,1.8,1
1777539736.177994,15.76,43.21,1.8,1
1777539742.2205276,18.79,42.88,2.2,1
1777539748.2707748,17.63,43.24,1.6,1
1777539754.318304,21.87,43.0,2.0,1
1777539762.9292283,19.8,76.5,2.5,2
1777539771.5363479,14.094999999999999,80.81,2.6,2
1777539779.8299644,13.23,78.63,2.6,2
1777539788.1407285,0.01,76.47,2.9000000000000004,2
1777542797.007464,20.55,44.63,0.0,1
1777542803.0541327,0.01,44.71,0.0,1
1777542809.0859993,0.01,44.71,0.0,1
1777542815.1550922,0.01,44.36,0.0,1
1777542821.243238,11.6,44.98,0.8,1
1777542827.291683,15.06,44.79,1.2,1
1777542833.3386283,17.67,45.04,2.0,1
1777542839.3936663,19.0,44.91,2.0,1
1777542845.4546657,17.58,44.66,2.0,1
1779014333.6547675,25.05,37.31,0.0,1
1779014339.709965,0.32,37.93,0.0,1
1779014345.7643323,0.01,25.5,0.0,1
1779014352.1779664,0.02,25.12,0.0,1
1779014358.396944,0.01,25.12,0.0,1
1779014365.4472163,0.37,24.79,0.0,1
1779014371.4938767,0.01,24.04,0.0,1
1779014377.5641437,0.01,22.67,0.0,1
1779014383.6253028,0.01,22.05,0.0,1
1779014389.677193,0.6,21.79,0.0,1
1779014395.7290647,0.01,19.87,0.0,1
1779014402.1597433,0.01,19.43,0.0,1
1779014408.2304728,0.01,19.4,0.0,1
1779014414.2892616,0.01,19.07,0.0,1
1779014420.3758228,0.46,18.52,0.0,1
1779014427.149608,0.01,18.28,0.0,1
1779014433.2170408,0.01,17.97,0.0,1
1779014439.269592,0.01,17.8,0.0,1
1779014445.3270526,0.31,17.81,0.0,1
1779014452.142191,0.01,16.87,0.0,1
1779014458.3077416,0.01,16.45,0.0,1
1779014464.3767636,0.01,16.2,0.0,1
1779014470.4360452,0.39,16.14,0.0,1
1779014477.1601758,0.01,15.91,0.0,1
1779014483.2143304,0.01,15.57,0.0,1
1779014489.2672997,0.02,15.35,0.0,1
1779014495.329404,0.31,15.39,0.0,1
1779014501.510207,0.02,14.72,0.0,1
1779014507.687933,0.01,14.6,0.0,1
1779014513.925079,0.01,14.6,0.0,1
1779014519.9784932,0.35,14.85,0.0,1
1779014526.0384204,0.01,14.98,0.0,1
1779014532.0946665,0.01,14.74,0.0,1
1779014538.9243984,0.01,14.62,0.0,1
1779014544.9788637,0.32,14.87,0.0,1
1779014551.0357442,0.16,14.73,0.0,1
1779014557.100881,0.01,14.58,0.0,1
1779014563.9243882,0.01,14.36,0.0,1
1779014570.9367888,0.12,14.12,0.0,1
1779014576.9966164,0.01,13.84,0.0,1
1779014583.0600145,0.01,13.66,0.0,1
1779014589.8585331,0.8,13.81,0.0,1
1779014595.9379594,0.01,13.69,0.0,1
1779014601.9955053,0.01,13.81,0.0,1
1779014608.046142,0.01,13.69,0.0,1
1779014614.871444,0.28,13.94,0.0,1
1779014620.9346974,0.14,13.7,0.0,1
1779014626.9982212,0.01,13.7,0.0,1
1779014633.0552158,0.01,13.94,0.0,1
1779014639.853349,0.29,14.19,0.0,1
1779014645.9040635,0.01,13.83,0.0,1
1779014651.9594302,0.01,13.71,0.0,1
1779014658.0149345,0.01,13.83,0.0,1
1779014664.8700554,0.31,14.2,0.0,1
1779014670.970373,0.14,14.09,0.0,1
1779014677.0355272,0.01,13.72,0.0,1
1779014683.0830274,0.01,13.72,0.0,1
1779014689.8573406,0.01,13.69,0.0,1
1779014695.907302,0.01,13.94,0.0,1
1779014701.9645636,0.01,13.7,0.0,1
1779014708.0257263,0.01,13.83,0.0,1
1779014714.8621032,0.01,13.83,0.0,1
1779014720.9121127,0.13,13.95,0.0,1
1779014726.9712853,0.01,13.83,0.0,1
1779014733.0234737,0.01,13.71,0.0,1
1779014739.8523612,0.02,13.78,0.0,1
1779014746.0044682,0.01,13.57,0.0,1
1779014752.0910528,0.01,13.69,0.0,1
1779014758.1559734,0.01,13.34,0.0,1
1779014764.318497,0.01,13.22,0.0,1
1779014770.3673983,0.38,13.71,0.0,1
1779014776.423809,0.01,13.22,0.0,1
1779014782.474185,0.01,13.22,0.0,1
1779014789.334813,0.01,13.35,0.0,1
1779014795.3826227,0.24,13.22,0.0,1
1779014801.4312565,0.01,13.23,0.0,1
1779014807.481971,0.01,13.23,0.0,1
1779014814.3272853,0.01,13.35,0.0,1
1779014820.3761833,0.42,13.62,0.0,1
1779014826.4430778,0.01,13.25,0.0,1
1779014832.498943,0.02,13.37,0.0,1
1779014838.55633,0.01,13.25,0.0,1
1779014844.6041832,0.01,13.35,0.0,1
1779014850.6543539,0.57,13.66,0.0,1
1779014856.7199616,0.01,13.4,0.0,1
1779014862.769532,0.01,13.01,0.0,1
1779014868.8162076,0.01,12.64,0.0,1
1779014874.8786073,0.01,12.46,0.0,1
1779014880.935872,0.4,12.48,0.0,1
1779014886.9956977,0.01,12.48,0.0,1
1779014893.045379,0.01,12.36,0.0,1
1779014899.0978172,0.01,12.36,0.0,1
1779014905.148424,0.28,12.73,0.0,1
1779014911.2013247,0.14,12.73,0.0,1
1779014917.963004,0.01,12.36,0.0,1
1779014924.0159717,0.02,12.24,0.0,1
1779014930.0709105,0.01,11.91,0.0,1
1779014936.1343513,0.3,12.06,0.0,1
1779014942.187008,0.01,12.07,0.0,1
1779014948.2375178,0.01,11.84,0.0,1
1779014954.2990582,0.01,11.64,0.0,1
1779014960.3546097,0.01,11.5,0.0,1
1779014966.4039116,0.29,11.87,0.0,1
1779014972.4556446,0.01,11.5,0.0,1
1779014978.502395,0.01,11.42,0.0,1
1779014984.550874,0.01,11.79,0.0,1
1779014990.5862541,0.01,11.79,0.0,1
1779014996.6337998,0.29,11.35,0.0,1
1779015002.6870198,0.01,11.48,0.0,1
1779015009.169556,0.01,11.34,0.0,1
1779015015.615397,0.01,11.34,0.0,1
1779015021.679162,0.43,11.59,0.0,1
1779015027.7292893,0.01,11.35,0.0,1
1779015033.779259,0.01,11.35,0.0,1
1779015066.06429,5.73,43.9,0.0,1
1779015072.093317,0.19,44.02,0.0,1
1779015078.1217933,0.01,43.79,0.0,1
1779015085.0429573,0.01,43.67,0.0,1
1779015091.116885,0.27,43.79,0.0,1
1779015097.1668491,0.01,43.67,0.0,1
1779015103.224608,0.01,41.08,0.0,1
1779015109.27199,0.01,40.25,0.0,1
1779015115.3373842,0.01,31.83,0.0,1
1779015121.4007244,0.01,28.41,0.0,1
1779015127.4582748,0.01,28.08,0.0,1
1779015133.5417733,0.01,22.89,0.0,1
1779015139.6060033,0.01,22.9,0.0,1
1779015145.6529412,0.24,22.74,0.0,1
1779015151.6978552,0.01,22.57,0.0,1
1779015157.7593355,0.01,22.1,0.0,1
1779015163.8112717,0.01,22.09,0.0,1
1779015169.8836756,0.02,15.79,0.0,1
1779015175.9321835,0.28,15.45,0.0,1
1779015181.9850404,0.01,15.32,0.0,1
1779015188.0459418,0.01,15.33,0.0,1
1779015194.145893,0.01,15.34,0.0,1
1779015200.783029,0.24,15.01,0.0,1
1779015206.8413444,0.01,15.14,0.0,1
1779015213.6347034,0.01,14.85,0.0,1
1779015220.051932,0.01,14.65,0.0,1
1779015226.1050086,0.32,14.91,0.0,1
1779015232.1514847,0.12,14.98,0.0,1
1779015239.0515332,0.01,14.86,0.0,1
1779015245.1144514,0.01,14.87,0.0,1
1779015251.2636979,0.22,14.63,0.0,1
1779015257.321272,0.01,14.63,0.0,1
1779015264.0386293,0.01,14.88,0.0,1
1779015270.0787401,0.01,14.0,0.0,1
1779015276.127421,0.29,14.01,0.0,1
1779015282.1759357,0.17,14.02,0.0,1
1779015288.2326357,0.01,13.89,0.0,1
1779015294.3971715,0.01,13.94,0.0,1
1779015300.7425792,0.3,14.07,0.0,1
1779015306.7963445,0.01,13.95,0.0,1
1779015312.8505387,0.13,13.95,0.0,1
1779015318.9104602,0.02,13.97,0.0,1
1779015325.7399368,0.31,14.09,0.0,1
1779015331.7919466,0.01,14.33,0.0,1
1779015337.85161,0.01,13.91,0.0,1
1779015343.896254,0.01,14.15,0.0,1
1779015349.9311943,0.01,13.91,0.0,1
1779015356.0391552,0.34,14.16,0.0,1
1779015362.0911148,0.16,14.15,0.0,1
1779015368.1394746,0.01,14.03,0.0,1
1779015374.1852238,0.01,14.24,0.0,1
1779015381.0427294,0.26,14.5,0.0,1
1779015387.0928552,0.01,14.32,0.0,1
1779015393.148772,0.01,14.39,0.0,1
1779015399.204936,0.01,14.21,0.0,1
1779015405.2690268,0.01,14.34,0.0,1
1779015411.3189611,0.19,14.71,0.0,1
1779015417.3660283,0.02,14.46,0.0,1
1779015423.703683,0.01,14.34,0.0,1
1779015429.7668612,0.02,14.34,0.0,1
1779015436.7599223,0.01,14.81,0.0,1
1779015442.8078449,0.11,14.78,0.0,1
1779015448.8591733,0.02,14.78,0.0,1
1779015454.9122274,0.01,14.91,0.0,1
1779015461.0449646,0.23,15.03,0.0,1
1779015467.0951283,0.01,14.93,0.0,1
1779015473.152742,0.01,14.69,0.0,1
1779015479.221463,0.01,14.69,0.0,1
1779015486.0450306,0.31,13.57,0.0,1
1779015492.1006699,0.01,12.28,0.0,1
1779015498.1518,0.01,12.38,0.0,1
1779015504.2109091,0.01,12.5,0.0,1
1779015510.2637527,0.02,12.38,0.0,1
1779015516.990578,0.01,12.54,0.0,1
1779015533.9537785,24.93,40.31,0.0,1
1779015540.0030134,0.31,38.22,0.0,1
1779015546.0436149,0.04,34.48,0.0,1
1779015553.0800953,0.01,34.48,0.0,1
1779015559.1667132,0.01,34.48,0.0,1
1779015565.2253182,0.02,34.39,0.0,1
1779015571.267334,0.13,34.1,0.0,1
1779015578.0472655,0.01,33.98,0.0,1
1779015584.1014714,0.01,33.98,0.0,1
1779015590.150892,0.24,34.11,0.0,1
1779015597.2940884,0.01,14.79,0.0,1
1779015604.3588686,0.4,14.98,0.0,1
1779015610.410737,0.01,14.86,0.0,1
1779015616.4653509,0.01,14.75,0.0,1
1779015623.3597116,0.01,14.62,0.0,1
1779015629.414829,0.31,14.89,0.0,1
1779015635.462264,0.01,14.64,0.0,1
1779015642.0451326,0.01,14.64,0.0,1
1779015648.0941532,0.01,14.64,0.0,1
1779015654.1600456,0.02,14.65,0.0,1
1779015660.213673,0.3,14.82,0.0,1
1779015667.044368,0.01,14.95,0.0,1
1779015673.0916917,0.01,14.42,0.0,1
1779015679.2091563,0.01,14.54,0.0,1
1779015686.209454,0.01,14.79,0.0,1
1779015692.255397,0.01,14.79,0.0,1
1779015698.3069189,0.01,14.43,0.0,1
1779015705.0373561,0.34,14.69,0.0,1
1779015711.150828,0.09,14.44,0.0,1
1779015717.2012277,0.01,14.56,0.0,1
1779015723.2676718,0.02,14.56,0.0,1
1779015730.0477724,0.26,14.81,0.0,1
1779015736.084657,0.01,14.8,0.0,1
1779015742.1292326,0.01,14.46,0.0,1
1779015748.182425,0.01,14.72,0.0,1
1779015754.3233078,0.01,14.71,0.0,1
1779015760.3852446,0.28,14.71,0.0,1
1779015766.423562,0.01,14.71,0.0,1
1779015773.0660985,0.01,14.46,0.0,1
1779015779.1270487,0.02,14.46,0.0,1
1779015785.4386594,0.01,13.63,0.0,1
1779015791.5500042,0.15,13.75,0.0,1
1779015797.607624,0.01,13.75,0.0,1
1779015803.6593366,0.02,13.75,0.0,1
1779015809.7105587,0.27,13.88,0.0,1
1779015816.6239188,0.01,13.63,0.0,1
1779015823.0661774,0.01,13.76,0.0,1
1779015829.1172674,0.01,13.63,0.0,1
1779015835.1640222,0.26,13.64,0.0,1
1779015842.039103,0.01,13.76,0.0,1
1779015848.1010845,0.01,13.65,0.0,1
1779015854.1719115,0.01,13.65,0.0,1
1779015860.2248976,0.29,13.69,0.0,1
1779015867.045541,0.01,13.45,0.0,1
1779015873.1032152,0.01,13.8,0.0,1
1779015879.1487103,0.01,13.67,0.0,1
1779015885.2010853,0.31,14.03,0.0,1
1779015892.0790527,0.02,13.78,0.0,1
1779015898.1292794,0.01,13.55,0.0,1
1779015904.1939971,0.01,13.54,0.0,1
1779015910.2408574,0.33,13.67,0.0,1
1779015916.2945557,0.01,13.55,0.0,1
1779015922.3497672,0.01,13.55,0.0,1
1779015928.8141618,0.01,13.42,0.0,1
1779015935.1421134,0.19,13.67,0.0,1
1779015941.1855404,0.11,13.67,0.0,1
1779015947.2306845,0.0,13.41,0.0,1
1779015953.2797437,0.01,13.54,0.0,1
1779015960.1527221,0.26,13.67,0.0,1
1779015966.2096503,0.03,13.54,0.0,1
1779015972.2698,0.01,13.54,0.0,1
1779015979.1644547,0.01,13.42,0.0,1
1779015986.155701,0.01,13.42,0.0,1
1779015992.2087224,0.01,13.41,0.0,1
1779015999.138412,0.01,13.41,0.0,1
1779016006.060599,0.01,13.44,0.0,1
1779016012.1151657,0.02,13.32,0.0,1
1779016018.1731725,0.03,13.32,0.0,1
1779016025.0420885,0.27,13.71,0.0,1
1779016031.0858097,0.08,13.74,0.0,1
1779016037.1261387,0.01,13.5,0.0,1
1779016043.18256,0.01,13.31,0.0,1
1779016050.0389626,0.36,13.56,0.0,1
1779016056.0864463,0.01,13.44,0.0,1
1779016062.122841,0.01,13.43,0.0,1
1779016068.1627843,0.01,13.31,0.0,1
1779016074.2184906,0.01,13.43,0.0,1
1779016080.2680519,0.29,13.56,0.0,1
1779016086.3179514,0.01,13.44,0.0,1
1779016092.3917418,0.01,13.3,0.0,1
1779016098.4476101,0.01,13.42,0.0,1
1779016104.4967062,0.01,13.2,0.0,1
1779016110.6268463,0.23,13.38,0.0,1
1779016116.6953835,0.01,13.27,0.0,1
1779016122.7653196,0.01,13.39,0.0,1
1779016128.8316932,0.01,13.26,0.0,1
1779016134.8933072,0.3,13.64,0.0,1
1779016140.946686,0.09,13.52,0.0,1
1779016147.0348845,0.01,13.28,0.0,1
1779016153.0940964,0.01,13.29,0.0,1
1779016159.1423275,0.01,13.28,0.0,1
1779016165.1897724,0.21,13.54,0.0,1
1779016172.0507104,0.01,13.54,0.0,1
1779016178.098349,0.01,12.96,0.0,1
1779016184.1471593,0.01,13.08,0.0,1
1779016190.1933432,0.18,13.09,0.0,1
1779016197.038234,0.01,12.97,0.0,1
1779016203.2788863,0.01,13.15,0.0,1
1779016209.6694953,0.01,12.92,0.0,1
1779016215.8828902,0.21,13.05,0.0,1
1779016221.931961,0.12,12.93,0.0,1
1779016227.981424,0.01,12.93,0.0,1
1779016234.0389905,0.01,12.93,0.0,1
1779016240.0904412,0.29,13.17,0.0,1
1779016246.141345,0.01,13.04,0.0,1
1779016252.4808865,0.01,12.91,0.0,1
1779016258.542732,0.01,12.91,0.0,1
1779016264.6084375,0.01,12.91,0.0,1
1779016270.6697018,0.24,13.04,0.0,1
1779016277.497344,0.01,13.0,0.0,1
1779016284.5190759,0.01,13.05,0.0,1
1779016290.5794022,0.2,13.29,0.0,1
1779016296.6330237,0.01,13.48,0.0,1
1779016303.0459716,0.01,13.24,0.0,1
1779016309.092257,0.01,13.31,0.0,1
1779016315.1395085,0.3,15.15,0.0,1
1779016321.1889617,0.16,15.03,0.0,1
1779016328.0458937,0.01,14.49,0.0,1
1779016334.093735,0.01,14.39,0.0,1
1779016340.143835,0.28,14.76,0.0,1
1779016346.206712,0.01,7.52,0.0,1
1779016352.3468971,0.01,7.01,0.0,1
1779016358.4043825,0.01,7.02,0.0,1
1779016364.4557893,0.01,6.46,0.0,1
1779016370.5086765,0.32,6.46,0.0,1
1779016376.570216,0.01,6.58,0.0,1
1779016382.6883821,0.01,6.46,0.0,1
1779016388.733253,0.01,6.22,0.0,1
1779016394.783767,0.01,6.21,0.0,1
1779016400.838865,0.39,6.46,0.0,1
1779016406.897609,0.01,6.21,0.0,1
1779016413.0454488,0.01,6.21,0.0,1
1779016419.1098397,0.01,6.33,0.0,1
1779016425.1672213,0.31,6.46,0.0,1
1779016431.2188573,0.14,6.21,0.0,1
1779016438.0388384,0.01,6.33,0.0,1
1779016444.0877182,0.01,6.21,0.0,1
1779016450.1306617,0.18,6.83,0.0,1
1779016456.1689286,0.01,6.59,0.0,1
1779016463.0364811,0.01,6.34,0.0,1
1779016469.093848,0.01,6.57,0.0,1
1779016475.1466284,0.29,6.82,0.0,1
1779016481.1971605,0.12,6.6,0.0,1
1779016487.2438517,0.01,6.31,0.0,1
1779016493.2838156,0.01,6.2,0.0,1
1779016499.3194497,0.01,6.2,0.0,1
1779016505.3699896,0.17,6.09,0.0,1
1779016511.4245365,0.09,7.67,0.0,1
1779016517.4598072,0.01,7.68,0.0,1
1779016523.5132806,0.01,7.68,0.0,1
1779016529.5706506,0.01,7.68,0.0,1
1779016535.6276815,0.44,8.19,0.0,1
1779016541.6915393,0.11,8.06,0.0,1
1779016547.7461095,0.01,8.06,0.0,1
1779016553.8117933,0.01,8.06,0.0,1
1779016559.8683262,0.01,7.94,0.0,1
1779016565.9312546,0.31,8.06,0.0,1
1779016571.9940329,0.12,8.42,0.0,1
1779016578.0470576,0.01,7.94,0.0,1
1779016584.1006818,0.01,7.94,0.0,1
1779016590.1498294,0.01,8.06,0.0,1
1779016596.2117445,0.09,8.32,0.0,1
1779016602.854255,0.01,8.32,0.0,1
1779016608.9061036,0.02,8.07,0.0,1
1779016614.9613526,0.01,7.95,0.0,1
1779016621.07021,0.29,8.32,0.0,1
1779016627.1241584,0.01,8.08,0.0,1
1779016633.1821012,0.01,7.98,0.0,1
1779016639.237665,0.01,7.85,0.0,1
1779016645.2902436,0.27,7.97,0.0,1
1779016651.3443577,0.11,7.85,0.0,1
1779016657.3928292,0.01,7.75,0.0,1
1779016663.452952,0.02,7.88,0.0,1
1779016669.504615,0.01,7.88,0.0,1
1779016675.5430398,0.17,8.14,0.0,1
1779016681.570493,0.08,8.01,0.0,1
1779016687.6145635,0.01,7.78,0.0,1
1779016693.6633513,0.01,8.15,0.0,1
1779016699.7149806,0.02,7.9,0.0,1
1779016705.7830865,0.28,8.27,0.0,1
1779016711.8440742,0.14,8.15,0.0,1
1779016717.894684,0.01,8.53,0.0,1
1779016723.959417,0.02,8.41,0.0,1
1779016730.016449,0.01,8.53,0.0,1
1779016736.068867,0.31,8.66,0.0,1
1779016742.1231196,0.15,8.66,0.0,1
1779016748.1736107,0.01,8.65,0.0,1
1779016754.229791,0.01,8.41,0.0,1
1779016760.2801979,0.01,8.53,0.0,1
1779016766.339001,0.27,8.41,0.0,1
1779016772.3872552,0.01,8.48,0.0,1
1779016778.447992,0.01,8.28,0.0,1
1779016784.497542,0.01,8.37,0.0,1
1779016790.5562077,0.31,8.86,0.0,1
1779016796.6058788,0.02,8.48,0.0,1
1779016802.6635458,0.01,8.31,0.0,1
1779016808.718143,0.01,8.54,0.0,1
1779016814.7792597,0.01,8.54,0.0,1
1779016820.835105,0.28,8.55,0.0,1
1779016827.1547124,0.01,8.54,0.0,1
1779016833.205816,0.01,8.41,0.0,1
1779016839.8709283,0.01,8.17,0.0,1
1779016846.0473235,0.34,8.39,0.0,1
1779016852.1018422,0.14,8.28,0.0,1
1779016858.1621747,0.01,8.28,0.0,1
1779016865.0390568,0.01,8.11,0.0,1
1779016871.0950017,0.3,8.02,0.0,1
1779016877.150933,0.01,7.96,0.0,1
1779016883.1997724,17.66,7.84,1.2,1
1779016889.871929,9.08,8.33,1.4,1
1779016896.0819783,15.98,8.05,1.8,1
1779016902.1339364,16.28,8.07,2.2,1
1779016908.1852717,16.59,8.2,2.2,1
1779016914.8806336,18.24,8.31,2.2,1
1779016921.1880531,16.09,8.08,2.6,1
1779016927.3848488,25.69,8.2,2.6,1
1779016933.4418385,24.71,8.07,3.0,1
1779016939.870882,24.59,8.31,3.0,1
1779016946.2069926,25.48,7.88,3.0,1
1779016952.52303,23.61,7.91,3.0,1
1779016959.877302,24.81,8.43,3.0,1
1779016966.1861203,25.51,8.16,3.2,1
1779016972.5157688,25.71,8.06,3.2,1
1779016978.6889946,24.85,8.17,3.2,1
1779016985.8808057,25.17,8.03,3.0,1
1779016992.2970858,25.47,7.65,3.2,1
1779016998.4781783,25.25,7.3,3.2,1
1779017005.0348885,25.0,7.31,3.0,1
1779017011.1817026,24.54,7.45,3.2,1
1779017017.2462559,22.49,7.19,3.0,1
1779017023.388482,23.24,7.44,2.6,1
1779017030.032906,20.91,7.56,2.8,1
1779017166.9546132,25.21,44.94,0.0,1
1779017172.986047,0.28,45.17,0.6,1
1779017179.0236995,0.01,45.3,0.6,1
1779017185.0691788,0.01,45.18,0.6,1
1779017191.2052476,5.14,45.55,1.8,1
1779017197.729006,8.56,44.51,1.8,1
1779017204.0974886,15.74,44.0,2.0,1
1779017211.2393608,9.99,37.63,2.0,1
1779017217.338465,21.59,36.75,2.4,1
1779017223.8107677,19.03,22.67,2.8,1
1779017230.0050259,24.75,22.08,2.6,1
1779017236.2100792,22.87,22.24,3.0,1
1779017242.5145087,23.14,20.99,2.8,1
1779017248.5618389,25.23,19.88,3.0,1
1779018068.9371796,25.5,42.65,0.0,1
1779018075.2395983,16.51,43.84,0.8,1
1779018081.2752836,0.01,43.5,1.8,1
1779018087.3318331,13.76,43.63,1.8,1
1779018198.9009194,25.15,36.74,0.0,1
1779018205.1580884,25.38,38.87,3.0,1
1779018211.3425393,19.91,38.98,2.8,1
1779018217.5449233,24.22,38.86,2.6,1
1779018223.839676,20.81,37.69,2.6,1
1779018230.0539699,15.41,37.08,2.4,1
1779022355.3271434,25.22,42.1,0.0,1
1779022361.6471398,25.83,40.25,2.2,1
1779022367.965628,20.37,40.13,2.4,1
1779022465.015774,24.93,43.0,0.0,1
1779022471.3195212,23.56,43.81,2.6,1
1779022477.5262206,22.37,43.91,2.4,1
1779022483.844374,20.38,43.71,2.2,1
1779022490.5019207,20.85,38.96,2.2,1
1779022497.529761,21.17,28.1,1.8,1
1779022507.5750093,17.419999999999998,59.800000000000004,1.9,2
1779022515.9748394,6.345,59.75,1.8,2
1779022525.0209482,5.07,58.769999999999996,1.4,2
1779022533.9664342,0.10500000000000001,58.91,1.0,2
1779022542.0367596,0.08499999999999999,58.309999999999995,0.6,2
1779022550.9656053,3.175,58.47,0.5,2
1779022588.0223305,25.24,18.5,0.2,1
1779022594.0776305,17.91,18.35,2.2,1
1779022600.234185,9.66,18.15,1.4,1
1779022606.972816,21.17,18.09,2.0,1
1779022613.944745,22.29,17.9,2.4,1
1779022620.9822042,18.04,17.87,2.2,1
1779022629.9948614,20.725,58.35,2.7,2
1779022641.0164325,13.403333333333334,67.61,2.6666666666666665,3
1779022652.0593112,9.153333333333334,71.12,3.0,3
1779022663.101713,9.456666666666667,63.08,2.7999999999999994,3
1779022674.1696622,10.006666666666666,63.11,3.0,3
1779022685.2290893,10.143333333333333,63.260000000000005,3.1333333333333333,3
1779022696.2973883,9.92,57.57,3.0,3
1779022707.3589592,9.38,50.79,3.0,3
1779022718.40801,10.056666666666667,47.57,2.9333333333333336,3
1779022729.4494412,8.526666666666666,45.22,2.6666666666666665,3
1779022740.4939277,7.793333333333333,41.18,2.6666666666666665,3
1779022751.5505288,9.003333333333332,41.24,2.466666666666667,3
1779022762.618596,7.956666666666667,41.44,2.1333333333333333,3
1779022773.6776423,3.5866666666666664,41.33,1.6000000000000003,3
1779022783.7663288,0.21333333333333335,41.19,1.2,3
1779022793.9601736,0.10333333333333333,40.78,1.1333333333333333,3
1779022836.6201508,5.1,23.59,1.1,2
1779022844.7051516,0.225,23.740000000000002,0.5,2
1779022852.7785625,4.115,23.39,0.2,2
1779022861.810795,0.14500000000000002,23.619999999999997,0.5,2
1779022898.621127,25.4,8.4,0.2,1
1779022904.8245559,0.26,12.8,2.2,1
1780047907.443221,12.33,43.55,0.0,1
1780047913.490037,0.01,41.23,0.6,1
1780047919.6767275,8.28,41.23,1.6,1
1780047926.159237,19.79,38.98,1.6,1
1780047933.1868472,19.53,34.28,2.0,1
1780047939.6822083,16.61,33.4,2.0,1
1780047946.0761578,25.7,28.98,2.4,1
1780047952.1480532,22.8,28.49,2.4,1
1780047959.1795452,23.42,27.96,2.8,1
1780047968.8048222,20.61,60.08,3.1,2
1780047977.1965673,12.43,55.53,3.0,2
1780047986.2031245,12.065,55.17,3.2,2
1780047995.2008107,14.8,55.32,3.0,2
1780048003.502049,14.325,31.17,3.2,2
1780048012.2283103,14.24,31.78,3.0,2
1780048021.210033,15.72,31.67,3.0,2
1780048030.2043443,13.06,31.59,3.2,2
1780048038.3996189,13.059999999999999,31.73,3.0,2
1780048047.2022622,15.16,31.87,3.0,2
1780048056.1941051,9.3,32.17,2.6,2
1780048065.196729,10.025,32.15,2.6,2
1780048073.6745288,10.82,32.08,2.5,2
1780048082.2050376,7.72,32.21,2.0,2
1780048091.1938193,10.275,31.84,2.0,2
1780048100.1932554,8.64,32.209999999999994,1.7000000000000002,2
1780048108.2698722,5.21,31.98,1.2999999999999998,2
1780048117.202149,5.005,32.23,0.5,2
1780048126.196167,9.14,31.88,0.4,2
1780048135.195686,0.165,31.73,0.4,2
1780048143.2709935,8.905,31.79,1.4,2
1780048152.1995792,6.205,31.18,1.6,2
1780048161.1963763,9.93,31.44,2.1,2
1780048170.189358,12.515,31.7,2.6,2
1780048178.2730203,8.435,31.32,2.6,2
1780048187.2027512,4.635,30.380000000000003,2.6,2
1780048196.196001,0.17,30.17,0.0,2
1780048205.192924,0.01,29.92,0.0,2
1780048214.799996,0.01,15.54,0.0,1
1780048220.8955245,0.01,15.82,0.0,1
1780048226.9642947,0.01,15.57,0.0,1
1780048246.8105206,24.57,42.26,0.0,1
1780048252.8651283,0.01,37.67,0.0,1
1780048259.1002674,16.32,37.7,0.0,1
1780048266.124532,16.36,32.73,1.0,1
1780048272.2625072,11.5,32.54,1.8,1
1780048279.100165,11.63,32.41,1.8,1
1780048286.1141493,19.71,32.41,2.2,1
1780048292.2707355,11.04,32.67,2.6,1
1780048299.1096525,23.72,32.11,2.4,1
1780048306.1128118,25.0,31.09,2.8,1
1780048315.1456826,19.25,73.32000000000001,2.8,2
1780048324.183348,14.235,71.42,2.8,2
1780048332.5870843,13.36,71.31,3.0,2
1780048357.5996418,25.08,34.32,0.0,1
1780048363.6661577,25.57,35.11,2.6,1
1780048370.6886246,2.96,34.74,1.0,1
1780048376.7429955,14.85,35.11,1.6,1
1780048382.8264036,9.7,34.99,1.8,1
1780048389.6911201,13.36,34.74,2.0,1
1780048395.7631795,21.03,34.98,2.0,1
1780048404.711557,17.115000000000002,76.25,2.4,2
1780048413.717923,9.535,63.84,2.5,2
1780048422.7030923,10.594999999999999,56.16,2.8,2
1780396224.026064,25.6,42.82,0.0,1
1780396230.1325104,0.34,34.88,0.0,1
1780396237.1204865,0.01,31.37,0.0,1
1780396243.6372242,0.01,29.36,0.0,1
1780396249.7521822,0.32,27.54,0.0,1
1780396256.0671275,0.01,16.48,0.0,1
1780396263.12551,0.01,16.97,0.0,1
1780396269.2118587,0.01,15.89,0.0,1
1780396275.3038478,0.25,15.9,0.0,1
1780396282.1039262,10.02,15.65,0.6,1
1780396288.2707014,12.52,15.58,1.6,1
1780396294.4558597,16.49,15.69,2.0,1
1780396300.5219612,24.75,15.51,2.0,1
1780396310.1480682,14.485,60.650000000000006,2.2,2
1780396319.1227956,11.795,60.29,2.6,2
1780396327.4250069,10.705,60.19,2.5,2
1780396336.129461,11.545,60.59,2.8,2
1780396345.1309972,15.389999999999999,60.57,3.0,2
1780396354.117995,12.965,60.58,3.0,2
1780396362.219018,13.495000000000001,60.85,3.1,2
1780396371.1269596,14.295,59.58,3.2,2
1780396380.1212604,13.385000000000002,56.9,3.0,2
1780396389.1174204,13.35,55.47,3.1,2
1780396401.1614306,10.959999999999999,91.98,2.8666666666666667,3
1780396412.2040987,8.623333333333333,91.84,3.0,3
1780396423.2616017,8.226666666666667,91.97,2.7999999999999994,3
1780396434.3107243,4.3133333333333335,92.21000000000001,2.533333333333333,3
1780396478.127868,16.375,47.88,1.9000000000000001,2
1780396489.1500452,8.363333333333333,84.02,0.6666666666666666,3
1780396500.2095866,2.59,87.66,0.5333333333333333,3
1780396540.9041762,6.09,36.44,0.1,2
1780396549.1383095,5.655,28.67,1.6,2
1780396557.2193751,0.12000000000000001,28.67,0.6,2
1780396592.4839842,25.19,15.56,0.2,1
1780396601.5454533,10.305,56.7,1.0,2
1780396610.610121,0.01,51.28,0.4,2
1780400332.8374603,0.01,38.87,0.0,1
1780400338.888777,0.01,36.57,0.0,1
1780400344.9859316,0.01,35.63,0.0,1
1780400351.0788488,0.05,34.47,0.0,1
1780400357.2000194,0.35,27.17,0.0,1
1780400363.3030517,0.01,26.75,0.0,1
1780400369.380447,0.01,25.53,0.0,1
1780400375.5051835,0.02,24.49,0.0,1
1780400381.5887592,0.22,24.17,0.0,1
1780400387.6599154,1.0,22.55,0.0,1
1780400393.7229152,0.01,21.03,0.0,1
1780400399.7868998,0.01,21.04,0.0,1
1780400405.8729558,0.02,21.04,0.0,1
1780400411.9475887,0.26,21.04,0.0,1
1780400418.8643565,0.01,16.9,0.0,1
1780400424.9401417,0.01,16.27,0.0,1
1780400431.0119886,0.01,16.13,0.0,1
1780400437.8391373,0.13,16.23,0.0,1
1780400443.9196713,0.02,16.23,0.0,1
1780400449.9824262,0.01,16.11,0.0,1
1780400456.0508163,0.01,16.23,0.0,1
1780400462.817903,0.01,16.37,0.0,1
1780400468.872931,0.02,16.13,0.0,1
1780400474.930358,0.01,16.29,0.0,1
1780400480.9897158,0.01,16.23,0.0,1
1780400487.8013594,0.13,16.05,0.0,1
1780400493.8655865,0.01,16.02,0.0,1
1780400499.919951,0.01,16.03,0.0,1
1780400505.9787033,0.01,16.0,0.0,1
1780400512.8032465,0.01,15.93,0.0,1
1780400518.8538167,0.01,16.02,0.0,1
1780400524.9092786,0.01,15.9,0.0,1
1780400530.9626508,0.01,15.91,0.0,1
1780400537.80271,0.12,15.7,0.0,1
1780400543.8506722,0.01,15.7,0.0,1
1780400549.8991003,0.01,15.71,0.0,1
1780400555.95451,0.01,15.71,0.0,1
1780400562.808132,0.01,15.83,0.0,1
1780400568.8576279,0.01,15.71,0.0,1
1780400574.9076247,0.01,15.82,0.0,1
1780400580.970003,0.01,15.71,0.0,1
1780400587.7972696,0.13,16.04,0.0,1
1780400593.8477416,0.01,15.79,0.0,1
1780400599.9059987,0.01,15.81,0.0,1
1780400605.9543161,0.01,15.81,0.0,1
1780400612.008989,0.34,15.95,0.0,1
1780400618.5196707,0.01,16.01,0.0,1
1780400624.5622826,0.01,15.55,0.0,1
1780400630.6180944,0.01,15.55,0.0,1
1780400636.6673963,0.33,15.93,0.0,1
1780400643.51953,0.02,15.68,0.0,1
1780400649.5707374,0.01,15.81,0.0,1
1780400655.622256,0.01,15.81,0.0,1
1780400661.7023227,0.36,15.88,0.0,1
1780400667.90451,0.1,15.76,0.0,1
1780400673.9608853,0.01,15.64,0.0,1
1780400680.0157802,0.01,15.52,0.0,1
1780400686.5220606,0.01,15.52,0.0,1
1780400692.5835285,0.31,15.64,0.0,1
1780400698.646925,0.01,15.53,0.0,1
1780400704.697969,0.01,15.53,0.0,1
1780400710.7602868,0.01,15.53,0.0,1
1780400716.8147593,0.24,15.7,0.0,1
1780400722.9041133,0.01,15.46,0.0,1
1780400728.956583,0.01,15.59,0.0,1
1780400735.0061967,0.01,15.59,0.0,1
1780400741.2048805,0.01,16.92,0.0,1
1780400747.4119928,0.42,17.38,0.0,1
1780400753.4852774,0.01,17.38,0.0,1
1780400759.5533013,0.01,17.16,0.0,1
1780400765.690547,0.01,17.17,0.0,1
1780400771.7502353,0.34,17.66,0.0,1
1780400777.8074675,0.14,17.43,0.0,1
1780400783.8638034,0.01,17.68,0.0,1
1780400789.914081,0.01,17.3,0.0,1
1780400795.9696743,0.01,17.42,0.0,1
1780400802.0258255,0.34,17.55,0.0,1
1780400808.0802655,0.14,17.68,0.0,1
1780400814.1344473,0.01,17.19,0.0,1
1780400820.1922731,0.01,17.32,0.0,1
1780400826.2482069,0.02,17.21,0.0,1
1780400832.3030226,0.38,17.7,0.0,1
1780400838.3622828,0.15,17.34,0.0,1
1780400844.4371636,0.01,16.76,0.0,1
1780400850.4912724,0.01,16.8,0.0,1
1780400856.5478003,0.01,16.71,0.0,1
1780400862.5968714,0.3,16.56,0.0,1
1780400868.6533191,0.01,16.44,0.0,1
1780400874.7110145,0.01,16.47,0.0,1
1780400880.7743502,0.02,16.35,0.0,1
1780400886.834643,0.02,16.35,0.0,1
1780400892.8938513,0.01,16.26,0.0,1
1780400898.9431849,0.01,16.31,0.0,1
1780400905.0030177,0.01,16.08,0.0,1
1780400911.0542147,0.01,15.95,0.0,1
1780400917.1082397,0.27,15.96,0.0,1
1780400923.1743906,0.01,14.64,0.0,1
1780400929.2373075,0.01,14.63,0.0,1
1780400935.2939746,0.01,14.76,0.0,1
1780400941.3549972,0.01,14.53,0.0,1
1780400947.4066854,0.3,14.67,0.0,1
1780400953.4688716,0.01,14.06,0.0,1
1780400959.5213778,0.01,14.06,0.0,1
1780400965.5839171,0.01,11.83,0.0,1
1780400971.6369226,0.01,10.62,0.0,1
1780400977.698591,0.44,10.89,0.0,1
1780400983.7564826,0.01,10.28,0.0,1
1780400989.8211606,0.02,10.53,0.0,1
1780400995.8773217,0.01,10.54,0.0,1
1780401001.9311805,0.02,10.53,0.0,1
1780401007.9960773,0.14,10.41,0.0,1
1780401014.0638444,0.01,10.3,0.0,1
1780401020.122427,0.01,10.17,0.0,1
1780401026.175873,0.01,10.42,0.0,1
1780401032.2376988,0.29,10.67,0.0,1
1780401038.288327,0.15,10.55,0.0,1
1780401044.3393745,0.01,10.31,0.0,1
1780401050.3911593,0.01,10.43,0.0,1
1780401056.4431143,0.01,10.31,0.0,1
1780401062.5081482,0.31,10.56,0.0,1
1780401068.561696,0.01,10.44,0.0,1
1780401074.6162398,0.02,10.69,0.0,1
1780401080.6725934,0.01,10.57,0.0,1
1780401086.7374153,0.01,10.4,0.0,1
1780401092.8048887,0.27,10.77,0.0,1
1780401098.8713186,0.01,10.28,0.0,1
1780401105.526298,0.01,10.28,0.0,1
1780401119.1968,0.01,10.33,0.0,1
1780401125.245454,0.01,10.17,0.0,1
1780401131.2956736,0.01,10.13,0.0,1
1780401137.3443997,0.37,10.51,0.0,1
1780401143.3795686,0.01,10.38,0.0,1
1780401149.4111013,0.01,10.51,0.0,1
1780401155.4431293,0.01,10.39,0.0,1
1780401161.4886768,0.01,10.39,0.0,1
1780401167.53181,0.36,10.39,0.0,1
1780401173.9375799,0.01,10.27,0.0,1
1780401179.9702969,0.01,10.39,0.0,1
1780401186.0030203,0.01,10.51,0.0,1
1780401192.0425625,0.01,10.39,0.0,1
1780401198.0873377,0.3,10.77,0.0,1
1780401204.1237652,0.01,10.53,0.0,1
1780401210.1595323,0.01,10.54,0.0,1
1780401216.1954794,0.01,10.41,0.0,1
1780401222.232374,0.01,10.41,0.0,1
1780401228.2645297,0.27,10.54,0.0,1
1780401234.3011868,0.01,10.41,0.0,1
1780401240.3368993,0.01,10.42,0.0,1
1780401246.3762188,0.01,10.33,0.0,1
1780401252.4121296,0.21,10.7,0.0,1
1780401258.4457068,0.01,10.33,0.0,1
1780401264.4808917,0.01,9.59,0.0,1
1780401270.5121784,0.01,9.6,0.0,1
1780401276.543606,0.01,9.85,0.0,1
1780401282.5744805,0.19,10.1,0.0,1
1780401288.6072948,0.01,9.72,0.0,1
1780401294.6389606,0.01,9.61,0.0,1
1780401300.6724777,0.01,9.73,0.0,1
1780401306.7362125,0.01,9.98,0.0,1
1780401312.7767787,0.19,10.35,0.0,1
1780401318.8221772,0.01,9.98,0.0,1
1780401324.8675654,0.01,9.14,0.0,1
1780401330.9173677,0.01,9.14,0.0,1
1780401336.9887078,0.02,9.13,0.0,1
1780401343.0689342,0.22,9.63,0.0,1
1780401349.1182444,0.01,9.39,0.0,1
1780401355.1598926,0.01,9.31,0.0,1
1780401361.201252,0.01,9.44,0.0,1
1780401367.2418444,0.01,9.68,0.0,1
1780401373.2801592,0.2,9.69,0.0,1
1780401379.3138995,0.01,9.45,0.0,1
1780401385.3514597,0.01,9.46,0.0,1
1780401391.390254,0.01,9.2,0.0,1
1780401397.4215329,0.1,9.32,0.0,1
1780401403.4613414,0.19,9.21,0.0,1
1780401409.517736,0.01,9.35,0.0,1
1780401415.553494,0.01,9.35,0.0,1
1780401421.589161,0.01,9.23,0.0,1
1780401427.635344,0.26,9.48,0.0,1
1780401433.671369,0.01,9.25,0.0,1
1780401439.7098117,0.01,9.25,0.0,1
1780401445.7463512,0.01,9.25,0.0,1
1780401451.791519,0.01,9.38,0.0,1
1780401457.8230252,0.24,10.26,0.0,1
1780401463.86465,0.01,10.09,0.0,1
1780401469.9015265,0.01,10.1,0.0,1
1780401475.9392495,0.01,9.98,0.0,1
1780401481.9793687,0.01,9.98,0.0,1
1780401488.021811,0.27,10.22,0.0,1
1780401494.0524273,0.01,9.98,0.0,1
1780401500.082072,0.01,10.6,0.0,1
1780401506.116062,0.01,10.66,0.0,1
1780401512.1499581,0.01,10.42,0.0,1
1780401518.1927094,0.26,10.66,0.0,1
1780401524.2276018,0.01,10.66,0.0,1
1780401530.27231,0.02,10.5,0.0,1
1780401536.3384757,0.01,10.25,0.0,1
1780401542.3735378,0.01,10.5,0.0,1
1780401548.422185,0.34,10.26,0.0,1
1780401554.4684012,0.01,10.08,0.0,1
1780401560.5001585,0.01,10.2,0.0,1
1780401566.5409012,0.01,10.2,0.0,1
1780401572.5840464,0.01,10.21,0.0,1
1780401578.623956,0.23,10.21,0.0,1
1780401584.6622732,0.01,10.34,0.0,1
1780401590.7009685,0.01,10.28,0.0,1
1780401596.741631,0.01,9.61,0.0,1
1780401602.7767515,0.21,9.85,0.0,1
1780401608.8181465,0.01,9.73,0.0,1
1780401614.8546145,0.03,9.61,0.0,1
1780401620.8988075,0.01,9.43,0.0,1
1780401626.9832416,0.01,9.44,0.0,1
1780401633.0398152,0.39,9.55,0.0,1
1780401639.1038592,0.01,9.56,0.0,1
1780401645.1568084,0.01,9.44,0.0,1
1780401651.196531,0.01,9.44,0.0,1
1780401657.2494018,0.01,9.56,0.0,1
1780401663.2944412,0.23,9.55,0.0,1
1780401669.3377008,0.01,9.39,0.0,1
1780401675.3824573,0.01,9.39,0.0,1
1780401681.4290268,0.01,9.39,0.0,1
1780401687.4727921,0.01,9.39,0.0,1
1780401693.5175653,0.18,9.64,0.0,1
1780401699.5595481,0.01,9.61,0.0,1
1780401705.5956697,0.01,9.48,0.0,1
1780401711.6291935,0.01,9.36,0.0,1
1780401717.6686509,0.1,9.49,0.0,1
1780401723.712586,0.28,9.49,0.0,1
1780401729.7515218,0.01,9.37,0.0,1
1780401735.793497,0.01,9.37,0.0,1
1780401741.8342934,0.01,9.37,0.0,1
1780401747.8705013,0.33,9.74,0.0,1
1780401753.9091077,0.01,9.49,0.0,1
1780401759.9508746,0.01,9.36,0.0,1
1780401765.9914818,0.02,9.48,0.0,1
1780401772.0320814,0.01,9.17,0.0,1
1780401778.0700052,0.33,9.06,0.0,1
1780401784.1147711,0.01,9.06,0.0,1
1780401790.1571157,0.01,8.93,0.0,1
1780401796.1936004,0.01,8.93,0.0,1
1780401802.2363336,0.01,8.94,0.0,1
1780401808.2824256,0.34,9.06,0.0,1
1780401814.3229682,0.01,8.94,0.0,1
1780401820.3568082,0.01,9.06,0.0,1
1780401826.4071572,0.01,8.94,0.0,1
1780401832.4577067,0.01,8.94,0.0,1
1780401838.4914498,0.28,9.2,0.0,1
1780401844.5364015,0.01,9.0,0.0,1
1780401850.5731025,0.01,9.0,0.0,1
1780401856.6129124,0.01,9.0,0.0,1
1780401862.6556766,0.01,9.0,0.0,1
1780401868.695147,0.27,9.38,0.0,1
1780401874.7303977,0.01,9.13,0.0,1
1780401880.767197,0.01,9.01,0.0,1
1780401886.8032832,0.01,9.13,0.0,1
1780401892.8381975,0.01,9.01,0.0,1
1780401898.8838596,0.19,9.25,0.0,1
1780401904.926098,0.01,9.01,0.0,1
1780401910.965628,0.01,9.13,0.0,1
1780401917.00971,0.01,9.01,0.0,1
1780401923.0474703,0.2,9.26,0.0,1
1780401929.080665,0.01,9.02,0.0,1
1780401935.1328428,0.01,9.14,0.0,1
1780401941.1675367,0.01,9.02,0.0,1
1780401947.2036297,0.01,9.02,0.0,1
1780401953.251534,0.27,9.39,0.0,1
1780401959.2865655,0.01,9.14,0.0,1
1780401965.3293269,0.01,9.02,0.0,1
1780401971.377471,0.01,9.27,0.0,1
1780401977.4290338,0.02,9.02,0.0,1
1780401983.5058575,0.2,9.4,0.0,1
1780401989.5458272,0.01,9.03,0.0,1
1780401995.5882251,0.02,9.03,0.0,1
1780402001.6291296,0.01,9.16,0.0,1
1780402007.6657748,0.1,9.16,0.0,1
1780402013.6995196,0.24,9.16,0.0,1
1780402019.7475364,0.01,9.04,0.0,1
1780402025.7893167,0.01,9.28,0.0,1
1780402031.8489153,0.01,9.28,0.0,1
1780402037.9209902,0.08,9.29,0.0,1
1780402043.9641445,0.25,9.29,0.0,1
1780402050.010176,0.01,9.04,0.0,1
1780402056.0598774,0.01,9.04,0.0,1
1780402062.1136765,0.01,9.04,0.0,1
1780402068.1616583,0.08,9.17,0.0,1
1780402074.2021532,0.01,9.17,0.0,1
1780402080.2446043,0.01,9.05,0.0,1
1780402086.285169,0.01,9.05,0.0,1
1780402092.3274379,0.02,9.17,0.0,1
1780402098.4314265,0.33,9.18,0.0,1
1780402104.4716926,0.01,9.18,0.0,1
1780402110.5129118,0.01,9.3,0.0,1
1780402116.5532672,0.01,9.05,0.0,1
1780402122.5960557,0.01,9.05,0.0,1
1780402128.6352496,0.19,9.43,0.0,1
1780402134.6761427,0.02,9.05,0.0,1
1780402140.7268174,0.03,9.18,0.0,1
1780402146.7733731,0.01,9.18,0.0,1
1780402152.817649,0.01,9.06,0.0,1
1780402158.8550036,0.26,9.06,0.0,1
1780402164.8937361,0.01,9.06,0.0,1
1780402170.9344497,0.01,9.18,0.0,1
1780402176.9662642,0.01,9.06,0.0,1
1780402183.0054162,0.01,9.07,0.0,1
1780402189.0564547,0.2,9.43,0.0,1
1780402195.091578,0.01,9.19,0.0,1
1780402201.1276557,0.01,9.06,0.0,1
1780402207.1726108,0.01,9.19,0.0,1
1780402213.2288578,0.01,9.2,0.0,1
1780402219.27036,0.21,9.06,0.0,1
1780402225.3123982,0.02,9.06,0.0,1
1780402231.3451066,0.01,9.07,0.0,1
1780402237.387066,0.01,9.19,0.0,1
1780402243.4233496,0.26,9.42,0.0,1
1780402249.461965,0.01,8.99,0.0,1
1780402255.5017056,0.01,8.99,0.0,1
1780402261.5354784,0.01,9.12,0.0,1
1780402267.5689478,0.01,8.99,0.0,1
1780402273.6064372,0.27,9.36,0.0,1
1780402279.650347,0.01,9.12,0.0,1
1780402285.7076154,0.01,8.99,0.0,1
1780402291.7549,0.03,8.99,0.0,1
1780402297.7975993,0.09,9.12,0.0,1
1780402303.8328154,0.27,9.37,0.0,1
1780402309.8694398,0.01,9.49,0.0,1
1780402315.913022,0.01,9.0,0.0,1
1780402321.9484024,0.01,9.12,0.0,1
1780402327.986183,0.12,9.0,0.0,1
1780402334.0402672,0.17,9.01,0.0,1
1780402340.0754707,0.02,9.0,0.0,1
1780402346.109545,0.01,9.13,0.0,1
1780402352.1619217,0.01,9.12,0.0,1
1780402358.1982038,0.11,9.0,0.0,1
1780402364.2422569,0.25,9.12,0.0,1
1780402370.2866895,0.01,8.99,0.0,1
1780402376.3233366,0.01,9.12,0.0,1
1780402382.3759758,0.01,8.99,0.0,1
1780402388.4120297,0.08,9.12,0.0,1
1780402394.4567537,0.24,9.0,0.0,1
1780402400.4987538,0.01,9.0,0.0,1
1780402406.5430202,0.01,9.12,0.0,1
1780402412.60755,0.01,9.12,0.0,1
1780402418.6494708,0.3,9.37,0.0,1
1780402424.686266,0.01,9.0,0.0,1
1780402430.7287154,0.01,9.12,0.0,1
1780402436.7648373,0.01,9.0,0.0,1
1780402442.8030093,0.01,9.01,0.0,1
1780402448.8490622,0.25,9.25,0.0,1
1780402454.8907712,0.01,9.01,0.0,1
1780402460.9255471,0.01,9.01,0.0,1
1780402466.969314,0.01,9.14,0.0,1
1780402473.0145364,0.01,9.02,0.0,1
1780402479.0524426,0.19,9.15,0.0,1
1780402485.0989714,0.01,9.03,0.0,1
1780402491.1387072,0.01,9.03,0.0,1
1780402497.1796246,0.01,9.15,0.0,1
1780402503.219344,0.01,9.03,0.0,1
1780402509.2687247,0.19,9.27,0.0,1
1780402515.3085124,0.01,9.03,0.0,1
1780402521.343223,0.02,9.03,0.0,1
1780402527.3860033,0.01,9.03,0.0,1
1780402533.443159,0.02,9.03,0.0,1
1780402539.4861872,0.19,9.28,0.0,1
1780402545.5293467,0.01,9.04,0.0,1
1780402551.5646098,0.01,9.04,0.0,1
1780402557.5998173,0.01,9.16,0.0,1
1780402563.6376007,0.33,9.28,0.0,1
1780402569.6762738,0.03,9.04,0.0,1
1780402575.7194307,0.01,9.04,0.0,1
1780402581.7657063,0.02,9.04,0.0,1
1780402587.8067405,0.1,9.18,0.0,1
1780402593.8576376,0.21,9.3,0.0,1
1780402599.909608,0.01,9.42,0.0,1
1780402605.9507663,0.01,9.31,0.0,1
1780402611.9883118,0.01,9.18,0.0,1
1780402618.0274193,0.12,9.18,0.0,1
1780402624.0675957,0.24,9.3,0.0,1
1780402630.1129966,0.01,8.83,0.0,1
1780402636.1646876,0.02,8.67,0.0,1
1780402642.2100976,0.01,8.45,0.0,1
1780402648.2602346,0.08,8.44,0.0,1
1780402654.3065722,0.18,8.68,0.0,1
1780402660.3586318,0.01,8.43,0.0,1
1780402666.4038606,0.01,8.43,0.0,1
1780402672.4528298,0.01,8.42,0.0,1
1780402678.4964778,0.09,8.42,0.0,1
1780402684.5453243,0.24,8.5,0.0,1
1780402690.5877788,0.01,8.38,0.0,1
1780402696.631598,0.01,8.38,0.0,1
1780402702.7154481,0.01,8.38,0.0,1
1780402708.7830045,0.28,8.58,0.0,1
1780402714.827648,0.01,8.46,0.0,1
1780402720.8667574,0.01,8.46,0.0,1
1780402726.9199145,0.01,8.58,0.0,1
1780402732.9539647,0.01,8.33,0.0,1
1780402738.9931703,0.17,8.58,0.0,1
1780402745.0350358,0.03,8.46,0.0,1
1780402751.084966,0.01,8.58,0.0,1
1780402757.1290288,0.01,8.46,0.0,1
1780402763.1697092,0.04,8.34,0.0,1
1780402769.2128322,0.2,8.59,0.0,1
1780402775.2534208,0.01,8.35,0.0,1
1780402781.2984428,0.02,8.35,0.0,1
1780402787.3413131,0.01,8.35,0.0,1
1780402793.382566,0.02,8.35,0.0,1
1780402799.4261818,0.17,8.35,0.0,1
1780402805.470433,0.01,8.35,0.0,1
1780402811.5133889,0.01,8.35,0.0,1
1780402817.555426,0.01,8.36,0.0,1
1780402823.5952396,0.01,8.36,0.0,1
1780402829.642411,0.19,8.36,0.0,1
1780402835.6857133,0.01,8.61,0.0,1
1780402841.7405283,0.01,8.49,0.0,1
1780402847.7838,0.01,8.41,0.0,1
1780402853.818453,0.12,8.54,0.0,1
1780402859.8567266,0.01,8.43,0.0,1
1780402865.9012122,0.01,8.8,0.0,1
1780402871.9372706,0.02,8.8,0.0,1
1780402877.984481,0.08,8.8,0.0,1
1780402884.020073,0.3,8.92,0.0,1
1780402890.0595622,0.01,8.93,0.0,1
1780402896.105661,0.01,8.81,0.0,1
1780402902.1417892,0.02,8.92,0.0,1
1780402908.1809635,0.1,8.92,0.0,1
1780402914.2165742,0.22,9.05,0.0,1
1780402920.2530305,0.01,8.8,0.0,1
1780402926.2905195,0.01,8.8,0.0,1
1780402932.3320498,0.01,8.81,0.0,1
1780402938.375993,0.09,8.86,0.0,1
1780402944.4586852,0.17,8.98,0.0,1
1780402950.5057776,0.01,8.74,0.0,1
1780402956.554077,0.01,8.75,0.0,1
1780402962.5958676,0.02,8.75,0.0,1
1780402968.6393373,0.09,8.87,0.0,1
1780402974.6872263,0.17,8.75,0.0,1
1780402980.732441,0.02,8.87,0.0,1
1780402986.7740688,0.01,8.75,0.0,1
1780402992.810564,0.01,8.64,0.0,1
1780402998.848856,0.08,8.65,0.0,1
1780403004.8914783,0.22,9.02,0.0,1
1780403010.933662,0.01,8.77,0.0,1
1780403016.977597,0.01,8.77,0.0,1
1780403023.0118208,0.01,8.65,0.0,1
1780403029.0480013,0.27,9.03,0.0,1
1780403035.087345,0.01,8.66,0.0,1
1780403041.1264822,0.01,8.79,0.0,1
1780403047.1634867,0.01,8.78,0.0,1
1780403053.2054446,0.03,8.66,0.0,1
1780403059.2451208,0.28,8.91,0.0,1
1780403065.2772977,0.01,8.67,0.0,1
1780403071.3211367,0.01,8.67,0.0,1
1780403077.3634412,0.01,8.67,0.0,1
1780403083.4012136,0.01,8.67,0.0,1
1780403089.4429994,0.18,8.92,0.0,1
1780403095.4822109,0.01,8.72,0.0,1
1780403101.5188658,0.02,8.84,0.0,1
1780403107.5683494,0.01,8.71,0.0,1
1780403113.6054933,0.01,8.84,0.0,1
1780403119.6603196,0.19,8.96,0.0,1
1780403125.6996982,0.01,8.96,0.0,1
1780403131.7415378,0.01,8.72,0.0,1
1780403137.7840714,0.01,8.72,0.0,1
1780403143.8241706,0.01,8.72,0.0,1
1780403149.8656857,0.21,8.97,0.0,1
1780403155.9048803,0.01,8.72,0.0,1
1780403161.9451003,0.01,8.72,0.0,1
1780403168.8381803,0.14,8.85,0.0,1
1780403174.8805842,0.02,8.85,0.0,1
1780403180.922777,0.22,8.85,0.0,1
1780403186.967562,0.01,8.85,0.0,1
1780403193.0055234,0.01,8.85,0.0,1
1780403199.0558453,0.12,8.82,0.0,1
1780403205.099007,0.16,8.94,0.0,1
1780403211.139352,0.04,8.82,0.0,1
1780403217.1825461,0.02,8.79,0.0,1
1780403223.2200089,0.01,8.56,0.0,1
1780403229.260903,0.09,8.47,0.0,1
1780403235.3038702,0.2,8.71,0.0,1
1780403241.350379,0.01,8.44,0.0,1
1780403247.3941417,0.01,8.32,0.0,1
1780403253.4310482,0.01,8.32,0.0,1
1780403259.4661586,0.1,8.21,0.0,1
1780403265.4987042,0.27,8.33,0.0,1
1780403271.5423646,0.01,8.0,0.0,1
1780403277.5874343,0.01,8.08,0.0,1
1780403283.6301558,0.01,7.97,0.0,1
1780403289.677374,0.12,7.97,0.0,1
1780403295.7149675,0.24,8.09,0.0,1
1780403301.7516918,0.02,7.97,0.0,1
1780403307.7873385,0.01,8.21,0.0,1
1780403313.8225882,0.01,8.09,0.0,1
1780403319.8580437,0.14,7.97,0.0,1
1780403325.902458,0.27,7.97,0.0,1
1780403331.9366994,0.01,7.97,0.0,1
1780403337.9821782,0.01,7.97,0.0,1
1780403344.028213,0.01,7.97,0.0,1
1780403350.072101,0.18,8.35,0.0,1
1780403356.1053221,0.01,8.22,0.0,1
1780403362.1393695,0.01,7.98,0.0,1
1780403368.1808898,0.01,8.22,0.0,1
1780403374.2254777,0.01,7.98,0.0,1
1780403380.261081,0.17,8.07,0.0,1
1780403386.3012867,0.01,7.94,0.0,1
1780403392.3409948,0.02,7.94,0.0,1
1780403398.3898327,0.01,8.19,0.0,1
1780403404.4218543,0.01,8.17,0.0,1
1780403410.466413,0.18,8.04,0.0,1
1780403416.4994266,0.01,7.91,0.0,1
1780403422.5647573,0.01,7.91,0.0,1
1780403428.622159,0.01,7.91,0.0,1
1780403434.6680672,0.01,7.92,0.0,1
1780403440.7277794,0.2,8.5,0.0,1
1780403446.772113,0.01,8.38,0.0,1
1780403452.8182733,0.01,8.38,0.0,1
1780403458.8537483,0.02,8.38,0.0,1
1780403464.887397,0.01,8.38,0.0,1
1780403470.941582,0.29,8.62,0.0,1
1780403476.9843273,0.01,8.38,0.0,1
1780403483.0275316,0.01,8.62,0.0,1
1780403489.0746784,0.12,8.63,0.0,1
1780403495.118123,0.01,8.38,0.0,1
1780403501.180492,0.22,8.51,0.0,1
1780403507.228648,0.02,8.38,0.0,1
1780403513.2646475,0.02,8.51,0.0,1
1780403519.3036516,0.09,8.51,0.0,1
1780403525.3397002,0.43,8.52,0.0,1
1780403531.3907576,0.01,8.51,0.0,1
1780403537.4275036,0.01,8.39,0.0,1
1780403543.477096,0.02,8.52,0.0,1
1780403549.5239336,0.12,8.64,0.0,1
1780403555.5763292,0.25,8.4,0.0,1
1780403561.6141398,0.01,8.4,0.0,1
1780403567.6519222,0.02,8.64,0.0,1
1780403573.7004547,0.02,8.41,0.0,1
1780403579.7459726,0.1,8.41,0.0,1
1780403585.7951972,0.3,8.66,0.0,1
1780403591.8408036,0.01,8.42,0.0,1
1780403597.8801994,0.01,8.42,0.0,1
1780403603.9271116,0.01,8.42,0.0,1
1780403609.9649365,0.01,8.54,0.0,1
1780403616.0165653,0.24,8.55,0.0,1
1780403622.066303,0.01,8.54,0.0,1
1780403628.1100035,0.01,8.54,0.0,1
1780403634.1547275,0.01,8.42,0.0,1
1780403640.2022974,0.01,8.43,0.0,1
1780403646.2479954,0.23,8.79,0.0,1
1780403652.2968206,0.01,8.43,0.0,1
1780403658.334489,0.01,8.55,0.0,1
1780403664.3876002,0.02,8.43,0.0,1
1780403670.4370942,0.2,8.8,0.0,1
1780403676.4959323,0.01,8.55,0.0,1
1780403682.5446248,0.01,8.55,0.0,1
1780403688.5903592,0.01,8.55,0.0,1
1780403694.6302295,0.01,8.43,0.0,1
1780403700.6678805,0.19,8.68,0.0,1
1780403706.7028656,0.01,8.68,0.0,1
1780403712.7443407,0.01,8.44,0.0,1
1780403718.777893,0.01,8.56,0.0,1
1780403724.822959,0.01,8.56,0.0,1
1780403730.8706124,0.22,8.69,0.0,1
1780403736.9086568,0.01,8.57,0.0,1
1780403742.9576778,0.01,8.45,0.0,1
1780403749.001554,0.08,8.45,0.0,1
1780403755.043684,0.02,8.45,0.0,1
1780403761.0998497,0.29,8.45,0.0,1
1780403767.1424193,0.01,8.45,0.0,1
1780403773.1856918,0.03,8.45,0.0,1
1780403779.232534,0.1,8.45,0.0,1
1780403785.2770352,0.01,8.45,0.0,1
1780403791.31893,0.2,8.83,0.0,1
1780403797.3685665,0.01,8.83,0.0,1
1780403803.4038343,0.01,8.46,0.0,1
1780403809.4372945,0.08,8.46,0.0,1
1780403815.473554,0.23,8.71,0.0,1
1780403821.5158591,0.01,8.46,0.0,1
1780403827.5481958,0.01,8.58,0.0,1
1780403833.5868251,0.01,8.58,0.0,1
1780403839.62279,0.09,8.46,0.0,1
1780403845.6584187,0.2,8.83,0.0,1
1780403851.7024174,0.01,8.59,0.0,1
1780403857.7431438,0.01,8.28,0.0,1
1780403863.7835348,0.01,8.16,0.0,1
1780403869.8241541,0.15,8.16,0.0,1
1780403875.8734334,0.25,8.27,0.0,1
1780403881.9163454,0.01,8.27,0.0,1
1780403887.9529946,0.01,8.27,0.0,1
1780403893.9874656,0.01,8.15,0.0,1
1780403900.0340176,0.02,8.16,0.0,1
1780403906.0702894,0.23,8.16,0.0,1
1780403912.1161945,0.02,8.16,0.0,1
1780403918.1650171,0.02,8.28,0.0,1
1780403924.2114847,0.01,8.16,0.0,1
1780403930.24597,0.01,8.17,0.0,1
1780403936.2935302,0.23,8.29,0.0,1
1780403942.3491786,0.01,8.29,0.0,1
1780403948.3933282,0.01,8.03,0.0,1
1780403954.429139,0.01,8.28,0.0,1
1780403960.468979,0.01,8.15,0.0,1
1780403966.5135448,0.2,8.16,0.0,1
1780403972.5484228,0.01,8.03,0.0,1
1780403978.5916424,0.01,8.16,0.0,1
1780403984.6437502,0.01,8.04,0.0,1
1780403990.691574,0.28,8.37,0.0,1
1780403996.7290552,0.02,8.12,0.0,1
1780404002.7629347,0.01,7.93,0.0,1
1780404008.7991042,0.02,7.79,0.0,1
1780404014.8435574,0.01,7.79,0.0,1
1780404020.8788364,0.21,7.79,0.0,1
1780404026.9185026,0.01,7.8,0.0,1
1780404032.962262,0.01,7.77,0.0,1
1780404038.996435,0.01,7.89,0.0,1
1780404045.0319693,0.01,7.91,0.0,1
1780404051.067654,0.22,8.04,0.0,1
1780404057.115757,0.01,8.04,0.0,1
1780404063.149731,0.01,7.91,0.0,1
1780404069.203272,0.09,8.16,0.0,1
1780404075.2384486,0.01,7.92,0.0,1
1780404081.2807376,0.31,8.16,0.0,1
1780404087.3243988,0.01,7.92,0.0,1
1780404093.3721862,0.01,8.04,0.0,1
1780404099.4139874,0.1,8.04,0.0,1
1780404105.4574678,0.01,7.9,0.0,1
1780404111.4997263,0.21,7.9,0.0,1
1780404117.5379198,0.01,8.02,0.0,1
1780404123.571332,0.01,8.01,0.0,1
1780404129.6090662,0.13,8.01,0.0,1
1780404135.6429188,0.02,7.88,0.0,1
1780404141.6835566,0.24,8.13,0.0,1
1780404147.7388918,0.01,7.95,0.0,1
1780404153.7965848,0.01,7.95,0.0,1
1780404159.8373964,0.1,8.07,0.0,1
1780404165.8791442,0.17,8.2,0.0,1
1780404171.9211166,0.01,7.95,0.0,1
1780404177.9621737,0.01,8.08,0.0,1
1780404184.0098882,0.01,8.08,0.0,1
1780404190.0510771,0.11,7.96,0.0,1
1780404196.0866408,0.16,8.08,0.0,1
1780404202.137318,0.02,8.12,0.0,1
1780404208.1775038,0.01,7.9,0.0,1
1780404214.2201903,0.01,7.78,0.0,1
1780404220.2608767,0.01,7.78,0.0,1
1780404226.3023415,0.2,8.02,0.0,1
1780404232.351615,0.01,7.9,0.0,1
1780404238.3870876,0.01,7.78,0.0,1
1780404244.4214985,0.01,7.78,0.0,1
1780404250.457547,0.01,7.78,0.0,1
1780404256.5000105,0.19,8.03,0.0,1
1780404262.5430498,0.01,7.78,0.0,1
1780404268.580158,0.01,7.9,0.0,1
1780404274.6365724,0.01,7.9,0.0,1
1780404280.6788526,0.01,7.78,0.0,1
1780404286.7159555,0.25,8.03,0.0,1
1780404292.7574909,0.02,7.78,0.0,1
1780404298.8008976,0.01,7.78,0.0,1
1780404304.8369668,0.01,7.78,0.0,1
1780404310.8752728,0.01,7.9,0.0,1
1780404316.9182825,0.01,7.9,0.0,1
1780404322.9680555,0.01,7.78,0.0,1
1780404329.0101762,0.01,7.9,0.0,1
1780404335.0514271,0.01,7.78,0.0,1
1780404341.1014547,0.26,7.91,0.0,1
1780404347.1413891,0.01,8.03,0.0,1
1780404353.1847095,0.01,7.91,0.0,1
1780404359.2276971,0.12,8.04,0.0,1
1780404365.2696657,0.01,7.79,0.0,1
1780404371.3085692,0.31,7.91,0.0,1
1780404377.3516195,0.01,7.79,0.0,1
1780404383.386194,0.01,7.79,0.0,1
1780404389.4290025,0.09,7.79,0.0,1
1780404395.469967,0.01,7.91,0.0,1
1780404401.5045567,0.19,7.92,0.0,1
1780404407.5426438,0.01,7.8,0.0,1
1780404413.5778606,0.01,7.81,0.0,1
1780404419.6214654,0.09,7.93,0.0,1
1780404425.6608028,0.01,7.93,0.0,1
1780404431.7032807,0.17,8.05,0.0,1
1780404437.7423213,0.01,7.81,0.0,1
1780404443.7850835,0.01,7.81,0.0,1
1780404449.8250844,0.09,7.81,0.0,1
1780404455.8631866,0.01,7.81,0.0,1
1780404461.9060388,0.28,7.93,0.0,1
1780404467.9469142,0.01,7.81,0.0,1
1780404473.9932384,0.01,7.93,0.0,1
1780404480.0356808,0.11,7.94,0.0,1
1780404486.0794134,0.17,8.18,0.0,1
1780404492.1194131,0.01,7.94,0.0,1
1780404498.1530156,0.02,7.94,0.0,1
1780404504.188236,0.01,7.94,0.0,1
1780404510.2297084,0.11,7.82,0.0,1
1780404516.2647967,0.3,8.19,0.0,1
1780404522.3002493,0.02,7.82,0.0,1
1780404528.3428903,0.01,7.94,0.0,1
1780404534.3852682,0.01,7.82,0.0,1
1780404540.4220738,0.01,8.07,0.0,1
1780404546.4684148,0.25,7.95,0.0,1
1780404552.5010383,0.01,7.82,0.0,1
1780404558.5370545,0.01,7.83,0.0,1
1780404564.573212,0.01,7.63,0.0,1
1780404570.6086802,0.01,7.59,0.0,1
1780404576.6540236,0.22,7.96,0.0,1
1780404582.6911197,0.01,7.59,0.0,1
1780404588.739728,0.01,7.6,0.0,1
1780404594.786848,0.01,7.6,0.0,1
1780404600.8321776,0.01,7.72,0.0,1
1780404606.878105,0.22,7.6,0.0,1
1780404612.9198217,0.01,7.6,0.0,1
1780404618.963903,0.02,7.6,0.0,1
1780404625.0072057,0.01,7.59,0.0,1
1780404631.0573068,0.01,7.6,0.0,1
1780404637.1024354,0.17,7.72,0.0,1
1780404643.1440568,0.01,7.6,0.0,1
1780404649.1918612,0.01,7.6,0.0,1
1780404655.2270894,0.02,7.61,0.0,1
1780404661.2644656,0.19,7.85,0.0,1
1780404667.3047428,0.01,7.61,0.0,1
1780404673.349073,0.01,7.73,0.0,1
1780404679.385523,0.1,7.61,0.0,1
1780404685.426252,0.01,7.61,0.0,1
1780404691.4599981,0.25,7.86,0.0,1
1780404697.5028083,0.01,7.61,0.0,1
1780404703.5450373,0.01,7.61,0.0,1
1780404709.578818,0.1,7.56,0.0,1
1780404715.6311202,0.01,7.59,0.0,1
1780404721.6734247,0.24,8.08,0.0,1
1780404727.7186422,0.01,7.59,0.0,1
1780404733.762172,0.01,7.59,0.0,1
1780404739.8052452,0.23,7.71,0.0,1
1780404745.8473225,0.01,7.59,0.0,1
1780404751.8995469,0.17,7.69,0.0,1
1780404757.9415526,0.01,7.68,0.0,1
1780404763.9900966,0.01,7.68,0.0,1
1780404770.0336869,0.11,7.66,0.0,1
1780404776.0882442,0.01,7.54,0.0,1
1780404782.1251953,0.29,7.9,0.0,1
1780404788.1729531,0.01,7.53,0.0,1
1780404794.2183907,0.01,7.77,0.0,1
1780404800.2621584,0.08,7.53,0.0,1
1780404806.3041847,0.23,7.77,0.0,1
1780404812.3443813,0.01,7.52,0.0,1
1780404818.3965762,0.01,7.52,0.0,1
1780404824.437954,0.01,7.52,0.0,1
1780404830.474152,0.01,7.46,0.0,1
1780404836.5249226,0.26,7.95,0.0,1
1780404842.5706196,0.01,7.46,0.0,1
1780404848.6155705,0.01,7.81,0.0,1
1780404854.65706,0.01,7.59,0.0,1
1780404860.7057145,0.01,7.47,0.0,1
1780404866.7736683,0.35,7.47,0.0,1
1780404872.8643878,0.01,7.47,0.0,1
1780404878.9041657,0.01,7.47,0.0,1
1780404884.9563215,0.01,7.47,0.0,1
1780404891.01149,0.01,7.59,0.0,1
1780404897.0705817,0.18,7.6,0.0,1
1780404903.119301,0.01,7.59,0.0,1
1780404909.1648822,0.01,7.47,0.0,1
1780404915.2028465,0.01,7.47,0.0,1
1780404921.2465327,0.01,7.46,0.0,1
1780404927.2874534,0.18,7.7,0.0,1
1780404933.3204107,0.01,7.57,0.0,1
1780404939.3718638,0.01,7.69,0.0,1
1780404945.4073262,0.01,7.69,0.0,1
1780404951.4456453,0.16,7.69,0.0,1
1780404957.4926019,0.01,7.45,0.0,1
1780404963.5342398,0.03,7.69,0.0,1
1780404969.5694327,0.08,7.57,0.0,1
1780404975.6155517,0.01,7.56,0.0,1
1780404981.6544437,0.19,7.83,0.0,1
1780404987.6934016,0.01,7.46,0.0,1
1780404993.733058,0.01,7.45,0.0,1
1780404999.7727084,0.09,7.57,0.0,1
1780405005.8134577,0.02,7.58,0.0,1
1780405011.8618777,0.21,7.58,0.0,1
1780405017.908039,0.01,7.59,0.0,1
1780405023.9504251,0.01,7.58,0.0,1
1780405029.9892046,0.07,7.46,0.0,1
1780405036.0279489,0.01,7.46,0.0,1
1780405042.0692675,0.18,7.59,0.0,1
1780405048.1155205,0.01,7.58,0.0,1
1780405054.1630974,0.01,7.46,0.0,1
1780405060.208044,0.12,7.46,0.0,1
1780405066.2443466,0.01,7.5,0.0,1
1780405072.2819304,0.26,7.74,0.0,1
1780405078.3275037,0.01,7.62,0.0,1
1780405084.3817291,0.01,7.5,0.0,1
1780405090.4177206,0.09,7.5,0.0,1
1780405096.4809718,0.21,7.92,0.0,1
1780405102.5165594,0.01,7.67,0.0,1
1780405108.5512302,0.01,7.67,0.0,1
1780405114.586707,0.01,7.67,0.0,1
1780405120.619095,0.01,7.79,0.0,1
1780405126.65581,0.33,7.79,0.0,1
1780405132.7018816,0.01,7.67,0.0,1
1780405138.7501655,0.01,7.79,0.0,1
1780405144.796695,0.02,7.67,0.0,1
1780405150.8335972,0.04,7.67,0.0,1
1780405156.8715937,0.32,7.92,0.0,1
1780405162.9122865,0.01,7.79,0.0,1
1780405168.951456,0.01,7.57,0.0,1
1780405174.9882133,0.01,7.57,0.0,1
1780405181.0239708,0.03,7.5,0.0,1
1780405187.06513,0.19,7.75,0.0,1
1780405193.1068969,0.01,7.5,0.0,1
1780405199.1563601,0.01,7.5,0.0,1
1780405205.2060483,0.01,7.5,0.0,1
1780405211.2476783,0.02,7.75,0.0,1
1780405217.286786,0.18,7.75,0.0,1
1780405223.3237493,0.01,7.5,0.0,1
1780405229.3717082,0.01,7.62,0.0,1
1780405235.4133482,0.01,7.5,0.0,1
1780405241.4542139,0.01,7.62,0.0,1
1780405247.4888077,0.22,7.74,0.0,1
1780405253.5257597,0.01,7.5,0.0,1
1780405259.5709853,0.09,7.63,0.0,1
1780405265.615302,0.01,7.51,0.0,1
1780405271.6497283,0.22,7.64,0.0,1
1780405277.6873217,0.01,7.51,0.0,1
1780405283.7291307,0.01,7.5,0.0,1
1780405289.7853906,0.1,7.62,0.0,1
1780405295.823064,0.01,7.5,0.0,1
1780405301.865739,0.19,7.74,0.0,1
1780405307.8999314,0.01,7.75,0.0,1
1780405313.9435,0.01,7.51,0.0,1
1780405319.9945776,0.12,7.75,0.0,1
1780405326.0411859,0.01,7.62,0.0,1
1780405332.0864217,0.18,7.87,0.0,1
1780405338.1327813,0.01,7.77,0.0,1
1780405344.1671264,0.01,7.53,0.0,1
1780405350.213156,0.09,7.65,0.0,1
1780405356.25727,0.01,7.76,0.0,1
1780405362.3019528,0.24,7.76,0.0,1
1780405368.3468864,0.02,7.64,0.0,1
1780405374.4099245,0.01,7.64,0.0,1
1780405380.4445035,0.08,7.65,0.0,1
1780405386.4818916,0.01,7.76,0.0,1
1780405392.5194583,0.23,7.52,0.0,1
1780405398.5560422,0.01,7.52,0.0,1
1780405404.5912945,0.01,7.64,0.0,1
1780405410.634695,0.02,7.74,0.0,1
1780405416.678507,0.01,7.49,0.0,1
1780405422.7162237,0.01,7.49,0.0,1
1780405428.7675862,0.01,7.47,0.0,1
1780405434.8116963,0.01,7.45,0.0,1
1780405440.8425827,0.01,7.57,0.0,1
1780405446.8806257,0.17,7.82,0.0,1
1780405452.9211917,0.01,7.57,0.0,1
1780405458.9583695,0.01,7.46,0.0,1
1780405465.0051656,0.01,7.46,0.0,1
1780405471.0399382,0.01,7.71,0.0,1
1780405477.0853236,0.15,7.71,0.0,1
1780405483.1215453,0.01,7.59,0.0,1
1780405489.1627667,0.01,7.59,0.0,1
1780405495.19588,0.02,7.71,0.0,1
1780405501.2395294,0.01,7.47,0.0,1
1780405507.2793508,0.17,7.59,0.0,1
1780405513.3135262,0.01,7.46,0.0,1
1780405519.347773,0.02,7.71,0.0,1
1780405525.380415,0.01,7.58,0.0,1
1780405531.4186027,0.02,7.47,0.0,1
1780405537.45503,0.15,7.72,0.0,1
1780405543.4956532,0.01,7.6,0.0,1
1780405549.5364377,0.01,7.71,0.0,1
1780405555.5787377,0.01,7.57,0.0,1
1780405561.6207182,0.01,7.58,0.0,1
1780405567.6576405,0.18,7.44,0.0,1
1780405573.7063048,0.01,7.45,0.0,1
1780405579.7452154,0.1,7.57,0.0,1
1780405585.807283,0.02,7.44,0.0,1
1780405591.8891423,0.19,7.69,0.0,1
1780405597.9380956,0.01,7.62,0.0,1
1780405603.9895248,0.01,7.62,0.0,1
1780405610.0418127,0.1,7.6,0.0,1
1780405616.0895922,0.01,7.48,0.0,1
1780405622.1317978,0.19,7.85,0.0,1
1780405628.1809,0.01,7.61,0.0,1
1780405634.2240632,0.01,7.48,0.0,1
1780405640.2649872,0.08,7.73,0.0,1
1780405646.3034718,0.02,7.58,0.0,1
1780405652.3462958,0.2,7.59,0.0,1
1780405658.393153,0.01,7.47,0.0,1
1780405664.430792,0.01,7.59,0.0,1
1780405670.4675715,0.11,7.47,0.0,1
1780405676.5074751,0.03,7.47,0.0,1
1780405682.5421069,0.23,7.59,0.0,1
1780405688.5768878,0.01,7.46,0.0,1
1780405694.62475,0.01,7.57,0.0,1
1780405700.6664336,0.01,7.45,0.0,1
1780405706.706457,0.02,7.45,0.0,1
1780405712.7553027,0.21,7.58,0.0,1
1780405718.7913485,0.01,7.57,0.0,1
1780405724.8252726,0.01,7.45,0.0,1
1780405730.8632512,0.01,7.45,0.0,1
1780405736.8986685,0.2,7.71,0.0,1
1780405742.9422116,0.01,7.58,0.0,1
1780405748.9915874,0.02,7.46,0.0,1
1780405755.0531373,0.01,7.7,0.0,1
1780405761.088425,0.01,7.58,0.0,1
1780405767.1383371,0.3,7.83,0.0,1
1780405773.180966,0.01,7.58,0.0,1
1780405779.215721,0.01,7.46,0.0,1
1780405785.2557404,0.01,7.58,0.0,1
1780405791.2939463,0.01,7.58,0.0,1
1780405797.3439593,0.25,7.57,0.0,1
1780405803.3776383,0.01,7.58,0.0,1
1780405809.4349113,0.02,7.46,0.0,1
1780405815.4877152,0.01,7.46,0.0,1
1780405821.5330646,0.01,7.46,0.0,1
1780405827.5810916,0.23,7.54,0.0,1
1780405833.6259422,0.01,7.41,0.0,1
1780405839.6669776,0.01,7.41,0.0,1
1780405845.70419,0.01,7.53,0.0,1
1780405851.7387645,0.01,7.41,0.0,1
1780405857.7852678,0.2,7.65,0.0,1
1780405863.826357,0.02,7.66,0.0,1
1780405869.865555,0.11,7.53,0.0,1
1780405875.900577,0.01,7.53,0.0,1
1780405881.942321,0.01,7.41,0.0,1
1780405887.981603,0.22,7.66,0.0,1
1780405894.0170717,0.01,7.53,0.0,1
1780405900.050708,0.11,7.53,0.0,1
1780405906.0978224,0.01,7.53,0.0,1
1780405912.135133,0.17,7.65,0.0,1
1780405918.1822255,0.01,7.78,0.0,1
1780405924.2165418,0.01,7.65,0.0,1
1780405930.2725284,0.1,7.65,0.0,1
1780405936.3154423,0.01,7.53,0.0,1
1780405942.3614364,0.2,7.41,0.0,1
1780405948.4049823,0.01,7.54,0.0,1
1780405954.449055,0.01,7.54,0.0,1
1780405960.4875941,0.09,7.54,0.0,1
1780405966.5336208,0.01,7.41,0.0,1
1780405972.5768836,0.19,7.79,0.0,1
1780405978.617856,0.01,7.54,0.0,1
1780405984.6563156,0.01,7.41,0.0,1
1780405990.7018032,0.09,7.53,0.0,1
1780405996.7470808,0.01,7.42,0.0,1
1780406002.7896605,0.19,7.54,0.0,1
1780406008.8243032,0.01,7.54,0.0,1
1780406014.8659127,0.01,7.41,0.0,1
1780406020.9059157,0.01,7.4,0.0,1
1780406026.9449897,0.01,7.39,0.0,1
1780406032.989355,0.21,7.51,0.0,1
1780406039.0351412,0.01,7.51,0.0,1
1780406045.0687141,0.01,7.64,0.0,1
1780406051.1125753,0.01,7.76,0.0,1
1780406057.1564462,0.16,7.64,0.0,1
1780406063.198268,0.01,7.88,0.0,1
1780406069.233187,0.01,7.52,0.0,1
1780406075.274112,0.01,7.52,0.0,1
1780406081.3166776,0.01,7.52,0.0,1
1780406087.3505867,0.17,7.64,0.0,1
1780406093.3845677,0.01,7.52,0.0,1
1780406099.4318647,0.01,7.52,0.0,1
1780406105.4690385,0.02,7.4,0.0,1
1780406111.5053196,0.01,7.4,0.0,1
1780406117.5465877,0.17,7.52,0.0,1
1780406123.5782235,0.01,7.4,0.0,1
1780406129.6246805,0.01,7.4,0.0,1
1780406135.6688218,0.01,7.4,0.0,1
1780406141.7105515,0.01,7.39,0.0,1
1780406147.7629132,0.27,7.76,0.0,1
1780406153.8112288,0.01,7.39,0.0,1
1780406159.8522778,0.17,7.39,0.0,1
1780406165.8953485,0.02,7.39,0.0,1
1780406171.9389136,0.01,7.38,0.0,1
1780406177.9961107,0.19,7.38,0.0,1
1780406184.0334442,0.01,7.38,0.0,1
1780406190.0762691,0.1,7.5,0.0,1
1780406196.11697,0.01,7.38,0.0,1
1780406202.1617308,0.01,7.38,0.0,1
1780406208.211411,0.01,7.63,0.0,1
1780406214.2467825,0.01,7.38,0.0,1
1780406220.2868757,0.1,7.5,0.0,1
1780406226.3189795,0.01,7.63,0.0,1
1780406232.3508875,0.17,7.75,0.0,1
1780406238.3912146,0.01,7.75,0.0,1
1780406244.4288616,0.01,7.63,0.0,1
1780406250.474415,0.1,7.71,0.0,1
1780406256.515438,0.01,7.59,0.0,1
1780406262.557724,0.16,7.7,0.0,1
1780406268.5985034,0.01,7.82,0.0,1
1780406274.6414711,0.01,7.59,0.0,1
1780406280.6874158,0.12,7.84,0.0,1
1780406286.724958,0.01,7.58,0.0,1
1780406292.7570484,0.16,7.71,0.0,1
1780406298.7972486,0.03,7.83,0.0,1
1780406304.8316677,0.01,7.46,0.0,1
1780406310.8732433,0.01,7.58,0.0,1
1780406316.9308395,0.01,7.59,0.0,1
1780406322.979591,0.16,7.71,0.0,1
1780406329.0243695,0.01,7.59,0.0,1
1780406335.0814753,0.01,7.47,0.0,1
1780406341.137266,0.01,7.47,0.0,1
1780406347.1765575,0.01,7.59,0.0,1
1780406353.2224991,0.2,7.59,0.0,1
1780406359.2541661,0.01,7.71,0.0,1
1780406365.2921627,0.01,7.47,0.0,1
1780406371.3322847,0.01,7.59,0.0,1
1780406377.3711715,0.2,7.71,0.0,1
1780406383.4126966,0.01,7.58,0.0,1
1780406389.4510334,0.01,7.58,0.0,1
1780406395.4891014,0.01,7.46,0.0,1
1780406401.5254543,0.01,7.59,0.0,1
1780406407.563148,0.24,7.84,0.0,1
1780406413.6019518,0.01,7.71,0.0,1
1780406419.6374133,0.01,7.59,0.0,1
1780406425.6782663,0.01,7.46,0.0,1
1780406431.7249389,0.01,7.59,0.0,1
1780406437.7687008,0.21,7.96,0.0,1
1780406443.8119018,0.01,7.71,0.0,1
1780406449.8479986,0.01,7.71,0.0,1
1780406455.8949873,0.01,7.84,0.0,1
1780411468.2436242,0.02,7.47,0.0,1
1780411474.303789,0.21,7.6,0.0,1
1780411480.3567376,0.01,7.73,0.0,1
1780411486.3996472,0.09,7.48,0.0,1
1780411492.4338453,0.01,7.48,0.0,1
1780411498.4746077,0.01,7.48,0.0,1
1780411504.526027,0.17,7.6,0.0,1
1780411510.565741,0.01,7.85,0.0,1
1780411516.6096969,0.12,7.85,0.0,1
1780411522.658945,0.01,7.6,0.0,1
1780411528.699641,0.19,7.72,0.0,1
1780411534.7379694,0.03,7.6,0.0,1
1780411540.7787242,0.01,7.6,0.0,1
1780411546.851367,0.08,7.48,0.0,1
1780411552.886763,0.02,7.45,0.0,1
1780411558.94536,0.48,7.57,0.0,1
1780411565.0657697,0.01,7.45,0.0,1
1780411571.103947,0.01,7.45,0.0,1
1780411577.148929,0.1,7.46,0.0,1
1780411583.1940415,0.02,7.45,0.0,1
1780411589.250593,0.41,7.7,0.0,1
1780411595.3010082,0.01,7.45,0.0,1
1780411601.3487737,0.02,7.7,0.0,1
1780411607.3934844,0.09,7.7,0.0,1
1780411613.4512954,0.01,7.45,0.0,1
1780411619.5009549,0.4,7.58,0.0,1
1780411625.5671163,0.01,7.46,0.0,1
1780411631.618312,0.02,7.46,0.0,1
1780411637.6743078,0.01,7.58,0.0,1
1780411643.728007,0.01,7.46,0.0,1
1780411649.7879906,0.03,7.46,0.0,1
1780411655.8336763,0.01,7.59,0.0,1
1780411661.8789144,0.01,7.46,0.0,1
1780411667.9393542,0.03,7.46,0.0,1
1780411673.9812174,0.21,7.71,0.0,1
1780411680.040304,0.01,7.46,0.0,1
1780411686.080753,0.01,7.46,0.0,1
1780411692.1318967,0.01,7.59,0.0,1
1780411698.1684139,0.01,7.46,0.0,1
1780411704.2178295,0.35,7.59,0.0,1
1780411710.2735772,0.01,7.58,0.0,1
1780411716.3150277,0.01,7.46,0.0,1
1780411722.3742287,0.01,7.39,0.0,1
1780411728.4417474,0.01,7.39,0.0,1
1780411734.5085409,0.19,7.64,0.0,1
1780411740.56066,0.02,7.39,0.0,1
1780411746.6240172,0.09,7.52,0.0,1
1780411752.6626732,0.02,7.39,0.0,1
1780411758.701715,0.01,7.39,0.0,1
1780411764.7564435,0.18,12.73,0.0,1
1780411770.7981436,0.02,12.58,0.0,1
1780411776.8544507,0.1,12.58,0.0,1
1780411782.9155333,0.01,12.58,0.0,1
1780411788.9586577,0.03,12.7,0.0,1
1780411795.006378,0.2,12.7,0.0,1
1780411801.044116,0.01,12.58,0.0,1
1780411807.0859673,0.16,12.7,0.0,1
1780411813.1399152,0.02,12.58,0.0,1
1780411819.190725,0.22,13.04,0.0,1
1780411825.2365887,0.01,12.67,0.0,1
1780411831.282641,0.03,12.54,0.0,1
1780411837.3304346,0.11,12.67,0.0,1
1780411843.4191868,0.01,12.54,0.0,1
1780411849.467834,0.28,12.79,0.0,1
1780411855.5154414,0.03,12.54,0.0,1
1780411861.5688496,0.01,12.54,0.0,1
1780411867.6202376,0.01,12.67,0.0,1
1780411873.672269,0.02,12.33,0.0,1
1780411879.7202384,0.18,12.71,0.0,1
1780411885.7680123,0.01,12.39,0.0,1
1780411891.8211513,0.02,12.28,0.0,1
1780411897.8697393,0.02,12.4,0.0,1
1780411903.9299707,0.02,12.27,0.0,1
1780411909.9820096,0.26,12.4,0.0,1
1780411916.0281463,0.01,12.27,0.0,1
1780411922.0765247,0.01,12.27,0.0,1
1780411928.1314626,0.01,12.27,0.0,1
1780411934.1843436,0.17,12.64,0.0,1
1780411940.2276592,0.03,12.4,0.0,1
1780411946.2752542,0.01,12.27,0.0,1
1780411952.3197238,0.01,12.28,0.0,1
1780411958.3675165,0.04,12.27,0.0,1
1780411964.4251926,0.24,12.52,0.0,1
1780411970.4706185,0.01,12.28,0.0,1
1780411976.5122874,0.01,12.39,0.0,1
1780411982.567526,0.01,12.27,0.0,1
1780411988.6417098,0.01,12.39,0.0,1
1780411994.68707,0.19,12.4,0.0,1
1780412000.7284272,0.01,12.4,0.0,1
1780412006.776674,0.1,12.25,0.0,1
1780412012.8288095,0.01,12.24,0.0,1
1780412018.903195,0.01,12.48,0.0,1
1780412025.0604722,0.23,9.22,0.0,1
1780412031.1534169,0.03,8.85,0.0,1
1780412037.2016337,0.09,8.64,0.0,1
1780412043.2499988,0.01,8.64,0.0,1
1780412049.3076293,0.4,9.14,0.0,1
1780412055.3521464,0.01,8.64,0.0,1
1780412061.3985748,0.01,8.65,0.0,1
1780412067.435036,0.11,8.65,0.0,1
1780412073.4835758,0.01,8.65,0.0,1
1780412079.53065,0.19,8.77,0.0,1
1780412085.5771208,0.01,8.65,0.0,1
1780412091.6308775,0.01,8.77,0.0,1
1780412097.6803002,0.02,8.65,0.0,1
1780412103.7348852,0.01,8.65,0.0,1
1780412109.779791,0.22,8.78,0.0,1
1780412115.8208292,0.02,8.65,0.0,1
1780412121.866028,0.01,8.77,0.0,1
1780412127.9159565,0.01,8.65,0.0,1
1780412133.967195,0.04,8.65,0.0,1
1780412140.0426059,0.24,8.77,0.0,1
1780412146.078985,0.02,8.77,0.0,1
1780412152.1202977,0.01,8.65,0.0,1
1780412158.1789267,0.01,8.65,0.0,1
1780412164.233504,0.03,8.65,0.0,1
1780412170.2849185,0.29,8.65,0.0,1
1780412176.3376458,0.01,8.65,0.0,1
1780412182.3931718,0.02,8.63,0.0,1
1780412188.4362502,0.01,8.63,0.0,1
1780412194.4870481,0.24,8.75,0.0,1
1780412200.5412974,0.01,8.63,0.0,1
1780412206.5857718,0.01,8.63,0.0,1
1780412212.6377604,0.01,8.63,0.0,1
1780412218.6789052,0.01,8.76,0.0,1
1780412224.731337,0.53,9.0,0.0,1
1780412230.7715037,0.05,8.63,0.0,1
1780412236.8196075,0.11,8.75,0.0,1
1780412242.8659797,0.01,8.63,0.0,1
1780412248.925759,0.01,8.63,0.0,1
1780412254.962994,0.19,8.88,0.0,1
1780412261.034862,0.01,8.63,0.0,1
1780412267.089109,0.11,8.63,0.0,1
1780412273.1326497,0.01,8.63,0.0,1
1780412279.2056594,0.01,8.64,0.0,1
1780412285.2475677,0.16,8.89,0.0,1
1780412291.29606,0.01,8.64,0.0,1
1780412297.3385744,0.08,8.88,0.0,1
1780412303.3823075,0.01,8.64,0.0,1
1780412309.4495683,0.32,9.01,0.0,1
1780412315.4924097,0.01,8.76,0.0,1
1780412321.5386348,0.03,8.64,0.0,1
1780412327.579956,0.13,8.64,0.0,1
1780412333.6175487,0.01,8.76,0.0,1
1780412339.6704369,0.24,8.89,0.0,1
1780412345.7100098,0.01,8.64,0.0,1
1780412351.7576625,0.01,8.64,0.0,1
1780412357.817103,0.02,8.63,0.0,1
1780412363.852416,0.02,8.63,0.0,1
1780412369.9103577,0.21,8.88,0.0,1
1780412375.9693508,0.01,8.88,0.0,1
1780412382.0195951,0.01,8.63,0.0,1
1780412388.0730064,0.01,8.63,0.0,1
1780412394.1239343,0.01,8.63,0.0,1
1780412400.181988,0.17,8.88,0.0,1
1780412406.2261152,0.02,8.63,0.0,1
1780412412.2736871,0.01,8.76,0.0,1
1780412418.323539,0.01,8.64,0.0,1
1780412424.3821044,0.03,8.63,0.0,1
1780412430.428703,0.3,8.76,0.0,1
1780412436.4780083,0.01,8.52,0.0,1
1780412442.5391095,0.04,8.41,0.0,1
1780412448.590087,0.01,8.41,0.0,1
1780412454.6521654,0.31,8.66,0.0,1
1780412460.7037976,0.01,8.41,0.0,1
1780412466.7572544,0.1,8.52,0.0,1
1780412472.8076644,0.01,8.39,0.0,1
1780412478.8583038,0.03,8.52,0.0,1
1780412484.9080684,0.22,8.51,0.0,1
1780412490.961299,0.01,8.39,0.0,1
1780412497.0016096,0.12,8.51,0.0,1
1780412503.0389972,0.01,8.39,0.0,1
1780412509.0920973,0.01,8.39,0.0,1
1780412515.1494958,0.17,8.52,0.0,1
1780412521.1891997,0.04,8.52,0.0,1
1780412527.2468667,0.09,8.51,0.0,1
1780412533.2970352,0.01,8.52,0.0,1
1780412539.3477485,0.01,8.39,0.0,1
1780412545.385114,0.19,8.39,0.0,1
1780412551.4386237,0.01,8.52,0.0,1
1780412557.4828103,0.11,8.4,0.0,1
1780412563.5331125,0.02,8.39,0.0,1
1780412569.5848868,0.01,8.39,0.0,1
1780412575.636319,0.42,8.51,0.0,1
1780412581.6884434,0.02,8.39,0.0,1
1780412587.7406187,0.13,8.39,0.0,1
1780412593.7950425,0.01,8.39,0.0,1
1780412599.8361204,0.18,8.77,0.0,1
1780412605.89083,0.01,8.39,0.0,1
1780412611.9580534,0.01,8.52,0.0,1
1780412617.996252,0.01,8.4,0.0,1
1780412624.0425408,0.01,8.39,0.0,1
1780412630.1090846,0.45,8.63,0.0,1
1780412636.1650763,0.01,8.39,0.0,1
1780412642.2120235,0.01,8.39,0.0,1
1780412648.2680173,0.01,8.39,0.0,1
1780412654.3209605,0.02,8.39,0.0,1
1780412660.3703065,0.47,8.76,0.0,1
1780412666.4300277,0.01,8.63,0.0,1
1780412672.476623,0.01,8.39,0.0,1
1780412678.5370688,0.01,8.39,0.0,1
1780412684.586869,0.01,8.39,0.0,1
1780412690.643342,0.21,8.51,0.0,1
1780412696.6879733,0.01,8.39,0.0,1
1780412702.743012,0.03,8.39,0.0,1
1780412708.7828553,0.01,8.51,0.0,1
1780412714.843433,0.26,8.52,0.0,1
1780412720.8871145,0.01,8.51,0.0,1
1780412726.9396904,0.09,8.39,0.0,1
1780412733.019583,0.03,8.39,0.0,1
1780412739.0967817,0.01,8.48,0.0,1
1780412745.16828,0.22,8.51,0.0,1
1780412751.2196746,0.01,8.51,0.0,1
1780412757.272407,0.18,8.39,0.0,1
1780412763.3175676,0.02,8.39,0.0,1
1780412769.3636944,0.01,8.63,0.0,1
1780412775.4119434,0.18,8.39,0.0,1
1780412781.4585655,0.01,8.39,0.0,1
1780412787.5100496,0.09,8.52,0.0,1
1780412793.5836816,0.02,8.39,0.0,1
1780412799.641966,0.02,8.39,0.0,1
1780412805.6841857,0.34,8.64,0.0,1
1780412811.7420423,0.01,8.39,0.0,1
1780412817.7955637,0.07,8.4,0.0,1
1780412823.8307223,0.01,8.51,0.0,1
1780412829.871858,0.02,8.39,0.0,1
1780412835.9074154,0.15,8.39,0.0,1
1780412841.9461806,0.02,8.4,0.0,1
1780412847.9840295,0.01,8.39,0.0,1
1780412854.0384488,0.01,8.4,0.0,1
1780412860.0932121,0.22,8.85,0.0,1
1780412866.1305406,0.01,8.47,0.0,1
1780412872.1611907,0.01,8.6,0.0,1
1780412878.1916952,0.01,8.6,0.0,1
1780412884.218831,0.01,8.48,0.0,1
1780412890.251141,0.15,8.84,0.0,1
1780412896.2745392,0.01,8.71,0.0,1
1780412902.3087938,0.01,8.72,0.0,1
1780412908.3337736,0.01,8.48,0.0,1
1780412914.37555,0.01,8.48,0.0,1
1780412920.405414,0.14,8.85,0.0,1
1780412926.4382565,0.01,8.72,0.0,1
1780412932.4788778,0.01,8.76,0.0,1
1780412938.5157182,0.01,8.52,0.0,1
1780412944.540433,0.01,8.52,0.0,1
1780412950.57692,0.15,8.77,0.0,1
1780412956.6106489,0.01,8.64,0.0,1
1780412962.6387203,0.01,8.52,0.0,1
1780412968.6798136,0.01,8.65,0.0,1
1780412974.7098486,0.01,8.52,0.0,1
1780412980.7402391,0.17,8.64,0.0,1
1780412986.7710142,0.01,8.64,0.0,1
1780412992.795489,0.01,8.52,0.0,1
1780412998.826806,0.01,8.64,0.0,1
1780413004.8516295,0.01,8.64,0.0,1
1780413010.8769164,0.14,8.52,0.0,1
1780413016.9068327,0.07,8.89,0.0,1
1780413022.940133,0.01,8.52,0.0,1
1780413028.9753325,0.01,8.65,0.0,1
1780413035.0108333,0.01,8.64,0.0,1
1780413041.0438213,0.01,8.64,0.0,1
1780413047.0792317,0.08,8.77,0.0,1
1780413053.1089478,0.0,8.76,0.0,1
1780413059.142073,0.0,8.76,0.0,1
1780413065.1758354,0.16,8.77,0.0,1
1780413071.2086546,0.01,8.54,0.0,1
1780413077.243364,0.08,8.79,0.0,1
1780413083.292939,0.01,8.91,0.0,1
1780413089.3261364,0.01,8.77,0.0,1
1780413095.355665,0.18,8.52,0.0,1
1780413101.3858626,0.01,8.64,0.0,1
1780413107.4157043,0.07,8.77,0.0,1
1780413113.4396913,0.01,8.64,0.0,1
1780413119.4640574,0.01,8.64,0.0,1
1780413125.4935548,0.15,8.78,0.0,1
1780413131.523394,0.01,8.77,0.0,1
1780413137.5569468,0.07,8.9,0.0,1
1780413143.5880573,0.01,8.65,0.0,1
1780413149.6147757,0.01,8.9,0.0,1
1780413155.6390264,0.15,8.91,0.0,1
1780413161.6733904,0.01,8.79,0.0,1
1780413167.703244,0.16,8.79,0.0,1
1780413173.7349696,0.01,8.67,0.0,1
1780413179.7596498,0.01,8.55,0.0,1
1780413185.783604,0.15,8.8,0.0,1
1780413191.8088753,0.01,8.55,0.0,1
1780413197.8402827,0.07,8.67,0.0,1
1780413203.8700616,0.01,8.55,0.0,1
1780413209.9052866,0.01,8.67,0.0,1
1780413215.9345052,0.16,8.92,0.0,1
1780413221.9588773,0.01,8.67,0.0,1
1780413227.9826505,0.01,8.55,0.0,1
1780413234.0209413,0.01,8.92,0.0,1
1780413240.0466912,0.01,8.8,0.0,1
1780413246.0740547,0.17,8.8,0.0,1
1780413252.1074133,0.01,8.8,0.0,1
1780413258.141315,0.01,8.79,0.0,1
1780413264.171938,0.01,8.67,0.0,1
1780413270.1958632,0.14,8.8,0.0,1
1780413276.2262895,0.01,8.79,0.0,1
1780413282.2512436,0.01,8.55,0.0,1
1780413288.281614,0.01,8.67,0.0,1
1780413294.30741,0.01,8.68,0.0,1
1780413300.3388011,0.18,8.81,0.0,1
1780413306.3626654,0.01,8.69,0.0,1
1780413312.4010491,0.01,8.56,0.0,1
1780413318.4332352,0.0,8.56,0.0,1
1780413324.465663,0.01,8.56,0.0,1
1780413330.5023005,0.21,8.81,0.0,1
1780413336.531858,0.01,8.69,0.0,1
1780413342.5562208,0.01,8.69,0.0,1
1780413348.5805576,0.01,8.56,0.0,1
1780413354.6042445,0.01,8.56,0.0,1
1780413360.634885,0.17,9.05,0.0,1
1780413366.6586773,0.01,8.92,0.0,1
1780413372.6827493,0.01,8.57,0.0,1
1780413378.7195573,0.01,8.57,0.0,1
1780413384.7548873,0.01,8.69,0.0,1
1780413390.7839284,0.14,8.81,0.0,1
1780413396.8091004,0.01,8.69,0.0,1
1780413402.8419971,0.01,8.69,0.0,1
1780413408.8756313,0.01,8.69,0.0,1
1780413414.9033375,0.01,8.57,0.0,1
1780413420.927935,0.16,8.94,0.0,1
1780413426.9663236,0.01,8.64,0.0,1
1780413433.0101657,0.01,8.76,0.0,1
1780413439.070343,0.01,8.63,0.0,1
1780413445.1057723,0.01,8.76,0.0,1
1780413451.138931,0.14,8.76,0.0,1
1780413457.1753995,0.08,8.64,0.0,1
1780413463.2022266,0.01,8.63,0.0,1
1780413469.2323253,0.01,8.52,0.0,1
1780413475.2592535,0.17,8.64,0.0,1
1780413481.289143,0.0,8.52,0.0,1
1780413487.3263366,0.1,8.52,0.0,1
1780413493.353357,0.01,8.63,0.0,1
1780413499.3888361,0.01,8.39,0.0,1
1780413505.423549,0.16,8.89,0.0,1
1780413511.4590642,0.01,8.64,0.0,1
1780413518.599569,0.07,8.39,0.0,1
1780413524.6289132,0.01,8.52,0.0,1
1780413530.6652365,0.0,8.39,0.0,1
1780413536.6953433,0.15,8.63,0.0,1
1780413542.7269177,0.01,8.64,0.0,1
1780413548.771158,0.08,8.65,0.0,1
1780413554.8044097,0.01,8.77,0.0,1
1780413560.8407834,0.01,8.52,0.0,1
1780413566.8762746,0.16,8.65,0.0,1
1780413572.9068346,0.01,8.52,0.0,1
1780413578.9421642,0.07,8.89,0.0,1
1780413584.968638,0.01,8.88,0.0,1
1780413591.0043597,0.01,8.52,0.0,1
1780413597.0369585,0.14,8.52,0.0,1
1780413603.0701017,0.01,8.64,0.0,1
1780413609.1060777,0.08,8.52,0.0,1
1780413615.1429284,0.01,8.4,0.0,1
1780413621.1768599,0.01,8.4,0.0,1
1780413627.2115521,0.17,8.65,0.0,1
1780413633.2432377,0.01,8.53,0.0,1
1780413639.2733068,0.01,8.65,0.0,1
1780413645.3048851,0.01,8.64,0.0,1
1780413651.3418512,0.01,8.4,0.0,1
1780413657.3652954,0.14,8.52,0.0,1
1780413663.397538,0.01,8.65,0.0,1
1780413669.4311395,0.01,8.53,0.0,1
1780413675.4677417,0.0,8.52,0.0,1
1780413681.4923096,0.14,8.53,0.0,1
1780413687.5178587,0.0,8.53,0.0,1
1780413693.5441403,0.01,8.41,0.0,1
1780413699.5743415,0.0,8.65,0.0,1
1780413705.5984135,0.0,8.52,0.0,1
1780413711.6239786,0.14,8.9,0.0,1
1780413717.6561925,0.0,8.77,0.0,1
1780413723.6804042,0.01,8.65,0.0,1
1780413729.7118065,0.0,8.53,0.0,1
1780413735.7498312,0.01,8.52,0.0,1
1780413741.7750258,0.14,8.64,0.0,1
1780413747.8086174,0.01,8.4,0.0,1
1780413753.8407753,0.01,8.65,0.0,1
1780413759.873959,0.01,8.77,0.0,1
1780413765.89927,0.0,8.53,0.0,1
1780413771.939283,0.14,8.9,0.0,1
1780413777.964352,0.01,8.66,0.0,1
1780413783.995698,0.0,8.41,0.0,1
1780413790.020031,0.01,8.65,0.0,1
1780413796.0443802,0.01,8.41,0.0,1
1780413802.0742364,0.15,8.66,0.0,1
1780413808.1019988,0.03,8.53,0.0,1
1780413814.1400115,0.0,8.41,0.0,1
1780413820.1693208,0.01,8.54,0.0,1
1780413826.202491,0.01,8.53,0.0,1
1780413832.2335544,0.14,8.65,0.0,1
1780413838.264781,0.07,8.66,0.0,1
1780413844.2905712,0.01,8.53,0.0,1
1780413850.3184507,0.01,8.37,0.0,1
1780413856.3424923,0.01,8.49,0.0,1
1780413862.3715105,0.15,8.5,0.0,1
1780413868.395352,0.07,8.62,0.0,1
1780413874.4223406,0.01,8.37,0.0,1
1780413880.4599748,0.01,8.37,0.0,1
1780413886.4958477,0.01,8.5,0.0,1
1780413892.521368,0.16,8.87,0.0,1
1780413898.551572,0.08,8.5,0.0,1
1780413904.576264,0.01,8.51,0.0,1
1780413910.6077433,0.01,8.62,0.0,1
1780413916.635632,0.16,8.5,0.0,1
1780413922.6589,0.01,8.38,0.0,1
1780413928.6902108,0.09,8.62,0.0,1
1780413934.7237666,0.01,8.62,0.0,1
1780413940.7484784,0.01,8.62,0.0,1
1780413946.7787433,0.15,8.62,0.0,1
1780413952.8095725,0.01,8.62,0.0,1
1780413958.8339715,0.07,8.48,0.0,1
1780413964.866637,0.01,8.6,0.0,1
1780413970.8954318,0.01,8.49,0.0,1
1780413976.933869,0.24,8.73,0.0,1
1780413982.9642477,0.01,8.61,0.0,1
1780413988.995518,0.08,8.73,0.0,1
1780413995.0204291,0.01,8.48,0.0,1
1780414001.0608437,0.01,8.49,0.0,1
1780414007.091206,0.16,8.73,0.0,1
1780414013.120416,0.01,8.36,0.0,1
1780414019.1501849,0.09,8.61,0.0,1
1780414025.1740391,0.01,8.49,0.0,1
1780414031.2015944,0.01,8.49,0.0,1
1780414037.2280588,0.17,8.73,0.0,1
1780414043.2642808,0.01,8.49,0.0,1
1780414049.288317,0.01,8.49,0.0,1
1780414055.3121772,0.01,8.61,0.0,1
1780414061.3482075,0.01,8.49,0.0,1
1780414067.3873537,0.14,8.61,0.0,1
1780414073.4229898,0.01,8.38,0.0,1
1780414079.447299,0.01,8.38,0.0,1
1780414085.4775567,0.01,8.49,0.0,1
1780414091.5019794,0.01,8.49,0.0,1
1780414097.5364451,0.18,8.5,0.0,1
1780414103.5611336,0.01,8.37,0.0,1
1780414109.593313,0.01,8.37,0.0,1
1780414115.6190615,0.01,8.49,0.0,1
1780414121.6486175,0.01,8.49,0.0,1
1780414127.6731353,0.14,8.61,0.0,1
1780414133.7032297,0.01,8.61,0.0,1
1780414139.732248,0.01,8.49,0.0,1
1780414145.7599483,0.01,8.49,0.0,1
1780414151.7922199,0.15,8.86,0.0,1
1780414157.8609004,0.01,8.37,0.0,1
1780414163.8991501,0.01,8.37,0.0,1
1780414169.9318316,0.01,8.62,0.0,1
1780414175.9568071,0.01,8.37,0.0,1
1780414181.9960911,0.14,8.62,0.0,1
1780414188.0321558,0.01,8.35,0.0,1
1780414194.0695605,0.01,8.48,0.0,1
1780414200.0985749,0.01,8.36,0.0,1
1780414206.1571507,0.01,8.36,0.0,1
1780414212.1885028,0.14,8.59,0.0,1
1780414218.213573,0.01,8.48,0.0,1
1780414224.2536094,0.01,8.47,0.0,1
1780414230.2810833,0.06,8.48,0.0,1
1780414236.3108537,0.01,8.47,0.0,1
1780414242.341766,0.18,8.45,0.0,1
1780414248.3882022,0.08,8.57,0.0,1
1780414254.4128659,0.02,8.32,0.0,1
1780414260.4376104,0.01,8.45,0.0,1
1780414266.477979,0.01,8.32,0.0,1
1780414272.5180237,0.15,8.45,0.0,1
1780414278.5528615,0.07,8.57,0.0,1
1780414284.5769372,0.03,8.44,0.0,1
1780414290.6089692,0.02,8.32,0.0,1
1780414296.638421,0.01,8.32,0.0,1
1780414302.667089,0.16,8.58,0.0,1
1780414308.6997843,0.08,8.7,0.0,1
1780414314.7245862,0.01,8.45,0.0,1
1780414320.7478137,0.01,8.45,0.0,1
1780414326.778332,0.03,8.45,0.0,1
1780414332.8122566,0.01,8.58,0.0,1
1780414338.8370714,0.07,8.58,0.0,1
1780414344.8694127,0.01,8.46,0.0,1
1780414350.8940115,0.01,8.33,0.0,1
1780414356.9195254,0.17,8.7,0.0,1
1780414362.9438756,0.01,8.48,0.0,1
1780414368.9703207,0.08,8.61,0.0,1
1780414374.9943078,0.01,8.73,0.0,1
1780414381.0225449,0.01,8.36,0.0,1
1780414387.0495312,0.26,8.6,0.0,1
1780414393.0777617,0.01,8.61,0.0,1
1780414399.1106887,0.08,8.48,0.0,1
1780414405.1429846,0.01,8.48,0.0,1
1780414411.1703744,0.01,8.36,0.0,1
1780414417.1977098,0.16,8.6,0.0,1
1780414423.2230806,0.01,8.36,0.0,1
1780414429.2476754,0.08,8.6,0.0,1
1780414435.272844,0.01,8.72,0.0,1
1780414441.3028398,0.01,8.35,0.0,1
1780414447.3345616,0.14,8.72,0.0,1
1780414453.36151,0.01,8.35,0.0,1
1780414459.3935196,0.01,8.48,0.0,1
1780414465.4254992,0.01,8.36,0.0,1
1780414471.4606922,0.01,8.35,0.0,1
1780414477.4869895,0.15,8.6,0.0,1
1780414483.5215979,0.01,8.6,0.0,1
1780414489.5574064,0.01,8.48,0.0,1
1780414495.581914,0.01,8.43,0.0,1
1780414501.605909,0.0,8.56,0.0,1
1780414507.6391602,0.14,8.8,0.0,1
1780414513.6724255,0.01,8.44,0.0,1
1780414519.706743,0.0,8.44,0.0,1
1780414525.7431917,0.01,8.44,0.0,1
1780414531.7762632,0.01,8.57,0.0,1
1780414537.814322,0.2,8.81,0.0,1
1780414543.8606968,0.01,8.57,0.0,1
1780414549.906521,0.01,8.81,0.0,1
1780414555.947782,0.01,8.56,0.0,1
1780414561.9902759,0.21,8.81,0.0,1
1780414568.027935,0.01,8.68,0.0,1
1780414574.0613785,0.01,8.69,0.0,1
1780414580.1022909,0.01,8.69,0.0,1
1780414586.1411567,0.01,8.69,0.0,1
1780414592.1861417,0.2,8.94,0.0,1
1780414598.2314823,0.01,8.57,0.0,1
1780414604.2708125,0.01,8.57,0.0,1
1780414610.301148,0.01,8.57,0.0,1
1780414616.343277,0.01,8.57,0.0,1
1780414622.3831582,0.31,8.69,0.0,1
1780414628.4290223,0.1,8.57,0.0,1
1780414634.500346,0.01,8.43,0.0,1
1780414640.5461836,0.01,8.67,0.0,1
1780414646.5896711,0.01,8.43,0.0,1
1780414652.6323733,0.19,8.55,0.0,1
1780414658.6771028,0.11,8.68,0.0,1
1780414664.7089307,0.01,8.55,0.0,1
1780414670.744296,0.01,8.55,0.0,1
1780414676.7839375,0.01,8.8,0.0,1
1780414682.817226,0.19,8.92,0.0,1
1780414688.8633568,0.11,8.8,0.0,1
1780414694.8966222,0.01,8.67,0.0,1
1780414700.9338295,0.01,8.43,0.0,1
1780414706.9701495,0.01,8.55,0.0,1
1780414713.0119529,0.16,8.55,0.0,1
1780414719.0417635,0.16,8.43,0.0,1
1780414725.0785174,0.01,8.43,0.0,1
1780414731.1303382,0.01,8.55,0.0,1
1780414737.1682847,0.19,8.68,0.0,1
1780414743.217419,0.01,8.92,0.0,1
1780414749.2553308,0.09,8.8,0.0,1
1780414755.2963014,0.01,8.43,0.0,1
1780414761.3337533,0.01,8.55,0.0,1
1780414767.3655474,0.19,8.67,0.0,1
1780414773.3965983,0.01,8.56,0.0,1
1780414779.437493,0.02,8.81,0.0,1
1780414785.469905,0.01,8.44,0.0,1
1780414791.515834,0.01,8.56,0.0,1
1780414797.5590158,0.2,8.93,0.0,1
1780414803.5966134,0.01,8.81,0.0,1
1780414809.640358,0.01,8.56,0.0,1
1780414815.6715205,0.01,8.56,0.0,1
1780414821.7179067,0.01,8.56,0.0,1
1780414827.754319,0.21,8.68,0.0,1
1780414833.7997954,0.01,8.68,0.0,1
1780414839.8343465,0.01,8.44,0.0,1
1780414845.8666236,0.01,8.56,0.0,1
1780414851.9024315,0.01,8.56,0.0,1
1780414857.9411008,0.2,8.56,0.0,1
1780414863.9924188,0.01,8.44,0.0,1
1780414870.0617704,0.01,8.44,0.0,1
1780414876.113495,0.01,8.56,0.0,1
1780414882.1541586,0.01,8.56,0.0,1
1780414888.1862833,0.01,8.44,0.0,1
1780414894.22764,0.01,8.56,0.0,1
1780414900.2649703,0.01,8.68,0.0,1
1780414906.2994413,0.01,8.56,0.0,1
1780414912.3462417,0.22,8.57,0.0,1
1780414918.391367,0.01,8.68,0.0,1
1780414924.442196,0.01,8.68,0.0,1
1780414930.4868824,0.01,8.68,0.0,1
1780414936.5245986,0.01,8.44,0.0,1
1780414942.5642798,0.25,8.68,0.0,1
1780414948.602754,0.19,8.68,0.0,1
1780414954.6481802,0.01,8.44,0.0,1
1780414960.6816955,0.01,8.56,0.0,1
1780414966.7133274,0.01,8.44,0.0,1
1780414972.7692015,0.19,8.68,0.0,1
1780414978.8154259,0.15,8.56,0.0,1
1780414984.8507829,0.01,8.68,0.0,1
1780414990.8888752,0.01,8.68,0.0,1
1780414996.9271538,0.01,8.44,0.0,1
1780415002.9648602,0.19,8.68,0.0,1
1780415008.9972816,0.14,8.56,0.0,1
1780415015.085286,0.01,8.43,0.0,1
1780415021.12107,0.01,8.43,0.0,1
1780415027.162214,0.01,8.43,0.0,1
1780415033.1977568,0.22,8.68,0.0,1
1780415039.233626,0.11,8.44,0.0,1
1780415045.27665,0.01,8.43,0.0,1
1780415051.3156247,0.01,8.43,0.0,1
1780415057.3479702,0.19,8.69,0.0,1
1780415063.3901017,0.01,8.68,0.0,1
1780415069.4315898,0.1,8.56,0.0,1
1780415076.5636306,0.01,8.43,0.0,1
1780415082.5959415,0.21,8.68,0.0,1
1780415088.632736,0.08,8.68,0.0,1
1780415094.6731153,0.01,8.43,0.0,1
1780415100.7206464,0.01,8.43,0.0,1
1780415106.7530813,0.01,8.68,0.0,1
1780415112.7865372,0.2,8.68,0.0,1
1780415118.8248317,0.1,8.56,0.0,1
1780415124.8559148,0.01,8.44,0.0,1
1780415130.893161,0.01,8.44,0.0,1
1780415136.9296463,0.01,8.56,0.0,1
1780415142.972019,0.19,8.44,0.0,1
1780415149.0223086,0.12,8.93,0.0,1
1780415155.0589414,0.01,8.44,0.0,1
1780415161.1082172,0.01,8.43,0.0,1
1780415167.149355,0.01,8.56,0.0,1
1780415173.1811647,0.2,8.69,0.0,1
1780415179.2212229,0.15,8.69,0.0,1
1780415185.2665431,0.01,8.44,0.0,1
1780415191.3192086,0.01,8.44,0.0,1
1780415197.3737905,0.01,8.56,0.0,1
1780415203.407622,0.01,8.44,0.0,1
1780415209.4503856,0.1,8.44,0.0,1
1780415215.4868858,0.01,8.56,0.0,1
1780415221.5204587,0.01,8.56,0.0,1
1780415227.5636954,0.15,8.44,0.0,1
1780415233.606089,0.01,8.56,0.0,1
1780415239.6642494,0.01,8.56,0.0,1
1780415245.707165,0.01,8.69,0.0,1
1780415251.7465167,0.01,8.69,0.0,1
1780415257.7904396,0.24,8.69,0.0,1
1780415263.8317492,0.01,8.56,0.0,1
1780415269.873761,0.01,8.69,0.0,1
1780415275.9242263,0.01,8.44,0.0,1
1780415281.9646983,0.01,8.57,0.0,1
1780415288.0023465,0.21,8.57,0.0,1
1780415294.0356576,0.01,8.69,0.0,1
1780415300.0761273,0.01,8.57,0.0,1
1780415306.1103957,0.01,8.56,0.0,1
1780415312.1444125,0.01,8.56,0.0,1
1780415318.1745007,0.2,8.81,0.0,1
1780415324.2246008,0.01,8.7,0.0,1
1780415330.2602432,0.01,8.45,0.0,1
1780415336.2942948,0.01,8.57,0.0,1
1780415342.3306756,0.01,8.45,0.0,1
1780415348.3746006,0.37,8.7,0.0,1
1780415354.4066458,0.01,8.94,0.0,1
1780415360.4373932,0.01,8.7,0.0,1
1780415366.489106,0.01,8.45,0.0,1
1780415372.5255175,0.2,8.7,0.0,1
1780415378.562217,0.01,8.45,0.0,1
1780415384.5938988,0.01,8.46,0.0,1
1780415390.6297073,0.01,8.47,0.0,1
1780415396.6658158,0.01,8.58,0.0,1
1780415402.7070842,0.33,8.7,0.0,1
1780415408.7371235,0.11,8.46,0.0,1
1780415414.7743409,0.01,8.57,0.0,1
1780415420.809142,0.01,8.46,0.0,1
1780415426.8552682,0.01,8.45,0.0,1
1780415432.8916492,0.54,8.59,0.0,1
1780415438.9370782,0.08,8.82,0.0,1
1780415444.9742732,0.01,8.59,0.0,1
1780415451.007062,0.02,8.46,0.0,1
1780415457.039142,0.02,8.46,0.0,1
1780415463.0786529,0.2,8.83,0.0,1
1780415469.110923,0.26,8.71,0.0,1
1780415475.1519096,0.01,8.46,0.0,1
1780415481.1912766,0.02,8.58,0.0,1
1780415487.2357306,0.04,8.58,0.0,1
1780415493.2764277,0.21,8.55,0.0,1
1780415499.307083,0.1,8.55,0.0,1
1780415505.3523552,0.01,8.8,0.0,1
1780415511.3986595,0.01,8.43,0.0,1
1780415517.4342752,0.01,8.43,0.0,1
1780415523.465117,0.22,8.69,0.0,1
1780415529.5095782,0.07,8.68,0.0,1
1780415535.5473132,0.01,8.67,0.0,1
1780415541.5873055,0.01,8.55,0.0,1
1780415547.627996,0.01,8.55,0.0,1
1780415553.6662319,0.01,8.8,0.0,1
1780415559.7057385,0.01,8.8,0.0,1
1780415565.7571883,0.01,8.55,0.0,1
1780415571.8414764,0.01,8.43,0.0,1
1780415577.87177,0.21,8.68,0.0,1
1780415583.9116652,0.01,8.55,0.0,1
1780415589.9546921,0.01,8.67,0.0,1
1780415595.9877658,0.01,8.43,0.0,1
1780415602.0328078,0.01,8.55,0.0,1
1780415608.0694466,0.21,8.8,0.0,1
1780415614.1170712,0.01,8.55,0.0,1
1780415620.1614745,0.01,8.55,0.0,1
1780415626.2002919,0.01,8.43,0.0,1
1780415632.243896,0.01,8.43,0.0,1
1780415638.278851,0.2,8.68,0.0,1
1780415644.313976,0.01,8.56,0.0,1
1780415650.3517926,0.01,8.56,0.0,1
1780415656.3968382,0.01,8.43,0.0,1
1780415662.429967,0.01,8.44,0.0,1
1780415668.464558,0.21,8.68,0.0,1
1780415674.5054343,0.01,8.55,0.0,1
1780415680.5394404,0.01,8.44,0.0,1
1780415686.5890045,0.01,8.44,0.0,1
1780415692.6277604,0.01,8.43,0.0,1
1780415698.65933,0.25,8.69,0.0,1
1780415704.6946368,0.01,8.45,0.0,1
1780415710.7364912,0.01,8.57,0.0,1
1780415716.7652338,0.01,8.45,0.0,1
1780415722.8041146,0.19,8.68,0.0,1
1780415728.8416026,0.1,8.8,0.0,1
1780415734.875399,0.01,8.56,0.0,1
1780415740.9158914,0.01,8.44,0.0,1
1780415746.948436,0.01,8.43,0.0,1
1780415752.9821393,0.2,8.81,0.0,1
1780415759.0215054,0.1,8.68,0.0,1
1780415765.0643213,0.01,8.55,0.0,1
1780415771.1169822,0.01,8.67,0.0,1
1780415777.1690242,0.01,8.55,0.0,1
1780415783.2029808,0.2,8.8,0.0,1
1780415789.2396975,0.1,8.93,0.0,1
1780415795.280334,0.01,8.67,0.0,1
1780415801.3120542,0.01,8.55,0.0,1
1780415807.3432608,0.01,8.55,0.0,1
1780415813.377011,0.2,8.92,0.0,1
1780415819.4123693,0.11,8.68,0.0,1
1780415825.4505296,0.01,8.44,0.0,1
1780415831.4968758,0.01,8.56,0.0,1
1780415837.543069,0.01,8.56,0.0,1
1780415843.5781827,0.21,8.92,0.0,1
1780415849.6142588,0.1,8.68,0.0,1
1780415855.651955,0.01,8.55,0.0,1
1780415861.692372,0.01,8.55,0.0,1
1780415867.7251196,0.01,8.68,0.0,1
1780415873.7575235,0.19,8.56,0.0,1
1780415879.802483,0.01,8.44,0.0,1
1780415885.8403955,0.01,8.69,0.0,1
1780415891.877363,0.02,8.69,0.0,1
1780415897.9084897,0.22,8.68,0.0,1
1780415903.9402428,0.01,8.44,0.0,1
1780415909.9735243,0.01,8.44,0.0,1
1780415916.001549,0.01,8.43,0.0,1
1780415922.037354,0.01,8.43,0.0,1
1780415928.070247,0.21,8.93,0.0,1
1780415934.1109118,0.01,8.44,0.0,1
1780415940.1572611,0.02,8.56,0.0,1
1780415946.1941607,0.01,8.55,0.0,1
1780415952.224843,0.01,8.55,0.0,1
1780415958.2702022,0.22,9.06,0.0,1
1780415964.3081317,0.01,8.57,0.0,1
1780415970.344189,0.02,8.68,0.0,1
1780415976.3823664,0.01,8.8,0.0,1
1780415982.4212983,0.01,8.67,0.0,1
1780415988.466667,0.15,8.68,0.0,1
1780415994.5123312,0.01,8.67,0.0,1
1780416000.547623,0.01,8.44,0.0,1
1780416006.5786912,0.01,8.44,0.0,1
1780416012.6162255,0.01,8.56,0.0,1
1780416018.6503682,0.3,8.69,0.0,1
1780416024.6821382,0.01,8.45,0.0,1
1780416030.723676,0.01,8.68,0.0,1
1780416036.7753534,0.01,8.44,0.0,1
1780416042.817211,0.01,8.44,0.0,1
1780416048.8575408,0.39,8.69,0.0,1
1780416054.8916867,0.01,8.44,0.0,1
1780416060.9337986,0.01,8.68,0.0,1
1780416066.9732966,0.01,8.44,0.0,1
1780416073.012343,0.01,8.44,0.0,1
1780416079.0439482,0.11,8.8,0.0,1
1780416085.088104,0.01,8.55,0.0,1
1780416091.1239414,0.01,8.56,0.0,1
1780416097.1546288,0.01,8.43,0.0,1
1780416103.1898887,0.22,8.93,0.0,1
1780416109.222774,0.1,8.8,0.0,1
1780416115.2554839,0.01,8.43,0.0,1
1780416121.292543,0.01,8.55,0.0,1
1780416127.3262298,0.01,8.56,0.0,1
1780416133.3659787,0.24,8.5,0.0,1
1780416139.409369,0.1,8.49,0.0,1
1780416145.4585118,0.01,8.38,0.0,1
1780416151.4922965,0.01,8.38,0.0,1
1780416157.5314276,0.01,8.38,0.0,1
1780416163.5707533,0.2,8.87,0.0,1
1780416169.6025012,0.1,8.74,0.0,1
1780416175.6467674,0.0,8.49,0.0,1
1780416181.6849287,0.01,8.37,0.0,1
1780416187.7286155,0.01,8.5,0.0,1
1780416193.7787824,0.2,8.74,0.0,1
1780416199.818642,0.1,8.5,0.0,1
1780416205.8580258,0.01,8.5,0.0,1
1780416211.8906956,0.01,8.38,0.0,1
1780416217.9298437,0.01,8.38,0.0,1
1780416223.9741294,0.21,8.74,0.0,1
1780416230.0057874,0.01,8.49,0.0,1
1780416236.036468,0.01,8.37,0.0,1
1780416242.0722036,0.01,8.5,0.0,1
1780416248.1106982,0.01,8.38,0.0,1
1780416254.1522875,0.01,8.62,0.0,1
1780416260.2071965,0.01,8.37,0.0,1
1780416266.2379556,0.01,8.49,0.0,1
1780416272.2750142,0.01,8.37,0.0,1
1780416278.3493507,0.26,8.49,0.0,1
1780416284.3881195,0.02,8.62,0.0,1
1780416290.424115,0.01,8.37,0.0,1
1780416296.4849854,0.03,8.62,0.0,1
1780416302.517452,0.03,8.37,0.0,1
1780416308.5626364,0.2,8.75,0.0,1
1780416314.5971534,0.01,8.63,0.0,1
1780416320.632855,0.02,8.5,0.0,1
1780416326.6661887,0.02,8.37,0.0,1
1780416332.6950548,0.01,8.36,0.0,1
1780416338.7415602,0.21,8.74,0.0,1
1780416344.7777858,0.01,8.52,0.0,1
1780416350.8172958,0.01,8.52,0.0,1
1780416356.8503776,0.01,8.52,0.0,1
1780416362.8855453,0.01,8.64,0.0,1
1780416368.9205291,0.2,8.64,0.0,1
1780416374.9536657,0.01,8.52,0.0,1
1780416380.9908156,0.01,8.52,0.0,1
1780416387.028773,0.01,8.52,0.0,1
1780416393.0848222,0.01,8.4,0.0,1
1780416399.1333096,0.28,8.53,0.0,1
1780416405.1783485,0.01,8.4,0.0,1
1780416411.2191186,0.01,8.4,0.0,1
1780416417.2595024,0.01,8.52,0.0,1
1780416423.2926493,0.2,8.77,0.0,1
1780416429.3293343,0.11,8.52,0.0,1
1780416435.3721035,0.01,8.4,0.0,1
1780416441.413532,0.01,8.4,0.0,1
1780416447.4605777,0.01,8.4,0.0,1
1780416453.505926,0.19,8.65,0.0,1
1780416459.5470283,0.16,8.53,0.0,1
1780416465.5823555,0.01,8.52,0.0,1
1780416471.6372764,0.01,8.65,0.0,1
1780416477.6761198,0.01,8.64,0.0,1
1780416483.7097359,0.2,8.77,0.0,1
1780416489.7411952,0.1,8.52,0.0,1
1780416495.7782228,0.01,8.4,0.0,1
1780416501.8280344,0.01,8.4,0.0,1
1780416507.8642638,0.01,8.4,0.0,1
1780416513.9133954,0.46,8.64,0.0,1
1780416519.9415944,0.08,8.65,0.0,1
1780416525.980352,0.01,8.54,0.0,1
1780416532.012594,0.01,8.4,0.0,1
1780416538.051424,0.01,8.52,0.0,1
1780416544.0896466,0.2,8.77,0.0,1
1780416550.125352,0.01,8.52,0.0,1
1780416556.1605463,0.01,8.64,0.0,1
1780416562.1980922,0.01,8.52,0.0,1
1780416568.2377365,0.01,8.4,0.0,1
1780416574.2769945,0.19,8.4,0.0,1
1780416580.3203626,0.01,8.52,0.0,1
1780416586.358233,0.01,8.64,0.0,1
1780416592.3973715,0.01,8.52,0.0,1
1780416598.4342701,0.2,8.89,0.0,1
1780416604.4649327,0.01,8.52,0.0,1
1780416610.4959524,0.01,8.76,0.0,1
1780416616.5513318,0.01,8.64,0.0,1
1780416622.595555,0.01,8.52,0.0,1
1780416628.6368597,0.19,8.64,0.0,1
1780416634.6760638,0.01,8.52,0.0,1
1780416640.714731,0.01,8.52,0.0,1
1780416646.7580326,0.01,8.52,0.0,1
1780416652.7962036,0.01,8.52,0.0,1
1780416658.834295,0.19,9.01,0.0,1
1780416664.8767896,0.01,8.52,0.0,1
1780416670.916019,0.01,8.65,0.0,1
1780416676.9534056,0.01,8.52,0.0,1
1780416682.990319,0.01,8.52,0.0,1
1780416689.0242414,0.3,9.01,0.0,1
1780416695.0547774,0.01,8.64,0.0,1
1780416701.086219,0.01,8.52,0.0,1
1780416707.1273305,0.01,8.65,0.0,1
1780416713.158266,0.01,8.41,0.0,1
1780416719.2088423,0.29,8.65,0.0,1
1780416725.2423022,0.01,8.52,0.0,1
1780416731.2763116,0.01,8.65,0.0,1
1780416737.3178988,0.01,8.52,0.0,1
1780416743.3616672,0.01,8.52,0.0,1
1780416749.4011097,0.35,9.14,0.0,1
1780416755.437712,0.01,8.77,0.0,1
1780416761.4790673,0.01,8.77,0.0,1
1780416767.5309455,0.01,8.52,0.0,1
1780416773.5706203,0.2,8.77,0.0,1
1780416779.6024399,0.11,8.53,0.0,1
1780416785.6405504,0.01,8.65,0.0,1
1780416791.6800685,0.01,8.41,0.0,1
1780416797.7131357,0.01,8.41,0.0,1
1780416803.7499752,0.2,8.66,0.0,1
1780416809.8007622,0.14,8.77,0.0,1
1780416815.8461356,0.01,8.65,0.0,1
1780416821.8857677,0.01,8.4,0.0,1
1780416827.935332,0.01,8.4,0.0,1
1780416833.9733582,0.19,8.53,0.0,1
1780416840.0103822,0.09,8.65,0.0,1
1780416846.0425293,0.01,8.65,0.0,1
1780416852.080237,0.01,8.65,0.0,1
1780416858.1199195,0.01,8.4,0.0,1
1780416864.1676972,0.19,8.52,0.0,1
1780416870.2124536,0.01,8.41,0.0,1
1780416876.2448776,0.01,8.53,0.0,1
1780416882.28095,0.01,8.41,0.0,1
1780416888.3262644,0.01,8.41,0.0,1
1780416894.359185,0.2,8.65,0.0,1
1780416900.392181,0.01,8.53,0.0,1
1780416906.4242072,0.01,8.4,0.0,1
1780416912.4541242,0.01,8.77,0.0,1
1780416918.5017,0.01,8.65,0.0,1
1780416924.548597,0.19,8.53,0.0,1
1780416930.5827227,0.01,8.52,0.0,1
1780416936.6243284,0.01,8.57,0.0,1
1780416942.6660411,0.01,8.57,0.0,1
1780416948.7047606,0.23,8.69,0.0,1
1780416954.7470715,0.01,8.56,0.0,1
1780416960.7923648,0.01,8.45,0.0,1
1780416966.8340344,0.01,8.32,0.0,1
1780416972.8787692,0.01,8.32,0.0,1
1780416978.976131,0.18,8.44,0.0,1
1780416985.068288,0.01,8.81,0.0,1
1780416991.1278205,0.01,8.57,0.0,1
1780416997.168756,0.01,8.32,0.0,1
1780417003.204745,0.01,8.44,0.0,1
1780417009.241397,0.38,8.45,0.0,1
1780417015.2802086,0.01,8.57,0.0,1
1780417021.3161745,0.01,8.57,0.0,1
1780417027.3540244,0.01,8.45,0.0,1
1780417033.3921397,0.01,8.45,0.0,1
1780417039.452965,0.34,8.45,0.0,1
1780417045.5024421,0.01,8.44,0.0,1
1780417051.5437624,0.01,8.45,0.0,1
1780417057.5859246,0.01,8.44,0.0,1
1780417063.6246703,0.01,8.45,0.0,1
1780417069.6681552,0.34,8.45,0.0,1
1780417075.715777,0.01,8.44,0.0,1
1780417081.7728453,0.01,8.57,0.0,1
1780417087.8097887,0.01,8.57,0.0,1
1780417093.8568397,0.22,8.7,0.0,1
1780417099.8957133,0.11,8.7,0.0,1
1780417105.932578,0.01,8.45,0.0,1
1780417111.966511,0.01,8.45,0.0,1
1780417118.0038364,0.01,8.33,0.0,1
1780417124.0473044,0.23,8.7,0.0,1
1780417130.095739,0.13,8.45,0.0,1
1780417136.1391912,0.02,8.33,0.0,1
1780417142.1798344,0.01,8.33,0.0,1
1780417148.2221563,0.04,8.33,0.0,1
1780417154.26579,0.25,8.57,0.0,1
1780417160.3053088,0.01,8.45,0.0,1
1780417166.3484251,0.01,8.45,0.0,1
1780417172.3993826,0.01,8.33,0.0,1
1780417178.4374583,0.01,8.45,0.0,1
1780417184.4798124,0.23,8.58,0.0,1
1780417190.5198722,0.01,8.45,0.0,1
1780417196.5572999,0.01,8.57,0.0,1
1780417202.6015477,0.01,8.45,0.0,1
1780417208.6440318,0.01,8.45,0.0,1
1780417214.6867373,0.23,8.71,0.0,1
1780417220.720086,0.01,8.33,0.0,1
1780417226.7677343,0.01,8.41,0.0,1
1780417232.80334,0.01,8.4,0.0,1
1780417238.8621032,0.01,8.4,0.0,1
1780417244.9014366,0.01,8.41,0.0,1
1780417250.942595,0.01,8.4,0.0,1
1780417256.9798405,0.01,8.53,0.0,1
1780417263.0293996,0.01,8.53,0.0,1
1780417269.0771518,0.22,8.65,0.0,1
1780417275.122789,0.01,8.53,0.0,1
1780417281.16237,0.01,8.53,0.0,1
1780417287.2029028,0.01,8.65,0.0,1
1780417293.2423923,0.01,8.53,0.0,1
1780417299.2824154,0.3,8.65,0.0,1
1780417305.3179789,0.01,8.41,0.0,1
1780417311.3670876,0.01,8.53,0.0,1
1780417317.4201074,0.01,8.41,0.0,1
1780417323.4671626,0.01,8.54,0.0,1
1780417329.512863,0.35,8.66,0.0,1
1780417335.5604477,0.01,8.41,0.0,1
1780417341.6053896,0.01,8.54,0.0,1
1780417347.6509616,0.01,8.41,0.0,1
1780417353.6972857,0.01,8.54,0.0,1
1780417359.7441866,0.33,8.66,0.0,1
1780417365.7897267,0.01,8.55,0.0,1
1780417371.823384,0.01,8.66,0.0,1
1780417377.8723009,0.01,8.66,0.0,1
1780417383.9175496,0.01,8.54,0.0,1
1780417389.9621701,0.33,8.54,0.0,1
1780417396.0116718,0.01,8.54,0.0,1
1780417402.0485144,0.01,8.41,0.0,1
1780417408.0846827,0.01,8.41,0.0,1
1780417414.1222029,0.3,8.54,0.0,1
1780417420.164728,0.11,8.66,0.0,1
1780417426.2095382,0.01,8.42,0.0,1
1780417432.2543972,0.01,8.66,0.0,1
1780417438.3051763,0.01,8.54,0.0,1
1780417444.338436,0.28,8.79,0.0,1
1780417450.3837783,0.01,8.41,0.0,1
1780417456.4309006,0.01,8.42,0.0,1
1780417462.4658892,0.01,8.54,0.0,1
1780417468.501354,0.01,8.54,0.0,1
1780417474.5369267,0.24,8.91,0.0,1
1780417480.5777802,0.01,8.54,0.0,1
1780417486.6176198,0.01,8.41,0.0,1
1780417492.6612139,0.01,8.54,0.0,1
1780417498.6965284,0.01,8.66,0.0,1
1780417504.7432766,0.24,8.91,0.0,1
1780417510.7847216,0.01,8.91,0.0,1
1780417516.8206596,0.01,8.54,0.0,1
1780417522.861607,0.04,8.41,0.0,1
1780417528.8986406,0.01,8.54,0.0,1
1780417534.939487,0.2,8.66,0.0,1
1780417540.9765859,0.02,8.66,0.0,1
1780417547.0142589,0.01,8.66,0.0,1
1780417553.0541623,0.02,8.54,0.0,1
1780417559.0954707,0.01,8.53,0.0,1
1780417565.1365287,0.01,8.41,0.0,1
1780417571.178778,0.01,8.78,0.0,1
1780417577.2247348,0.03,8.66,0.0,1
1780417583.2637424,0.01,8.78,0.0,1
1780417589.304957,0.21,8.9,0.0,1
1780417595.342422,0.01,8.9,0.0,1
1780417601.3815315,0.01,8.65,0.0,1
1780417607.4228969,0.01,8.53,0.0,1
1780417613.4594917,0.01,8.53,0.0,1
1780417619.4966402,0.36,8.9,0.0,1
1780417625.5326374,0.01,8.77,0.0,1
1780417631.5754933,0.01,8.9,0.0,1
1780417637.6281798,0.01,8.77,0.0,1
1780417643.6718318,0.01,8.76,0.0,1
1780417649.7081041,0.32,8.9,0.0,1
1780417655.743482,0.01,8.54,0.0,1
1780417661.7855809,0.01,8.41,0.0,1
1780417667.8204153,0.01,8.41,0.0,1
1780417673.9422753,0.01,8.41,0.0,1
1780417680.0056818,0.41,8.78,0.0,1
1780417686.0436769,0.01,8.41,0.0,1
1780417692.0859396,0.01,8.66,0.0,1
1780417698.126019,0.01,8.65,0.0,1
1780417704.1765168,0.01,8.66,0.0,1
1780417710.2266796,0.1,8.78,0.0,1
1780417716.28027,0.01,8.41,0.0,1
1780417722.3260689,0.01,8.41,0.0,1
1780417728.3707938,0.01,8.54,0.0,1
1780417734.4088025,0.3,8.68,0.0,1
1780417740.4546897,0.01,8.44,0.0,1
1780417746.493325,0.01,8.68,0.0,1
1780417752.5507903,0.01,8.56,0.0,1
1780417758.6377566,0.01,8.55,0.0,1
1780417764.7146904,0.23,8.55,0.0,1
1780417770.760129,0.01,8.56,0.0,1
1780417776.8002791,0.01,8.44,0.0,1
1780417782.8439999,0.01,8.44,0.0,1
1780417788.9046223,0.01,8.43,0.0,1
1780417794.9714031,0.28,8.56,0.0,1
1780417801.0221722,0.01,8.56,0.0,1
1780417807.058446,0.01,8.8,0.0,1
1780417813.0956292,0.01,8.68,0.0,1
1780417819.1338947,0.01,8.56,0.0,1
1780417825.1819878,0.22,8.56,0.0,1
1780417831.2268076,0.01,8.55,0.0,1
1780417837.2645068,0.01,8.34,0.0,1
1780417843.311325,0.01,8.46,0.0,1
1780417849.3531742,0.22,8.59,0.0,1
1780417855.396488,0.01,8.46,0.0,1
1780417861.4475937,0.01,8.5,0.0,1
1780417867.4926913,0.01,8.74,0.0,1
1780417873.5294201,0.01,8.62,0.0,1
1780417879.5643895,0.3,8.74,0.0,1
1780417885.6079836,0.01,8.74,0.0,1
1780417891.648261,0.01,8.49,0.0,1
1780417897.6868594,0.01,8.35,0.0,1
1780417903.727133,0.01,8.35,0.0,1
1780417909.7742815,0.31,8.73,0.0,1
1780417915.81408,0.01,8.6,0.0,1
1780417921.8539393,0.01,8.48,0.0,1
1780417927.897334,0.01,8.61,0.0,1
1780417933.9991677,0.01,8.47,0.0,1
1780417940.0533195,0.36,8.72,0.0,1
1780417946.101835,0.01,8.6,0.0,1
1780417952.137608,0.01,8.72,0.0,1
1780417958.173699,0.01,8.48,0.0,1
1780417964.2109237,0.01,8.35,0.0,1
1780417970.2706091,0.29,8.6,0.0,1
1780417976.3113751,0.01,8.35,0.0,1
1780417982.3554444,0.01,8.48,0.0,1
1780417988.4016886,0.01,8.48,0.0,1
1780417994.437581,0.01,8.6,0.0,1
1780418000.4725099,0.01,8.59,0.0,1
1780418006.5152683,0.01,8.61,0.0,1
1780418012.5518327,0.01,8.6,0.0,1
1780418018.593783,0.01,8.61,0.0,1
1780418025.5048726,0.01,8.48,0.0,1
1780418031.5487814,0.01,8.48,0.0,1
1780418037.6670134,0.01,8.6,0.0,1
1780418043.7211213,0.01,8.73,0.0,1
1780418049.7569506,0.42,9.1,0.0,1
1780418055.810404,0.01,8.61,0.0,1
1780418062.5035577,0.01,8.85,0.0,1
1780418068.5407307,0.01,8.49,0.0,1
1780418074.5997722,0.37,8.86,0.0,1
1780418080.6343088,0.01,8.37,0.0,1
1780418086.6764207,0.01,8.37,0.0,1
1780418092.717766,0.01,8.36,0.0,1
1780418098.7523592,0.02,8.36,0.0,1
1780418104.8113778,0.23,8.73,0.0,1
1780418110.8527372,0.01,8.85,0.0,1
1780418116.888301,0.01,8.47,0.0,1
1780418122.9318175,0.01,8.48,0.0,1
1780418128.9845304,0.01,8.37,0.0,1
1780418135.0224102,0.31,8.48,0.0,1
1780418141.057226,0.01,8.6,0.0,1
1780418147.0906398,0.01,8.48,0.0,1
1780418153.1329312,0.01,8.48,0.0,1
1780418159.1850076,0.01,8.36,0.0,1
1780418165.2265387,0.28,8.49,0.0,1
1780418171.2807965,0.01,8.48,0.0,1
1780418177.3235042,0.01,8.49,0.0,1
1780418183.3644946,0.01,8.74,0.0,1
1780418189.4004896,0.01,8.36,0.0,1
1780418195.4406962,0.23,8.48,0.0,1
1780418201.4885762,0.01,8.36,0.0,1
1780418207.5240326,0.01,8.6,0.0,1
1780418213.560813,0.01,8.36,0.0,1
1780418219.5963733,0.12,8.48,0.0,1
1780418225.635669,0.01,8.6,0.0,1
1780418231.6823003,0.01,8.48,0.0,1
1780418237.7301698,0.01,8.37,0.0,1
1780418243.7712092,0.01,8.74,0.0,1
1780418249.8146713,0.29,8.87,0.0,1
