predicted,actual
23.61935818960108,25.3
23.162998936547204,24.89
20.464257635105138,15.95
17.74950341099125,14.325
14.63182146604881,17.47
12.951789465934645,10.28
12.611089981650487,9.233333333333333
9.65630481235287,9.03
9.986156649740742,8.92
9.5827484328515,9.58
8.608492320467954,9.973333333333334
9.092981488946133,4.996666666666667
9.569453352685619,9.5
7.139394869181561,9.606666666666667
7.372449703106602,9.196666666666667
8.149791579025873,10.446666666666667
9.324763714859563,8.75
9.581626305163871,8.886666666666665
9.20502238176256,10.01
9.20502238176256,10.126666666666669
9.109196736530741,9.826666666666666
9.510144960898248,10.096666666666666
9.510144960898248,10.433333333333332
9.43462132152627,10.183333333333332
9.5223179133765,8.336666666666666
9.43462132152627,9.616666666666667
8.641542109764337,8.959999999999999
9.510144960898248,8.703333333333333
8.549183928680584,8.233333333333333
8.549183928680584,9.596666666666666
7.152902473854343,9.659999999999998
8.445253259541,10.58
9.109196736530741,10.34
9.446794274004523,10.626666666666669
9.43462132152627,8.826666666666666
9.608524648696319,8.99
8.874608513676113,9.416666666666666
9.279621457141523,9.813333333333333
9.109196736530741,9.5
9.510144960898248,9.426666666666668
9.510144960898248,10.22
9.510144960898248,10.396666666666668
9.510144960898248,10.67
9.766305134460122,10.51
9.766305134460122,10.116666666666667
10.40218234758016,9.306666666666668
9.21607306630387,8.686666666666667
9.21607306630387,9.413333333333334
8.656060258453714,5.633333333333333
8.815124841936363,4.693333333333333
6.329481604871142,2.6933333333333334
6.081090618999287,8.39
8.55074586445206,0.0833333333333333
7.511720332960347,2.95
5.324802605183845,0.41
11.498477769514672,10.603333333333332
13.200174767680638,14.463333333333331
11.704258452226425,14.326666666666668
11.559797149151066,13.436666666666667
13.264439351254794,13.723333333333334
13.497834966753503,14.113333333333337
13.6061277598027,13.926666666666668
13.6061277598027,14.44
13.6061277598027,14.410000000000002
13.657426296345516,14.553333333333336
13.657426296345516,14.473333333333334
14.605873124893899,14.49
14.605873124893899,14.536666666666669
14.605873124893899,14.426666666666668
14.605873124893899,14.476666666666668
14.605873124893899,14.566666666666668
14.605873124893899,14.346666666666666
14.605873124893899,14.396666666666668
14.605873124893899,14.233333333333334
14.936854018774461,14.466666666666669
14.605873124893899,14.316666666666668
14.936854018774461,25.3
14.936854018774461,24.98
18.632400191382548,25.35
15.408881194393137,12.9
21.89369095351529,16.28
13.720249990009563,16.09
14.813167514050296,16.174999999999997
11.935502583728042,9.943333333333332
12.28721731830546,9.356666666666667
9.639879188170994,8.353333333333333
9.444923098202507,6.956666666666667
7.982705110638909,6.343333333333334
6.573806716764415,6.419999999999999
6.188200418994726,3.01
5.616119068388509,4.04
5.599456536961496,3.203333333333333
13.140115316308425,14.295
12.036220798803452,26.59
7.750926939947467,7.7
15.475889604399386,17.01
12.435330002314592,20.3
16.456529743972848,18.55
16.945289645377066,18.03
18.89862405593389,23.85
14.8840262219858,13.72
14.952835986794975,14.79
13.85224140510809,14.73
14.531144437069534,17.05
11.55388104143245,9.886666666666668
13.072992118286049,9.486666666666666
10.13133469181238,11.296666666666669
10.281835276413743,9.126666666666669
9.505989599707549,9.236666666666666
9.203703876512176,8.913333333333334
9.252256186140327,9.583333333333334
8.643599567133048,9.716666666666669
9.43517744281602,9.45
9.604560599350712,9.7
9.349670370636243,9.946666666666667
9.349670370636243,10.076666666666666
9.349670370636243,10.64
9.349670370636243,10.57
9.361843323114496,9.293333333333337
9.361843323114496,9.483333333333334
9.349670370636243,9.153333333333334
9.349670370636243,8.863333333333332
8.14554534313619,7.253333333333333
7.3378668593026495,4.403333333333333
5.899335491680872,6.413333333333334
4.350207767964649,7.293333333333333
4.504128632264563,0.01
3.5079882921196637,0.9166666666666666
6.983318881235644,0.0699999999999999
17.804481304243243,12.9
19.819440326321008,25.3
20.75223331389828,25.46
19.749127661781,23.38
21.41231546069621,23.09
15.713666538423622,8.559999999999999
14.880085245709115,13.16
13.418396899243957,16.555
14.236821006499703,15.305
14.235238545515303,8.913333333333332
12.601631410344119,9.023333333333332
10.186165256418187,9.29
9.265372245630532,8.946666666666667
8.85130796177282,8.943333333333333
8.291295153922663,9.446666666666664
8.291295153922663,8.716666666666667
8.85130796177282,10.463333333333331
8.418272889424086,9.453333333333331
8.450592883579272,9.613333333333332
8.942667439075743,9.403333333333334
9.37923392164175,10.513333333333334
9.252265032064962,9.46
9.316168756090555,9.583333333333334
9.252256186140327,8.303333333333333
9.252256186140327,7.776666666666667
7.8073481619580205,7.233333333333333
5.684179694416639,3.2466666666666666
5.369191264180372,3.3966666666666665
4.197287019375437,3.7066666666666666
7.551804412281366,4.08
11.645444244003405,13.96
8.073247123784972,4.62
7.026619598305619,2.89
6.473772853651603,8.75
6.996840989029076,5.78
12.324233918543133,8.754999999999999
9.637373439421035,9.825
11.632850680576212,9.86
9.377823538841394,10.605
10.240393688783929,13.095
9.724903388859564,11.47
12.176434436876953,14.81
11.654163055042362,13.975
11.67100613468827,14.475
13.447579647641021,15.49
12.878866343603255,16.395
13.58865645862976,16.675
14.456238571588866,16.175
14.381085921500594,13.425
14.449537058664339,16.77
13.331571016315102,15.025
15.61122239155455,16.095
11.961915562851413,9.673333333333334
14.248568105150126,10.303333333333333
10.545078678718736,9.916666666666666
9.937707994293323,8.726666666666667
9.252256186140327,10.406666666666666
8.819221113791594,9.306666666666668
9.316168756090555,9.473333333333334
9.252256186140327,9.88
9.252256186140327,9.383333333333333
9.252256186140327,8.043333333333335
9.252256186140327,8.983333333333334
7.25036233273049,9.116666666666667
6.411325812341993,1.7833333333333332
6.164217187363962,6.263333333333333
4.5250173829324485,5.973333333333334
7.2599344843872124,10.88
4.452966245909638,1.635
4.303525290643999,0.285
4.017222967384826,0.01
22.931708575426686,27.22
16.977403720992953,25.12
14.952461104825904,18.35
20.850209801903862,23.4
19.618680185044006,22.87
15.313247812362782,15.675
13.993051763998302,13.99
13.89446310457913,12.93
13.701711972920364,12.435
13.48573566319705,17.369999999999997
13.329064235020136,11.9
15.203370823445663,16.245
13.30551439184564,12.51
15.53085585599401,16.615000000000002
13.30551439184564,12.32
15.676057595707746,16.92
13.30551439184564,12.475
15.68504432369016,16.475
13.30551439184564,13.235
15.53085585599401,16.87
13.30551439184564,11.985
15.68504432369016,17.31
13.30551439184564,12.31
15.61122239155455,17.035
13.30551439184564,12.565
15.830246063403896,17.23
13.30551439184564,14.28
15.68504432369016,11.785
13.30551439184564,10.985
13.70236488024518,13.375
10.660871152685086,12.42
9.991021345214737,8.504999999999999
10.369720312769438,9.29
7.870757033362177,8.475000000000001
7.668759835064618,9.78
6.427465207845252,8.64
6.547334656491791,1.215
5.5525265792365355,4.875
4.849175446061657,4.19
20.142580976353138,25.55
8.701695878670746,14.78
12.22132691245168,17.5
14.60072096277494,17.62
16.25584875143798,17.74
14.960147775798683,14.96
16.15534108900197,18.05
18.395564211896424,20.21
19.955626218681207,23.2
19.16795346579704,10.69
17.04625938080607,10.645
13.385753053771396,15.05
13.993072360289183,12.24
11.776871727547164,11.935
13.908038727119852,16.88
13.610933223284427,13.3
15.152072286902847,17.055
13.52214360889377,12.775
15.830246063403896,17.36
13.30551439184564,12.48
15.61122239155455,16.58
13.30551439184564,12.3
15.31422663894588,16.695
13.30551439184564,12.025
15.53085585599401,17.3
13.237063254681896,16.759999999999998
15.68504432369016,17.37
14.413978102514017,12.635
15.525149781518232,16.725
13.400022153478847,12.105
15.4570339238584,16.215
13.30551439184564,16.27
15.412177685407908,14.985
14.530035549479644,12.205000000000002
13.911411148714743,12.25
13.370754163061802,8.48
13.086411686930555,12.36
8.335864042501616,10.48
9.382195358560848,6.074999999999999
8.0961472607594,8.97
6.811224680438133,8.655
5.304478719506899,1.43
4.505332348171475,8.14
4.849175446061657,6.385
16.580854862533826,25.32
6.3888867005970775,0.01
12.355060248869894,13.79
10.300699026632893,17.67
11.03784743327878,9.11
14.524922031367689,10.91
11.823950534733875,7.54
15.578652303225553,17.6
13.801234147482745,15.19
18.70330063010558,21.93
19.392441883105203,22.36
20.78009672455872,22.6
17.922256589866635,13.3
14.786241041477995,13.025
13.778574506576872,15.989999999999998
14.5132688654018,11.965
14.264314587569906,17.105
13.30551439184564,12.055
15.492544220968448,17.049999999999997
13.30551439184564,12.614999999999998
15.830246063403896,17.265
13.30551439184564,12.105
15.830246063403896,16.885
13.30551439184564,11.965
15.68504432369016,17.0
13.30551439184564,16.604999999999997
15.830246063403896,17.045
14.55930353989669,12.395
15.525149781518232,17.37
13.400022153478847,12.28
15.61122239155455,16.95
13.30551439184564,12.41
15.68504432369016,17.1
13.30551439184564,12.005
15.68504432369016,14.565
13.30551439184564,12.895
13.408413795612782,13.74
10.856692570301917,8.58
10.093000182637809,10.41
7.6572485764696365,8.795
9.562880448885746,9.63
6.732257910078368,8.925
6.792691396095385,8.085
5.430660933818528,4.755
4.800959729380207,0.01
5.979930065709648,3.4
7.399959925133575,0.11
17.65987826558136,25.58
15.18578407971144,4.86
13.54059283456843,8.08
11.380016806762681,12.16
15.474337641652124,16.9
14.133243481584104,17.76
19.851438396431824,19.01
20.44936640575173,20.27
21.110653387943902,24.61
18.304732118843464,24.59
14.346891983819226,15.364999999999998
14.489937328500366,15.565
14.321823297666581,15.575
13.679030137240604,14.305
14.710116769045463,15.050000000000002
13.402643072435257,9.413333333333334
13.5622302515085,9.65
10.405449961513362,9.58
9.851210607103928,9.72
9.43462132152627,9.64
9.43462132152627,9.633333333333333
9.21607306630387,9.76
9.341174366302742,9.606666666666667
9.341174366302742,9.543333333333337
9.341174366302742,9.63
9.341174366302742,9.46
9.341174366302742,9.21
9.341174366302742,9.203333333333331
9.341174366302742,9.553333333333333
8.444683483226612,5.996666666666666
8.377199555507568,4.986666666666666
5.750943439289568,2.6666666666666665
5.093973585953825,8.106666666666667
7.651168067439355,7.916666666666667
8.334754546428574,4.510000000000001
4.3226347842734825,5.843333333333334
4.289791916718489,4.17
11.452598523256796,10.24
7.37932523474115,2.73
8.185028763437895,1.345
10.706102572396382,8.065
22.94830975574212,25.08
18.143393683862186,25.6
17.54531898805389,25.62
20.824758903481435,24.88
19.73248359322248,15.42
19.580985256880314,12.435
14.337439497355463,16.64
13.690567134708223,13.07
14.162074286065478,8.786666666666667
13.236194026661362,9.49
10.365206697867876,10.616666666666664
9.341174366302742,9.193333333333332
9.492709580428597,9.343333333333334
9.265455323072192,10.183333333333332
9.43462132152627,8.953333333333333
9.43462132152627,9.203333333333331
8.874608513676113,9.333333333333334
9.341174366302742,10.116666666666667
8.940226141935234,8.806666666666667
9.341174366302742,9.193333333333332
8.781161558452585,7.38
9.172008367848663,8.233333333333333
6.813805181873008,8.59
6.25661320556292,3.5400000000000005
5.088111989283284,5.1866666666666665
4.087467487471048,8.38
7.40616269896122,8.933333333333334
4.803318158014412,0.1166666666666666
4.695568932577271,0.0966666666666666
2.7334863536958287,0.1033333333333333
20.347271905734438,15.71
18.013878911730533,25.3
19.701458290959433,25.46
20.319578068136497,21.18
21.247292720633663,24.86
16.802329129477904,17.049999999999997
14.675472722816867,16.585
14.522572048320338,12.37
14.723453475319143,16.07
13.272725482367978,9.54
14.998819017459509,10.046666666666669
10.280348661514491,8.81
10.00153377573499,9.403333333333334
8.874608513676113,9.673333333333334
9.68951155024074,10.233333333333334
9.265238164991578,10.026666666666666
9.43462132152627,8.756666666666668
9.341174366302742,9.32
8.781161558452585,8.896666666666667
9.341174366302742,9.003333333333334
8.380213334085077,8.946666666666667
8.70970263817851,9.066666666666666
8.380213334085077,8.62
8.771060143481156,8.963333333333333
7.716269857095336,6.946666666666666
6.019580639494258,5.72
6.370497038320847,7.8066666666666675
5.034180283601702,4.01
4.447003360743412,4.026666666666666
4.135666417901218,0.0966666666666666
6.9640438781093525,15.05
11.147776243524934,8.09
14.044540941960935,7.57
8.133197778063009,6.944999999999999
9.35478790876146,8.855
7.191368365596848,4.255
11.443352887359772,9.07
7.764172739824887,8.989999999999998
8.113772361384495,12.16
9.410857295261204,12.46
12.160226369119556,14.79
13.012039430627954,17.295
11.517911043501348,12.775
15.5227241020116,16.58
13.371123972234095,12.485
15.444725276157916,16.455
13.236194026661362,13.115
15.469426736532185,16.145
13.236194026661362,11.65
15.469426736532185,16.435000000000002
13.236194026661362,12.03
14.84217013126416,15.84
13.196060906243426,11.765
14.339703272472464,16.855
13.196060906243426,12.59
15.33528413387877,15.97
13.236194026661362,12.72
15.252794399744722,16.619999999999997
13.236194026661362,12.38
15.469426736532185,15.935
13.236194026661362,15.05
15.146289465454926,15.195
13.236194026661362,9.16
13.758911317426222,14.925
10.31271526798884,9.0
10.631260822571193,9.535
8.493176486864689,10.165
7.860105238003309,4.87
7.575039702938932,7.06
5.447794472085785,8.665
4.222134838162356,3.17
5.29067797923385,0.01
5.448908900832974,8.399999999999999
23.13936762704692,25.36
14.881521377525507,7.79
13.25358654620157,9.48
12.834355267287108,17.3
13.132032400332333,12.94
15.823842254883264,12.25
19.426889989818058,17.81
20.289206580834083,19.51
20.45378197447266,22.21
18.911165445970564,17.53
15.094249008035382,13.46
14.358098010737947,13.84
14.899571175543983,16.785
13.996873878680331,11.935
13.658090755192418,16.1
13.236194026661362,12.829999999999998
15.121588005080657,16.825
13.236194026661362,12.21
15.526333838858443,16.205
13.236194026661362,12.19
15.326047105571813,17.314999999999998
13.236194026661362,12.885
15.611441967932029,17.205
13.236194026661362,12.215
15.425479006850656,17.244999999999997
13.236194026661362,12.25
15.598913743854066,17.09
13.236194026661362,12.285
15.437652243146962,17.16
13.236194026661362,13.065
15.437652243146962,12.8
13.236194026661362,12.745
13.41641529801277,13.12
14.514039056531159,13.165
13.355047755648057,10.58
13.355047755648057,9.435
9.509191911389786,9.33
8.158367512108441,8.27
7.890744290143744,7.484999999999999
6.131092710138775,3.78
5.47000583164326,4.77
4.050977100909687,0.75
9.953903123530386,6.225
13.246260547394765,26.9
13.798639816307151,0.01
9.911168863608559,0.01
7.689458354047005,11.47
10.35403180110696,0.01
14.830985073550758,7.93
12.422923313418192,15.62
16.627332905381955,16.82
17.50464415285357,13.58
21.20407604218997,21.19
22.001870412431252,24.1
19.50588148421859,23.67
15.043778979085687,21.31
12.999222622834514,15.515
13.76191263395405,14.895
14.153624031633944,15.015
13.575134914083655,12.615
13.457039322899211,9.353333333333332
13.236194026661362,9.166666666666666
10.344031625106922,9.603333333333332
9.172008367848663,9.35
9.43462132152627,9.013333333333334
9.43462132152627,9.28
9.0960721665375,9.45
8.940226141935234,9.44
9.171791209768049,9.656666666666666
9.341174366302742,10.05
9.341174366302742,8.923333333333334
9.341174366302742,10.43
8.781161558452585,9.203333333333331
9.672858179236593,9.096666666666666
9.341174366302742,8.826666666666666
9.172008367848663,7.083333333333333
7.6531056075436386,8.953333333333333
5.771266096369702,6.126666666666666
5.6105670723630725,5.556666666666668
4.770152175971306,2.69
4.657529851019281,8.459999999999999
4.961667708592449,0.01
11.161397978461412,13.989999999999998
4.4623577697227175,0.935
9.302120437788773,4.095
8.795173764958864,8.2
19.78668356559595,25.2
16.82297378568475,25.34
17.92828108972904,24.25
20.665272598188857,21.62
18.5020677954569,14.51
15.04718429654364,14.585
14.091275980380054,14.73
13.716059984105764,12.585
11.737996829725745,9.356666666666667
11.464421096934998,10.023333333333332
9.034392605258596,9.473333333333334
9.22311535509002,10.076666666666666
9.427176363852722,9.306666666666668
9.7169225189379,9.963333333333331
9.68951155024074,9.9
9.43462132152627,9.633333333333333
9.43462132152627,9.993333333333334
9.43462132152627,10.086666666666666
9.43462132152627,9.72
9.21607306630387,9.623333333333331
9.341174366302742,9.056666666666668
9.341174366302742,9.396666666666668
9.278663446269952,7.81
8.641477608458464,5.896666666666666
6.691704020652856,4.573333333333333
5.251453308761951,7.033333333333334
5.278359918072854,5.096666666666667
5.10154810525247,0.1099999999999999
3.9418267690475166,2.683333333333333
7.169435850686989,12.745
18.62727525707593,25.13
17.98705280268377,22.96
18.249397477211595,19.01
18.857121371745947,23.17
17.97793491574998,24.93
14.703660789068664,14.335
13.903049606812807,15.035
14.00766088923717,12.16
14.14454102091458,12.66
13.494401092264479,16.285
13.324983641052018,12.2
14.725631823505182,12.045
13.236194026661362,17.145
13.365116761469954,12.505
15.283985597335954,16.655
13.236194026661362,11.79
15.271290539154506,16.16
13.236194026661362,12.605
15.017013619404208,15.995
13.236194026661362,11.86
15.13411622915862,16.115000000000002
13.236194026661362,13.28
14.84217013126416,16.6
13.236194026661362,11.75
15.457253500235879,16.31
13.236194026661362,13.885
14.99231215902994,12.245
13.236194026661362,12.295000000000002
13.41641529801277,13.81
13.157095388531742,12.43
13.157095388531742,9.365
9.431400836661068,6.515000000000001
8.550925790579695,8.81
7.8793741410885465,12.330000000000002
5.7582579794302085,0.01
8.58725292391122,6.68
4.041985653204532,6.545
9.647023965711846,4.51
14.796438058128453,25.62
6.222395391247213,7.26
9.798309663054628,16.49
11.61889984842658,11.21
8.315255079714264,0.17
14.474360117850262,12.39
11.083951162718103,9.46
15.96741128012243,18.71
13.912785595110192,16.72
20.80910021136837,17.08
20.073161641064324,22.25
18.0697825870835,21.4
16.757279962081892,23.32
13.868082721523633,12.25
13.963099752746723,12.785
14.15356512471711,13.09
14.423106444690868,16.79
13.264898058358257,12.345
13.813381550885877,13.0
13.236194026661362,13.47
13.41641529801277,16.825
13.457696236952172,13.28
15.33528413387877,16.275
13.236194026661362,17.305
15.444725276157916,13.52
14.91064508924211,16.365
13.330701788294569,12.815
15.444725276157916,16.945
13.236194026661362,12.125
15.598913743854066,16.35
13.236194026661362,12.725
15.444725276157916,16.75
13.236194026661362,13.695
15.611441967932029,14.18
13.236194026661362,13.445
13.59125878615282,14.07
13.395180876065993,9.07
13.395180876065993,9.985
8.72629782664627,7.82
8.313270027438032,7.48
6.926421403738534,9.145
5.625597316407173,5.945
5.348391391069149,5.855
4.466976692502923,4.529999999999999
7.320602179833562,9.25
4.96340511188901,1.7100000000000002
13.00210217803999,26.13
5.287934212000169,7.22
9.041680717510486,11.24
12.259231868334131,17.33
15.301748398924627,16.27
14.551592761514804,14.04
16.299315331152258,14.7
20.911660195124732,24.66
19.214499999073702,19.8
20.652635134096833,23.16
16.95658086329544,14.485
12.66925587840471,12.81
13.745506153775157,14.615
12.783057714357478,14.38
14.254805096807727,15.225
13.35117552679661,15.525
13.169139451125695,13.32
13.624618852683252,13.065
13.301433797877523,13.66
13.41641529801277,14.375
13.457696236952172,12.59
13.299876990253793,13.245
13.299876990253793,16.7
13.299876990253793,15.51
15.11585589496646,13.77
13.735759800831204,13.5
13.20439539354777,13.915
13.41641529801277,13.795000000000002
13.395180876065993,16.675
13.395180876065993,16.365
15.028918790495208,13.45
14.604279745858546,15.755
13.10688862001863,11.47
13.836587021870756,11.125
13.236194026661362,9.845
10.086760917823154,9.04
8.93129307754544,9.465
7.847597251577224,8.85
7.67161032126951,12.28
6.243270807767773,4.21
8.500629275167384,6.73
5.8748112691279655,9.075
6.096334136401206,9.19
6.751566861446915,0.01
8.049628962708747,8.52
6.969590384405047,0.01
17.763976004386365,25.41
10.47341791518359,15.26
14.357075362925132,17.05
17.193990039193743,19.35
20.300294995670992,18.54
15.824187765247753,19.79
18.229145053189825,21.85
13.786930047368601,14.71
13.288791286688735,13.495
13.667196865219964,14.925
14.197436844253518,16.805
13.379854880743641,9.39
14.900407682580695,9.103333333333332
10.445583081931298,10.273333333333332
9.832367777280911,10.533333333333331
9.43462132152627,8.770000000000001
9.701684502718992,9.27
8.874608513676113,9.72
9.43462132152627,10.456666666666663
9.265238164991578,9.313333333333333
9.446794274004523,9.183333333333334
9.43462132152627,9.223333333333334
9.265455323072192,9.13
9.265238164991578,9.723333333333334
8.864507098704685,9.426666666666668
9.43462132152627,8.556666666666667
9.43462132152627,8.746666666666668
8.396635313857667,7.13
7.493983496711479,7.45
6.447577008794682,7.593333333333334
5.029082176597346,4.4366666666666665
4.469846086778752,2.793333333333333
4.022268974037352,2.78
5.527521649384037,0.01
16.081794147681205,12.33
17.2924541699036,25.27
19.490870801593086,23.41
17.777315356948012,21.28
18.100874666797125,21.38
17.179848892120514,16.05
13.835086897370442,13.795
16.11462654159882,15.795000000000002
14.627887410650429,13.97
13.137630299272827,13.27
13.622148656940697,13.415
13.295666988185388,13.805
13.497829357370108,13.805
13.111727114737583,15.975
13.497829357370108,14.114999999999998
14.14346258387596,14.805
13.236194026661362,15.065
13.183588317828466,14.64
13.111727114737583,15.155
13.434146393777677,15.634999999999998
13.720335353355969,15.625
13.492116624291882,15.95
13.784446466582425,15.815
14.53700170072424,13.61
14.839707502082925,15.805
13.178829904159318,15.59
14.012741168709404,15.204999999999998
13.624618852683252,16.009999999999998
13.658007775939684,14.64
14.53700170072424,12.86
13.178829904159318,15.83
13.077620629601583,11.685
10.029641015269664,8.43
9.887372194822417,12.585
8.976346905448658,7.59
8.87336420195456,1.275
6.3298275054865965,5.095
4.463770421572067,6.58
8.67531249492017,3.975
14.692926573918372,25.77
4.893350950217355,8.36
9.813154546376259,8.55
9.33420301378092,7.67
12.351716979456313,10.44
14.166936106206101,17.29
14.320988507911188,17.43
17.337967782749818,15.8
16.478540139190162,13.77
18.7920469808946,22.86
18.907144354246547,16.01
20.763772490384643,23.16
16.37790016322998,17.08
15.46103366459736,13.71
14.502213414575959,15.48
14.29297920995502,13.065
13.925012017849587,12.56
13.236194026661362,12.04
13.365116761469954,16.175
13.457696236952172,15.27
14.725631823505182,16.275
13.38382037031917,12.47
14.745082977332043,15.455
13.301433797877523,16.035
13.785809540279029,14.245
14.457489759421595,14.015
13.41843848484821,14.240000000000002
13.41641529801277,13.235
14.708119194796026,12.73
13.497829357370108,14.240000000000002
13.259743869835857,14.48
13.259743869835857,14.525
13.299876990253793,13.56
14.708119194796026,15.05
13.549127893912924,16.369999999999997
13.35117552679661,11.895
14.680979443668384,13.3
13.301433797877523,18.86
10.690369892819366,8.85
13.094844025939272,9.31
8.444095435130386,8.435
8.638368084382687,13.635
5.6694442973659,4.09
7.766787273146057,6.3100000000000005
4.368214571536088,4.175
8.170947337055347,4.01
7.905199474777243,4.57
14.825141073757688,26.43
14.697346030884072,15.24
8.755309557095318,8.02
13.249012567655466,0.19
15.063175570192769,8.93
14.96895254641604,16.73
15.599488723471314,20.29
17.341461859716283,15.9
21.2456381559492,20.84
18.171047502924683,25.3
15.9516526019445,23.24
15.654448177472899,12.905
14.487427494430873,14.325
14.181269333622073,16.5
14.256573897566502,14.47
14.342834191462787,9.58
13.06721433819092,9.45
10.44940451674102,10.076666666666666
9.811192704519957,10.043333333333337
9.49392971331364,9.623333333333331
9.68951155024074,9.423333333333334
9.68951155024074,9.4
9.43462132152627,9.65
9.43462132152627,8.64
9.43462132152627,9.646666666666668
8.70522535714142,9.85
9.265238164991578,9.55
9.43462132152627,9.686666666666666
9.43462132152627,9.683333333333332
9.43462132152627,8.02
9.43462132152627,7.966666666666668
7.432727468116432,8.233333333333333
6.3897436321512995,8.806666666666667
5.832794473781569,2.236666666666667
5.2142310348058905,5.6933333333333325
4.554797681964218,5.823333333333333
7.91516506311574,8.943333333333333
5.446121109730585,6.763333333333335
5.077430373550349,4.963333333333334
5.967523825103145,5.830000000000001
5.78202507090049,3.326666666666666
13.6585889140161,18.605
12.822439151602332,12.875
10.649177803195041,16.919999999999998
13.902880520068607,15.305
15.530281781348448,12.105
12.741547458330015,12.625
14.168331580815323,16.1
13.844334844836043,16.505000000000003
14.409341790956294,15.17
14.856646853329869,14.825
13.489017666169218,13.755
13.402643072435257,12.765
13.301433797877523,12.275
13.299876990253793,11.82
13.259743869835857,16.225
13.457696236952172,13.2
14.725631823505182,16.005
13.236194026661362,12.78
15.252794399744722,16.299999999999997
13.236194026661362,15.05
15.326047105571813,16.985
13.236194026661362,14.72
14.996552810398084,16.48
13.330701788294569,14.13
14.741460801215396,12.64
13.265462017078407,14.775
13.41641529801277,14.705000000000002
13.299876990253793,13.86
13.012380858385423,13.65
13.111727114737583,12.010000000000002
9.887372194822417,9.95
9.431400836661068,6.0
7.635990261423742,0.095
6.755783711433431,3.94
5.06526127549728,8.629999999999999
18.7353635854182,26.83
11.589579025449474,1.85
16.709671268885085,17.39
12.002273108856418,9.79
11.16898113137943,9.53
13.578003117944842,9.91
11.989350442705,8.66
11.845935612413404,9.47
14.578443553176552,17.55
15.058380448880907,11.98
14.33365490461943,13.46
19.645445567939984,18.79
19.6615853572404,20.96
19.795429155302898,21.02
21.209316263621766,22.6
13.788175631194417,11.775
13.893814376757039,14.87
13.97344623144829,11.815
14.677449520613662,12.35
13.79807412451482,17.015
13.259743869835857,12.805
15.283985597335954,17.085
13.236194026661362,12.195
15.53850707515475,17.465
13.236194026661362,12.85
15.466175965202408,17.450000000000003
13.236194026661362,12.835
15.292741228198999,11.945
13.236194026661362,17.115000000000002
13.41641529801277,11.905
15.33528413387877,16.835
13.236194026661362,12.4
15.425479006850656,16.18
13.236194026661362,11.87
15.457253500235879,17.075000000000003
13.236194026661362,11.6
15.504937033642232,14.919999999999998
13.236194026661362,12.78
13.41641529801277,13.81
13.196060906243426,13.445
9.887372194822417,9.81
9.84723907440448,6.94
8.345892576431371,8.455
7.366890415060489,7.56
5.800954265088064,8.68
4.468227216917625,2.775
5.581160012819181,4.885
4.4843858799305965,0.01
18.814680297760912,26.61
6.724880446152492,0.01
10.019773360376055,8.63
8.583779731959945,5.09
13.19272079214484,17.71
16.714554584120208,10.81
15.313661298986803,13.84
17.002898603432552,22.72
20.781018286716172,24.69
20.431223251499723,22.79
20.300990346576484,22.07
14.684774071904123,15.63
14.723355893367915,15.66
13.961035585139312,11.735
13.915400525576725,12.53
12.331834680523796,16.64
12.355489781294658,12.04
14.725631823505182,17.395000000000003
13.236194026661362,13.03
15.53850707515475,16.86
13.236194026661362,17.665
15.425479006850656,12.43
14.91064508924211,12.3
13.412642501997942,12.76
13.41641529801277,17.174999999999997
13.457696236952172,12.285
15.33528413387877,17.82
13.236194026661362,12.58
15.893924031647671,11.905
13.236194026661362,17.205
13.41641529801277,13.645
14.76441308416469,12.225
13.236194026661362,13.625
13.41641529801277,12.175
13.157095388531742,8.629999999999999
13.157095388531742,10.985
9.330666913291282,8.280000000000001
9.184923189541793,8.77
7.784628382219652,9.25
6.724942328973467,8.075
6.070337067769516,6.220000000000001
5.633121926652802,2.57
4.941806058819129,2.55
6.480359245320107,4.285
19.930404299007158,25.47
16.863598602062027,8.59
11.239138525438955,8.49
11.40942595425136,8.97
15.165523315307043,15.73
12.918065004263278,9.43
15.444838874206386,16.88
15.409049572802669,17.5
19.197938374769873,20.78
20.252521503656023,24.61
20.47841366353356,22.43
13.155857658680715,9.21
13.80799963533063,14.825
13.836377061971694,15.92
14.35156416339358,16.44
12.304824511713939,9.976666666666668
14.679843206115882,9.456666666666663
10.51082285314746,9.976666666666668
9.94222538394762,10.38
9.480536627950345,10.54
9.43462132152627,9.016666666666667
9.625502781053287,9.306666666666668
9.265455323072192,10.08
9.43462132152627,9.51
9.43462132152627,9.686666666666666
8.614066639761305,9.603333333333332
9.273690438583698,9.173333333333334
9.44782944472403,10.103333333333332
9.199419336545823,9.76
9.341174366302742,10.263333333333334
9.341174366302742,6.983333333333333
9.341174366302742,8.966666666666667
7.423131425361638,9.313333333333333
6.60594488722747,6.06
6.662545878558185,2.64
5.518044051639151,0.0133333333333333
4.766152817248382,1.0799999999999998
15.2325972574887,14.355
16.953969902847863,24.67
17.57690942975841,17.75
17.347330176071907,17.39
18.754837031248794,16.2
18.028274798062473,14.54
16.26864973787702,22.85
14.620320099896041,11.725
16.210701128048903,14.545
14.590736532079116,13.54
15.430808461896284,16.605
13.970022782398278,12.64
15.101290324888778,16.015
13.236194026661362,12.12
15.121588005080657,16.85
13.236194026661362,12.755
15.504937033642232,17.195
13.236194026661362,11.945
15.611441967932029,15.85
13.236194026661362,12.94
14.662318746073014,11.75
13.236194026661362,16.845
13.26246828016584,12.615
15.18133711603184,16.634999999999998
13.236194026661362,12.295
15.457253500235879,16.689999999999998
13.236194026661362,12.57
15.469426736532185,16.015
13.236194026661362,16.259999999999998
15.146289465454926,13.515
14.767916548139636,14.445
13.431605329781107,15.585
10.690369892819366,8.55
10.055532761471289,8.945
8.885355461134536,8.445
7.223789768232824,6.19
6.268114338831158,9.02
4.918784036305475,0.295
5.505930308712236,4.565
5.109186035045464,7.925
18.94741988800431,25.26
13.368962712814843,7.66
11.860972517404084,9.35
10.673822539282183,7.98
13.813006919360607,17.94
13.6645284222217,14.96
13.280200071258502,9.16
17.49856650608431,16.16
17.524310248376253,22.7
18.814275756829105,19.14
20.306137743861903,19.3
18.189203854809346,8.175
14.13548142739039,11.975
13.09894448959134,11.94
14.404850970458847,12.55
14.061490491813469,17.415
13.467792152172413,12.22
15.33528413387877,17.055
13.236194026661362,11.865
15.437652243146962,12.185
13.236194026661362,17.035
13.365116761469954,11.93
15.283985597335954,16.23
13.236194026661362,12.185
15.338575329649776,16.535
13.236194026661362,16.03
15.338575329649776,12.085
14.491516163507791,17.16
13.464104049721266,17.28
15.480235573267963,12.155
14.91064508924211,15.765
13.305410416544117,17.335
14.146917526965535,11.68
14.987344787051947,14.48
13.496131791294639,13.595
13.41641529801277,12.5
13.259743869835857,8.89
13.012380858385423,9.845
8.751872354666943,5.415
8.307375446798305,8.655
5.667538161016092,8.025
4.74056937052595,4.345
4.531406067969518,6.055
5.269566692431575,7.27
12.331795883477756,26.49
7.70850998795909,9.2
8.648542758978019,0.01
10.404669034560001,6.82
11.46358227190036,16.53
17.9198039671154,14.94
10.748762562231203,12.89
16.594630861540036,16.77
16.183570487720353,11.31
18.073270133487632,18.6
18.599669356414697,21.43
20.23341733895093,17.45
20.451626344987474,23.28
15.47971625560452,16.73
14.986800382733891,15.465
14.294530216691061,16.150000000000002
13.959871800400606,13.12
12.880536254807751,9.646666666666668
13.335460201963718,9.46
10.534372696321954,10.443333333333332
9.384908346212521,9.59
9.446794274004523,9.023333333333332
9.43462132152627,9.24
9.265455323072192,10.103333333333332
9.171791209768049,9.396666666666668
9.341174366302742,8.966666666666667
9.341174366302742,11.146666666666668
8.781161558452585,9.516666666666666
10.104629099686136,9.776666666666666
9.461788055128668,8.816666666666666
9.341174366302742,9.12
8.781161558452585,8.783333333333333
9.00262521131397,7.933333333333334
7.716269857095336,9.003333333333332
6.813805181873008,8.033333333333333
6.860494300739656,7.146666666666667
5.493075547702233,7.18
5.243990713699592,4.19
4.703488027241342,0.1433333333333333
4.295244273121125,0.14
8.188991821616067,4.05
19.97212487931286,15.829999999999998
13.188399556807779,8.965
12.712471150625277,9.48
10.613050009356032,9.205
12.002352659882195,8.594999999999999
9.503740071539134,13.01
8.968090276371944,13.365
12.056804322743911,14.66
11.387859027242069,14.73
11.558044163919284,12.01
13.230427216969229,16.805
13.315055314039249,12.34
15.33528413387877,16.645000000000003
13.236194026661362,11.735
15.457253500235879,16.92
13.236194026661362,12.465
15.623615204228335,16.73
13.236194026661362,12.105
15.457253500235879,11.85
13.236194026661362,16.755000000000003
13.365116761469954,11.99
15.283985597335954,17.439999999999998
13.236194026661362,13.09
15.478704189280371,17.5
13.236194026661362,13.135
15.292741228198999,11.54
13.236194026661362,17.1
13.41641529801277,15.705
14.76441308416469,13.39
13.60558826892762,12.94
13.305410416544117,12.739999999999998
13.077620629601583,9.595
13.071593994319647,12.17
8.11284482122658,9.525
8.998463110399987,4.845
8.090605175266576,12.305
5.769001454417793,7.835
8.2166798473921,7.215
4.656663750667243,0.01
7.307709049815287,4.71
3.288692810856217,3.85
21.98159376105491,25.46
13.310233042294344,7.78
12.367857129493474,11.82
11.537883110403897,11.47
16.260637071222487,17.62
16.41123419432663,16.57
19.71920949094037,18.2
20.527155515503118,18.07
17.498141264482857,22.74
16.168103831457515,22.68
14.86848744898305,14.07
14.198140292811367,14.495
14.075659780691172,16.384999999999998
13.68633243431122,12.46
14.3117158269856,16.21
13.236194026661362,12.14
15.326047105571813,16.235
13.236194026661362,12.68
14.84217013126416,15.85
13.236194026661362,13.215
14.83610847085808,17.22
13.236194026661362,11.985
15.623615204228335,15.715
13.236194026661362,13.0
14.269686514586683,16.205
13.236194026661362,12.255
15.338575329649776,17.17
13.236194026661362,12.35
15.598913743854066,12.89
13.236194026661362,16.59
13.41641529801277,16.5
14.776930360047999,14.84
14.792120391816336,14.84
13.132454109407082,9.28
13.178829904159318,9.04
10.416641495226756,11.29
8.45105483688048,13.3
8.303319708323375,5.239999999999999
9.673557513949813,10.335
6.811847571820782,6.43
6.49327900194574,4.59
4.267696401053757,4.56
5.869149176162363,4.015
11.849237486051685,7.3
17.15593157721555,25.21
11.798004807833578,7.15
8.802307450659635,7.57
11.06014899826641,12.51
15.021664307812177,14.74
15.423470480664495,23.57
12.41137851951179,21.94
19.262316783656008,21.54
18.155730655651748,23.09
15.238996169416664,8.934999999999999
15.606152425919085,12.295
10.861526334805735,11.825
13.961982195934796,16.855
12.94076915329641,12.43
15.283985597335954,16.939999999999998
13.236194026661362,12.555
15.526333838858443,16.775
13.236194026661362,16.939999999999998
15.623615204228335,16.685
14.91064508924211,17.595
15.465981414384297,17.245
14.823707984770857,12.11
15.103896377361718,12.01
13.330701788294569,12.115
13.365116761469954,12.625
14.23340766837514,17.22
13.388930864794526,12.739999999999998
15.33528413387877,16.939999999999998
13.236194026661362,12.35
15.437652243146962,16.68
13.236194026661362,12.24
15.469426736532185,11.92
13.236194026661362,14.52
13.365116761469954,11.845
12.972247737967487,11.225
9.431400836661068,6.699999999999999
8.584710680912574,6.115
6.840226305462161,0.215
5.970638883545214,9.495
6.626998340205609,7.26
13.976449792758686,25.35
5.671906232794384,0.01
12.998163297486256,9.45
4.746758144654936,0.09
9.774099950838492,5.13
9.948432966767802,7.82
17.807452421445728,15.09
19.04507852454824,21.72
13.955379728802635,15.68
16.9205053553387,16.54
16.99952295664174,16.57
18.876138176719657,20.37
18.818368886783553,20.15
19.497833791455932,23.27
14.802040425112576,13.61
14.001728652475135,13.315
13.610604768329495,14.35
14.245422732146526,16.395
11.108178640283812,9.463333333333331
12.166020736486658,11.386666666666663
9.65630481235287,9.04
10.370792130881167,9.033333333333331
9.386069011898119,9.34
9.265455323072192,10.906666666666666
9.033673097158763,8.65
9.766305134460122,9.693333333333332
8.901775247278511,10.31
9.341174366302742,8.883333333333333
9.341174366302742,8.853333333333333
8.781161558452585,9.84
8.781161558452585,10.51
8.940226141935234,10.633333333333333
9.672858179236593,8.040000000000001
9.672858179236593,9.32
8.29721456648794,8.316666666666666
9.171791209768049,5.84
6.73421944443498,0.84
5.271775965842085,4.6433333333333335
5.322232975745376,0.01
13.934197016167898,15.075
7.048155417287295,4.42
10.858748656207336,9.625
5.820615430578929,0.22
8.095438718408943,7.455
7.095899588701232,5.87
21.376252403250948,26.46
18.21594005010991,25.2
17.94082870177744,25.12
20.503431500377566,25.47
18.36765375639176,12.51
21.407683159570187,16.655
13.519082341866419,12.235
14.419093637255928,12.545
11.71653618108471,10.233333333333334
11.641843253702294,9.156666666666666
9.679376595706225,9.356666666666667
9.215742347758443,9.57
9.480536627950345,10.81
9.43462132152627,9.54
9.446794274004523,9.523333333333332
9.555235010352197,10.57
9.341174366302742,8.983333333333333
9.672858179236593,9.16
9.110650862546017,9.796666666666669
9.172008367848663,9.93
9.171791209768049,9.596666666666666
9.341174366302742,8.043333333333333
9.341174366302742,9.176666666666668
7.896266342120432,3.2433333333333336
7.673601867831223,8.91
4.658296468460576,6.43
5.902530589444409,3.233333333333334
4.794980538529709,4.193333333333333
3.6675124401427763,0.14
13.489519293560077,13.31
9.160926560006898,2.88
15.253521837007128,8.844999999999999
7.7578994582104706,9.275
10.794149921406785,0.885
6.8302797108442,8.645
10.852522699800671,9.795
14.119968895588169,8.585
11.525844202666786,14.920000000000002
9.251293315280353,11.65
12.201938898813228,15.12
12.423671742549844,15.69
13.451817128721226,12.295
13.684449556305507,12.63
13.301433797877523,12.510000000000002
13.26246828016584,16.645
14.634475478077002,17.525
14.622983342201067,12.325
15.011548630728647,17.19
13.711793722371967,16.735
15.598913743854066,17.045
14.27429281846265,9.246666666666668
14.738648565176023,8.986666666666666
10.51082285314746,9.17
9.75868214567912,9.913333333333334
9.116233435550884,9.223333333333334
9.43462132152627,10.043333333333337
9.43462132152627,9.563333333333333
9.21607306630387,8.66
9.341174366302742,7.923333333333333
8.781161558452585,7.37
6.74637960892603,5.89
5.984949095323222,7.556666666666666
5.340426992355024,7.96
4.802614688214648,3.75
4.366170953280104,2.8966666666666665
3.515708015397673,1.5366666666666664
7.687310469695732,12.81
21.186335764790627,26.3
18.289462973641417,25.27
16.189521117798318,14.2
20.547003229771203,22.35
15.583662103063373,10.355
14.64027539264923,12.445
12.83152222301605,15.36
15.68414426983753,16.185
13.920137692168609,16.13
14.740810147290638,12.125
14.770423058561246,16.465
13.301433797877523,13.07
15.326047105571813,16.0
13.236194026661362,12.62
15.252794399744722,16.695
13.236194026661362,12.775
15.444725276157916,16.45
13.236194026661362,11.62
15.469426736532185,16.3
13.236194026661362,16.065
14.84217013126416,16.195
14.457489759421595,16.425
15.405313040682836,16.315
14.669519517074708,12.745
15.244641451351916,12.845
13.330701788294569,12.49
13.41641529801277,13.575
13.355047755648057,13.805
13.355047755648057,14.635
13.157095388531742,12.215
9.887372194822417,8.585
10.280494099754808,13.695
9.244174556895747,9.49
9.140758284629177,9.93
7.842600234691061,6.925
7.594823813669349,9.215
5.5993960873068955,4.71
5.867250905781011,8.635
5.763404472581579,0.12
7.216623125446668,4.315
6.330192819127371,0.01
23.13081354054187,25.57
13.813269512018822,23.01
11.924898383531783,17.69
18.841219227953875,17.46
18.838096738002154,20.57
16.633379158358206,21.28
17.871533817625178,11.845
16.536551152504224,13.125
14.118472158614189,12.135
13.807438379495968,11.805
14.443124680911863,17.14
13.639910002413963,12.955
15.283985597335954,16.545
13.236194026661362,13.125
15.271290539154506,17.585
13.236194026661362,12.115
15.466175965202408,11.97
13.236194026661362,12.805
13.365116761469954,12.57
13.457696236952172,17.990000000000002
13.457696236952172,12.005
15.202546355227113,17.005000000000003
13.236194026661362,12.57
15.437652243146962,17.56
13.236194026661362,12.43
15.393596060206786,16.11
13.236194026661362,12.775
15.079004674959656,14.985
13.236194026661362,12.985
13.41641529801277,11.205
13.236194026661362,11.24
11.332009065732219,13.01
10.12437367139872,9.18
10.185046786178683,11.32
8.288411862325113,9.145
8.361149506652591,11.05
6.630436690981361,8.975
6.962320093609875,0.075
6.672790852689355,3.18
4.0401888178773575,2.995
21.341100549526985,25.31
15.95506418858993,7.36
9.86822811456639,2.12
10.543187236939836,7.77
11.308772286291704,5.89
13.430056907754523,8.21
12.38468010680282,13.97
11.610603344094876,13.28
17.306493995958228,17.35
18.573248532037645,19.42
20.091280865177783,25.12
17.522624085236075,22.46
15.443590311148927,20.81
11.873969908972951,14.965
13.281169719449766,13.145
13.950937487877594,17.125
13.647835855228642,12.695
14.456471387123011,9.986666666666666
13.236194026661362,10.253333333333332
10.409271396323083,9.046666666666669
9.25980704621365,10.39
9.265455323072192,9.496666666666666
9.43462132152627,9.18
9.43462132152627,9.193333333333332
9.265455323072192,9.3
9.0960721665375,9.483333333333333
9.265238164991578,9.353333333333332
9.265238164991578,9.603333333333332
9.43462132152627,8.98
9.68951155024074,9.61
9.034714661234853,8.973333333333334
9.43462132152627,8.596666666666666
8.473660289308606,9.15
7.608084416797323,9.19
6.888605060492738,3.693333333333333
7.763060452669585,5.253333333333334
4.437921126698366,1.1133333333333333
5.550862758792788,5.640000000000001
8.799843694914797,2.7099999999999995
8.519418049105816,5.24
13.474769645954058,26.67
19.7146516920964,22.88
14.854576461430327,16.85
16.85400173510872,13.35
17.95759637050175,17.11
16.221310027437706,18.56
18.169259295787533,23.13
15.607026405281486,11.305
12.49401886910305,11.72
14.452309011802454,12.92
14.995819894159167,12.35
14.120816884671008,17.395
13.259743869835857,12.51
15.33528413387877,17.755
13.236194026661362,17.55
15.304914464495305,11.63
15.19083348183297,17.42
13.525830761290594,17.84
15.214221968465832,11.5
15.81962746618675,16.965
13.585598809134977,12.135
15.476144756232918,17.45
13.236194026661362,11.98
15.393596060206786,17.075000000000003
13.236194026661362,12.215
15.425479006850656,17.16
13.236194026661362,12.07
15.425479006850656,15.7
13.236194026661362,14.875
14.108425013879579,14.45
13.236194026661362,9.305
13.411023662221053,11.145
10.416641495226756,11.19
8.518256688396932,8.575
8.480846779380721,9.58
7.255093372215731,8.655000000000001
7.461653874463214,4.285
5.8536316538414965,9.265
4.385619112934716,4.36
4.528776432419891,3.055
4.600848024394031,7.824999999999999
15.274560084119598,26.37
15.266452042381628,7.65
10.78581322056719,18.29
10.18862267810691,7.48
16.393423619773227,15.16
15.303482161697941,15.6
17.877658335489798,11.24
17.13496561051706,13.48
17.5808335323639,16.4
20.470620278453634,21.48
19.907450874675444,23.02
18.66415478999157,23.03
14.367347335885375,12.4
14.087419031899232,12.545000000000002
14.173627092751682,16.465
14.354866682424904,13.705
14.743584853917023,15.760000000000002
13.236194026661362,12.055
14.241020912002217,16.185
13.236194026661362,13.125
14.84217013126416,16.755000000000003
13.236194026661362,13.315
15.526333838858443,17.125
13.236194026661362,12.74
15.598913743854066,16.465
13.236194026661362,12.395
15.444725276157916,16.745
13.236194026661362,13.005
15.53850707515475,17.325
13.236194026661362,12.135
15.53850707515475,17.34
13.236194026661362,13.945
15.598913743854066,13.325
13.236194026661362,15.685
13.39312258877514,8.835
13.291561093381986,8.885
9.263132725032971,8.58
8.75843486963207,8.504999999999999
6.073779108842896,5.109999999999999
5.963856268940888,8.22
4.574315625064775,4.86
5.492012785615338,7.71
4.30236626986439,9.695
6.148724176780238,1.3099999999999998
4.96298210300226,4.03
6.416547419514482,4.14
21.80850004591522,27.22
11.625964879127931,10.7
11.016014186400957,12.36
10.91932261719658,11.15
15.599951542161053,14.85
16.682763603104032,19.01
17.613790773244478,23.7
20.03953208640187,24.02
19.864314352345396,18.87
13.898793917720996,14.805
14.109789189432927,15.3
14.245845617212995,16.54
14.106313873251814,12.18
14.626198866081056,16.22
13.301433797877523,12.535
15.326047105571813,17.130000000000003
13.236194026661362,12.55
15.526333838858443,17.245
13.236194026661362,12.82
15.437652243146962,16.51
13.236194026661362,16.505
15.283463775450812,11.91
14.691216850329798,16.405
13.137212523076231,13.115
15.326047105571813,16.96
13.236194026661362,11.99
15.526333838858443,17.435000000000002
13.236194026661362,12.605
15.466175965202408,11.995
13.236194026661362,13.79
13.41641529801277,12.795000000000002
13.259743869835857,14.675
13.259743869835857,11.28
13.299876990253793,8.31
11.044512933863848,10.735
8.75222111370645,11.01
9.011082789915351,13.47
8.439262816661367,8.475
9.084155948958403,3.795
6.667916837633799,0.04
4.221280383000384,4.595
10.647268644408634,4.48
20.387489668477613,26.73
11.135708679062187,0.01
11.877053365606708,9.99
8.825735642667926,0.01
13.2019375640548,16.4
13.550175497714509,19.73
13.380543349754166,17.04
17.73869544495831,12.75
17.679318386074414,15.84
19.38647401673985,18.91
18.78738325265237,17.49
19.28056920897869,24.34
14.69548618231789,13.255
14.900989404251687,13.285
14.04233785852052,13.355
14.459941116205897,12.71
14.687295139471367,17.655
13.457696236952172,11.955
15.202546355227113,17.11
13.236194026661362,12.355
15.437652243146962,12.165
13.236194026661362,16.705000000000002
13.365116761469954,12.515
15.064557358423643,17.314999999999998
13.236194026661362,12.05
15.526333838858443,17.705
13.236194026661362,12.67
15.304914464495305,12.5
13.236194026661362,17.025
13.41641529801277,12.1
15.073361346111685,17.68
13.236194026661362,12.92
15.405769296503092,17.035
13.236194026661362,17.18
15.425479006850656,12.97
14.49372105737496,8.54
13.132454109407082,11.145
10.31271526798884,13.06
9.176917931045285,9.015
9.95702265334614,7.76
8.048761694854921,8.12
6.933390078533571,6.24
5.380710936135511,1.785
4.754780954400764,4.78
5.451165603690467,4.955
22.221305113682167,25.3
8.22201172438776,0.23
9.443399569079855,0.01
6.653589266024713,0.01
12.5760990600109,15.02
15.118230660605823,17.09
15.577068142249958,15.72
10.98843474093796,3.57
16.722369338092978,19.48
15.813514319948531,14.95
17.91704230493098,15.75
18.615236426243023,18.17
20.45524668600385,23.1
16.12267804856816,23.39
17.08501261399276,25.09
12.973521719243884,12.785
15.335308351187258,16.11
14.096211695245833,16.685
15.176671456441643,16.73
14.390017373275823,8.813333333333333
14.68531492948766,9.723333333333334
10.341656854693381,9.576666666666666
9.817124083948748,10.01
9.43462132152627,9.746666666666668
9.43462132152627,9.58
9.68951155024074,9.873333333333331
9.43462132152627,10.73
9.43462132152627,9.023333333333332
9.625502781053287,9.083333333333334
9.265455323072192,9.6
9.265455323072192,8.86
9.265238164991578,9.603333333333332
8.473660289308606,6.949999999999999
9.43462132152627,8.363333333333333
7.32576982035422,9.15
6.374542971603718,4.8500000000000005
5.714761599337065,5.246666666666667
4.86646905234661,3.2
4.578260427157664,3.18
8.878939660261537,17.869999999999997
11.006574547758566,3.96
9.167633952805836,8.68
4.398951088496682,3.44
7.905738670066409,9.03
4.949478165301036,7.895
11.687305998373127,12.135
9.555958341170161,9.075
10.195611348415701,10.845
10.086798435998313,10.185
11.367345631810128,11.345
9.635511081592215,12.395
9.340951204014129,12.59
13.012039430627954,12.255
10.92638691596492,16.72
15.124748154310513,16.31
15.064557358423643,16.35
14.70701226274275,12.565
14.68531492948766,16.49
13.335460201963718,12.425
15.444725276157916,16.174999999999997
13.236194026661362,13.475
15.265640436872497,16.12
13.236194026661362,12.57
15.297381502987347,16.335
13.236194026661362,12.12
15.326047105571813,16.26
13.236194026661362,16.634999999999998
15.265640436872497,12.52
14.695975263998948,11.995
13.406265248551904,16.89
13.365116761469954,13.38
15.283985597335954,13.77
13.236194026661362,13.05
13.41641529801277,13.115
13.457696236952172,16.375
13.071593994319647,11.685
12.524473158228071,8.780000000000001
9.471533957079004,7.765
8.46920208592861,8.25
7.087848415965948,9.1
6.178754209019359,10.96
4.340557527690129,3.655
6.732708944898217,4.72
4.442034868502097,0.01
12.150710361585855,3.815
13.102181345787177,25.02
14.005034844933201,4.61
11.388398623457148,9.63
10.967845320432895,17.94
12.893859825433957,13.74
15.84050054125666,22.34
20.62508718447345,23.1
20.4639050429258,19.27
18.33499952297742,21.64
13.207329821615302,11.08
14.529222782500812,14.59
13.746140969246552,13.27
14.778644614794464,16.665
13.363373598493443,17.055
14.776930360047999,12.295
14.91064508924211,17.355
13.330701788294569,13.11
15.598913743854066,16.295
13.236194026661362,12.925
15.283463775450812,16.345
13.236194026661362,12.18
15.444725276157916,17.17
13.236194026661362,11.71
15.598913743854066,16.86
13.236194026661362,11.845
15.425479006850656,17.240000000000002
13.236194026661362,12.3
15.526333838858443,16.55
13.236194026661362,12.205
15.271290539154506,11.92
13.236194026661362,12.17
13.365116761469954,13.175
14.242990819694947,12.995
13.259743869835857,11.865
9.84723907440448,9.555
9.477205013416466,11.425
8.094920433474227,6.615
9.011832347924406,3.285
6.325335893564663,7.975
4.09475774064043,4.045
6.661290582160242,9.975
4.407541518453546,2.72
5.7313479223574095,0.01
5.055829498741898,1.93
20.45508167618708,25.13
15.25731369530828,15.31
13.699676512529885,17.12
16.299456316800022,15.54
17.27160234853575,18.83
12.770748249000539,10.87
17.784392018301876,17.43
16.746898152915886,18.34
20.042697458324092,24.42
19.622551274407673,23.79
16.047837706362763,13.855
13.852481466220144,12.4
13.798337331321912,12.28
13.618092672045256,11.675
13.965718154382765,16.799999999999997
13.388930864794526,12.775
15.283985597335954,16.27
13.236194026661362,12.81
15.372145371162294,15.95
13.236194026661362,12.33
15.06118133638134,16.05
13.236194026661362,13.15
14.637711030773003,16.435
13.236194026661362,12.045
15.3843186074586,16.625
13.236194026661362,12.84
15.326047105571813,17.675
13.236194026661362,12.925
15.393596060206786,16.04
13.236194026661362,11.805
15.24026617566676,16.335
13.236194026661362,15.085
14.84217013126416,11.905
13.236194026661362,8.84
13.077620629601583,9.04
8.831766920230514,10.4
8.353769750166359,10.0
7.889041300157998,9.825
7.461653874463214,8.625
7.668759835064618,9.055
5.953474803604042,4.345
5.169748719018978,1.65
4.534845968651323,2.59
11.762804969533533,2.375
17.64574469746558,25.19
15.306231093717273,16.07
11.930102275346284,17.41
14.355093690120771,6.82
15.283582299817366,15.25
13.72422982220896,17.53
17.475550118621015,21.64
19.3156403862542,20.54
19.996184935158883,19.92
16.82070667969978,14.755
15.954456827114754,13.73
17.503973781874294,15.975
14.351962692349112,12.39
13.985453295583907,11.99
13.56852731074294,12.505
13.365116761469954,15.855
13.457696236952172,15.69
14.223164964713487,13.065
13.60558826892762,12.635
13.391169156943986,15.785
13.365116761469954,16.11
13.841334562323654,12.09
14.457489759421595,12.44
13.301433797877523,17.060000000000002
13.365116761469954,12.989999999999998
15.283985597335954,16.105
13.236194026661362,16.48
15.079004674959656,15.12
14.691216850329798,15.565
13.132454109407082,16.055
13.685100210230264,15.745
14.53700170072424,13.045
13.784446466582425,14.920000000000002
13.407401486104407,13.82
13.41641529801277,15.56
9.887372194822417,9.525
9.685498700483274,9.55
8.573128313166528,9.555
8.071691354220738,11.93
7.461653874463214,0.01
7.766787273146057,4.39
3.652493175696718,1.2799999999999998
12.617269361939549,5.03
13.736068891661866,25.04
14.025667216460482,5.83
10.959265347029019,8.44
10.300348046806695,0.08
11.93401268609161,9.74
14.372067663038445,17.49
17.682521033953442,19.12
15.411091432028005,15.6
21.38080373152848,16.0
20.077709790320764,18.04
19.502780400933304,23.41
19.722048866737204,25.09
19.348655598398285,13.095
14.22187614865177,13.995
14.159809164457446,14.48
14.983183881456707,12.56
14.169815234663762,18.035
13.299876990253793,12.075
15.936507361768673,17.445
13.236194026661362,12.665
15.304914464495305,12.33
13.236194026661362,17.435000000000002
13.41641529801277,12.29
15.202546355227113,11.92
13.236194026661362,17.515
13.365116761469954,12.28
15.283985597335954,12.925
13.236194026661362,16.875
13.41641529801277,12.255
15.073361346111685,17.1
13.236194026661362,12.245
15.598913743854066,16.845
13.236194026661362,12.71
15.437652243146962,11.575
13.236194026661362,13.34
13.365116761469954,15.285
12.972247737967487,14.345
13.029660074355599,10.095
9.887372194822417,9.635
9.412597932197249,8.695
7.921511020498616,9.475
6.9016410666130605,2.175
7.044494296906811,8.594999999999999
4.727667830349631,6.7
7.208007429342205,2.1
5.53354831614413,4.235
5.523721087049834,0.01
23.5654313673551,26.03
8.556846024149607,0.01
10.232416090479209,8.57
10.378581049021046,16.84
14.587245751166817,15.86
13.002721170298305,8.05
17.822295551505103,23.45
18.16466348800882,21.4
21.002879575108096,22.15
19.95291850322066,24.95
15.72390128311489,13.535
14.017931720937698,14.39
14.029092904738917,13.73
14.486855934124792,12.495
13.698296879376265,17.395
13.299876990253793,12.19
15.33528413387877,16.785
13.236194026661362,13.155
15.437652243146962,16.105
13.236194026661362,12.32
15.167686270671137,17.345
13.236194026661362,13.635000000000002
15.598913743854066,16.645
13.236194026661362,12.285
15.283463775450812,17.275
13.236194026661362,13.75
15.598913743854066,17.195
13.236194026661362,12.325
15.437652243146962,16.725
13.236194026661362,13.06
15.444725276157916,11.925
13.236194026661362,13.405
13.365116761469954,13.285
13.259743869835857,12.565
12.972247737967487,16.62
10.584997001185267,12.79
12.524473158228071,5.025
9.517338133834402,6.31
7.536572139182549,1.645
5.55122449659381,9.004999999999999
8.225106516571145,8.86
11.335664456122442,7.229999999999999
4.511618454088643,4.43
6.697076595819939,8.195
5.792517208515787,4.1
14.510828854026471,25.13
8.758672980162515,8.73
10.134328858046105,6.7
10.814739362777745,10.18
15.406202241591565,24.17
16.492255351367742,19.41
20.223783720359645,19.31
20.091053745673353,20.26
18.95688169031062,22.28
14.580194604898612,13.26
13.382253943167608,12.265
14.204117486657573,12.43
14.549080427528812,13.44
14.298051438464343,13.58
13.259743869835857,14.35
13.259743869835857,16.64
13.497829357370108,16.415
14.689993255576747,13.325
14.604279745858546,13.02
13.330701788294569,12.765
13.41641529801277,13.68
13.457696236952172,16.06
13.457696236952172,15.39
14.572471259556842,16.075
13.72552239416979,15.395
14.53700170072424,15.225
13.784446466582425,15.04
13.658007775939684,16.15
14.759586740434674,15.85
14.741460801215396,16.33
14.167052658283012,14.525000000000002
14.741460801215396,14.675
13.330701788294569,14.945
13.517624572570504,14.485
13.111727114737583,10.495
9.887372194822417,9.86
8.769228831354075,11.4
7.921511020498616,9.4
7.651771198571994,8.555
6.534932667915095,4.535
5.597266656251831,4.325
5.351933179100598,4.74
7.87374231545056,4.135
15.04379072471124,25.65
11.66596315704814,7.68
9.708978047149253,13.83
11.645230360632254,16.0
13.38654648672631,15.7
15.754253845134553,16.91
18.96057525329925,15.56
19.113930316348796,14.98
20.211632059955036,20.96
20.208756774636992,20.32
20.275094624216326,24.41
14.692601939651293,10.535
13.565565939788883,12.88
13.745592002968632,13.364999999999998
14.405419044365368,16.095
13.785341873576428,16.185
14.572471259556842,16.380000000000003
14.40603206697106,12.67
15.244641451351916,16.505
13.335460201963718,12.44
15.444725276157916,16.47
13.236194026661362,13.195
15.469426736532185,17.125
13.236194026661362,13.84
15.623615204228335,16.02
13.236194026661362,12.79
14.453735521972,12.54
13.236194026661362,16.375
13.365116761469954,17.015
14.725631823505182,13.885
14.712397410354622,11.965
13.346497200707521,13.1
13.41641529801277,12.945
13.259743869835857,12.56
13.259743869835857,14.01
13.457696236952172,14.79
13.259743869835857,11.635
9.517338133834402,8.745000000000001
9.471533957079004,7.19
8.009764586909627,8.65
6.211452060806736,0.205
5.198626917203029,3.95
3.73396020281052,3.765
23.60011467663842,26.77
12.44176385101329,0.19
11.62120869769837,16.07
9.992680606307193,11.91
9.045272507958131,3.09
14.544204142321732,22.55
13.418775176558016,9.86
17.885937381898504,19.56
16.313417785524468,17.21
19.73403535480173,18.1
19.311889345219512,19.4
19.994245877963213,22.06
18.169210653313193,8.66
14.33776634401953,13.87
13.567212780710236,13.85
14.610531593965932,15.68
13.997138681936017,15.94
13.836100722345444,13.17
14.471761929508078,16.869999999999997
13.407401486104407,13.24
15.598913743854066,15.93
13.236194026661362,13.22
15.24026617566676,16.875
13.236194026661362,13.61
15.598913743854066,16.615000000000002
13.236194026661362,12.375
15.444725276157916,16.845
13.236194026661362,12.21
15.598913743854066,16.965
13.236194026661362,13.505
15.623615204228335,16.515
13.236194026661362,13.47
15.457253500235879,16.66
13.236194026661362,12.825
15.444725276157916,13.364999999999998
13.236194026661362,11.25
13.41641529801277,13.395
11.332009065732219,14.14
12.972247737967487,8.145
10.94765442849023,9.195
8.009764586909627,7.07
7.415147428510386,7.255
5.759723654889794,9.33
4.779749458337682,2.605
4.714787158957225,4.43
4.170810621196321,7.31
19.611791966369672,25.36
11.341903927988191,7.7
9.444276272676001,0.01
10.656421570299079,3.26
14.319853787835482,17.5
17.642594160415523,15.39
10.510105318989542,9.09
15.203229207324183,12.66
18.280841575067264,21.68
19.40851950233414,18.23
20.040084192263524,13.54
20.732050022161236,21.11
18.987733958202625,24.12
16.531371955827247,25.03
14.880247093698879,14.675
14.761669156041973,14.83
14.031300426093814,13.19
13.786953811878764,12.99
13.401537065716036,12.69
13.299876990253793,13.77
13.457696236952172,13.94
13.457696236952172,13.97
13.299876990253793,14.325
14.325839764372647,13.71
13.549127893912924,12.825
13.549127893912924,13.96
13.299876990253793,13.81
13.299876990253793,12.795
13.299876990253793,12.77
13.299876990253793,13.86
13.259743869835857,12.79
13.259743869835857,13.825
13.259743869835857,13.435
13.299876990253793,12.68
13.457696236952172,15.065
13.457696236952172,12.055
13.299876990253793,9.045
12.972247737967487,12.955
9.860820932108103,13.295000000000002
9.180428693703924,8.34
10.029346254380137,6.640000000000001
7.605998677043266,8.344999999999999
6.697340847680206,5.010000000000001
4.953582850434134,9.415
4.346537200280547,8.405000000000001
6.05455386041912,9.665
5.495321652609679,8.78
7.973296193228824,4.73
6.010708123866409,4.08
8.786149493922114,6.52
10.163538004761788,4.420000000000001
16.03714956388215,25.29
14.692092973706217,25.14
13.813028086397598,20.58
19.640702405983497,22.03
18.31898566590918,21.73
13.887460539951153,14.135
13.862348644683822,14.21
13.789490082681423,16.615000000000002
13.928367747222186,11.45
14.44880187968967,17.655
13.236194026661362,16.490000000000002
15.466175965202408,12.855
14.971405242920659,16.005000000000003
13.305410416544117,12.755
14.945429398350582,16.825
13.236194026661362,12.92
15.598913743854066,16.445
13.236194026661362,12.05
15.3843186074586,16.3
13.236194026661362,11.86
15.326047105571813,17.275
13.236194026661362,12.085
15.526333838858443,16.025
13.236194026661362,12.605
15.06683143866335,17.04
13.236194026661362,16.6
15.526333838858443,15.735
14.691216850329798,14.01
13.52809950649474,13.77
13.402643072435257,10.765
13.077620629601583,10.33
9.116070006457392,12.0
8.694151375425374,5.965
9.011832347924406,8.805
6.811224680438133,8.615
5.850859462714854,9.635000000000002
4.175411276643971,1.31
5.581169629591941,0.01
5.070461364700921,2.23
21.48374809716685,27.01
11.547233174614803,0.2
11.2016042220253,3.01
11.433940677520937,15.84
12.699993049262503,8.18
17.67556506218362,20.32
13.811034810330721,12.36
19.60178922971818,20.69
20.096494054544838,23.7
20.797327141527298,19.45
19.98331308240755,25.0
14.464059638954133,9.6
14.502306000709073,14.725
13.318113363483,16.375
15.056848703840599,15.1
14.20050525837698,9.846666666666666
13.341025477335743,10.156666666666666
10.51082285314746,10.21
9.94222538394762,9.786666666666669
9.43462132152627,9.196666666666667
9.43462132152627,10.726666666666668
9.265455323072192,8.596666666666666
8.566195823579662,10.346666666666666
8.771370109269736,9.72
9.367867972065351,9.76
9.46203229022343,9.78
9.43462132152627,9.62
9.43462132152627,10.423333333333334
9.43462132152627,10.88
9.625502781053287,9.963333333333331
9.558749431592368,8.373333333333333
8.752958211394379,4.993333333333333
7.905794236758452,4.803333333333334
5.506782271470342,9.766666666666666
5.1357629894622265,5.919999999999999
6.080246747818977,0.8433333333333333
3.827334170500034,3.186666666666666
4.549334623854233,2.9433333333333334
16.59113488012003,10.26
18.46723677392422,25.87
16.9411769731789,22.64
16.642483703800554,20.58
17.92953522645651,19.52
17.846783734557885,19.6
14.468306349530268,12.465
14.233286352775107,12.88
13.65856636433767,11.685
14.85673480980363,15.735
14.290229933037935,17.04
13.87173929027388,12.035
15.220302633743524,16.285
13.411023662221053,13.65
15.444725276157916,16.58
13.236194026661362,12.995
15.285208266691042,16.865
13.236194026661362,13.07
15.598913743854066,17.21
13.236194026661362,12.295
15.598913743854066,16.94
13.236194026661362,12.12
15.598913743854066,17.165
13.236194026661362,13.14
15.53850707515475,16.665
13.236194026661362,12.015
15.271290539154506,13.56
13.236194026661362,12.545
13.41641529801277,12.035
13.259743869835857,10.235
13.259743869835857,14.954999999999998
10.097020708800416,8.535
13.259743869835857,10.61
8.51564759906027,11.22
8.603197250902895,8.07
8.053924284547088,7.73
6.6587991115060055,7.119999999999999
5.63125603299562,1.945
4.620273801286836,0.1
5.090461112464059,7.96
21.47660725169776,25.16
13.004815536806904,0.01
12.450536007019561,19.3
8.824856069982788,1.14
10.913260988081966,8.22
12.450224125396918,12.75
13.04485284578313,10.38
16.690937289141612,15.03
15.692595129798864,15.71
21.254978474299275,19.42
19.822453388217557,17.1
20.259968410591295,21.21
15.862872767413018,25.09
16.54638965455207,14.225
13.73535322876677,15.115
14.043105197399617,14.669999999999998
13.673022665627082,14.815
13.379854880743641,8.773333333333333
13.573326111647349,9.11
10.236283963059284,9.583333333333334
9.215742347758443,9.47
9.033673097158763,9.333333333333334
9.43462132152627,9.79
9.43462132152627,9.246666666666668
9.510994890108524,9.683333333333332
9.46203229022343,8.973333333333334
8.569045449014988,9.643333333333333
8.574575984037883,9.573333333333332
9.510994890108524,9.793333333333331
9.46203229022343,10.15
9.43462132152627,10.513333333333334
9.43462132152627,8.83
9.625502781053287,8.950000000000001
8.009032641164831,6.04
7.823766034560183,9.033333333333331
5.226868995550031,2.893333333333333
5.630046348138888,5.86
4.588968716511635,8.323333333333332
7.262180542797553,0.9166666666666666
3.9647189226837454,0.1066666666666666
3.7675234119297545,3.03
21.436194038218854,18.05
15.469433342974352,5.325
9.79114172998185,8.73
9.091025999982683,9.895
10.606879156315006,11.11
7.848569467414158,9.235
11.00347197210659,15.18
9.750004670274931,13.07
11.715896741859178,13.45
13.006165384436066,15.96
13.295666988185388,12.735
14.564395442463477,14.615
13.012380858385423,15.510000000000002
13.41641529801277,15.65
13.633632664591616,14.884999999999998
13.820110236852802,15.53
13.600595439551572,15.725
13.784446466582425,13.52
13.719206695366264,15.945
13.407401486104407,15.59
15.034650900609405,16.14
13.624618852683252,14.565
14.741460801215396,14.735
13.330701788294569,12.565
13.178829904159318,17.08
13.236194026661362,15.16
15.33528413387877,15.53
13.270220430747557,15.765
13.600040790635429,15.255
13.784446466582425,14.15
13.562678567973974,9.925
13.407401486104407,12.03
9.763191801956633,10.635000000000002
9.395344738523743,4.41
9.535469480188587,9.835
6.339349775911647,9.28
5.544153016668434,8.1
4.953989484347913,4.925
5.708181550189318,4.14
4.85828752539184,4.665
5.9043537731111675,0.195
15.397136971246022,25.56
8.07755747200472,7.22
9.923186086270896,9.09
11.996100827808977,16.03
12.56492042308926,9.93
15.663356727330127,13.3
14.862066614941492,19.3
19.291857349288957,21.26
19.29923637830774,24.21
21.67323221850016,22.36
12.638489609377952,10.025
12.892280990277836,12.535
13.133684103903471,13.12
14.755047080335313,16.54
14.258857646871085,16.09
14.56596804295092,15.715
14.502553162251594,16.055
13.51425750355425,14.095
14.53700170072424,13.335
13.402643072435257,15.16
13.41641529801277,16.725
13.35117552679661,12.755
14.767916548139636,16.22
13.303432460390345,12.71
15.444725276157916,14.29
13.236194026661362,13.415
13.41641529801277,16.39
13.299876990253793,16.21
14.689993255576747,15.14
14.604279745858546,16.955
13.330701788294569,12.845
14.895649268911546,12.68
13.335460201963718,14.92
13.41641529801277,13.515
13.299876990253793,9.510000000000002
13.012380858385423,9.4
9.697952030740474,8.855
8.269439643596678,6.69
6.732257910078368,5.785
5.569336978798574,8.35
4.708822778178703,4.53
4.673653236583725,7.130000000000001
4.142599254527166,3.94
8.800106119829735,25.25
5.358223326208023,0.01
13.741545876766427,12.6
9.637512152840548,8.23
9.16731170166951,9.57
14.352135157150316,15.01
14.024639043832515,15.46
13.854744687606063,9.25
16.84217321555504,18.73
17.485034542732333,17.85
18.570099146490865,16.25
19.836423215515325,19.72
20.611823181495268,23.03
18.41287630943756,24.5
14.381874506527032,12.21
14.116915163516554,15.725
13.78940549256119,16.475
14.398571110674691,12.06
13.788837527138256,17.015
13.301433797877523,11.455
15.598913743854066,17.025
13.236194026661362,12.125
15.611441967932029,16.63
13.236194026661362,17.21
15.457253500235879,13.32
14.91064508924211,17.085
13.406265248551904,12.375
15.598913743854066,16.865000000000002
13.236194026661362,12.43
15.598913743854066,17.634999999999998
13.236194026661362,16.38
15.405769296503092,12.48
14.971405242920659,17.095
13.245642368699734,13.01
15.059220724365769,13.62
13.236194026661362,12.285
13.41641529801277,11.58
13.259743869835857,12.35
10.742528621338847,9.335
9.395344738523743,8.205
7.8552702660040366,6.265000000000001
6.933390078533571,8.345
5.2852020282990955,0.345
4.955106407018573,4.755000000000001
5.088184556884241,0.01
20.96328112227783,26.83
7.156401151065621,0.02
14.161822405515348,16.39
9.0150991891338,7.97
12.473296019504515,15.57
14.489954145048427,12.36
14.866697832932,12.65
13.581762804663509,9.79
16.960171737166753,16.88
15.65994761765164,19.08
19.20198546288828,19.83
20.389751033335738,22.64
21.108635625755515,20.72
14.221521890679744,8.809999999999999
13.757464434997054,15.185
13.945991163229053,15.794999999999998
13.420796995366205,15.420000000000002
13.871495004333436,13.245
13.646086700698273,14.81
13.077620629601583,13.675
13.41641529801277,15.515
13.236194026661362,13.68
13.291561093381986,14.165
13.236194026661362,15.830000000000002
13.077620629601583,13.29
13.463624423185587,13.685
13.012380858385423,15.3
13.077620629601583,13.725
13.411864765983164,14.395
13.012380858385423,13.755
13.41641529801277,14.6
13.111727114737583,13.095
13.111727114737583,16.195
13.012380858385423,15.76
14.689993255576747,15.745
13.325587497468181,13.855
13.359108716620554,15.23
13.402643072435257,9.715
13.241000654216577,9.695
9.347358160981086,9.095
9.014037852073848,9.16
7.438834221010407,10.355
7.269451064475715,8.76
7.461653874463214,0.01
6.254579878209003,8.57
2.906088557562876,0.76
17.92568072397266,24.97
10.05749854439325,9.04
12.75888700879256,9.97
9.911167558242285,6.88
12.221185615647576,7.52
14.049285271621164,10.17
13.98197726646086,20.95
13.659866208436434,9.36
18.272549754161144,19.98
18.032691783496762,20.71
20.058526966472254,20.37
19.565328315891296,20.45
18.46264814024052,9.835
15.123951139467698,15.91
13.55166094536666,13.94
15.247808209764843,15.58
14.2316025027772,16.75
13.803703886482158,13.1
14.895649268911546,17.59
13.330701788294569,12.065
15.466175965202408,17.175
13.236194026661362,12.775
15.598913743854066,16.34
13.236194026661362,12.11
15.271290539154506,17.29
13.236194026661362,12.07
15.53850707515475,17.5
13.236194026661362,12.29
15.292741228198999,17.075000000000003
13.236194026661362,13.075
15.425479006850656,17.145
13.236194026661362,12.44
15.437652243146962,11.755
13.236194026661362,17.72
13.365116761469954,13.605
15.202546355227113,13.54
13.236194026661362,8.530000000000001
13.388062866905827,11.73
8.851118952480808,11.265
9.322723867933114,13.43
8.165142192175912,6.404999999999999
9.022418874026704,0.48
7.379894939073313,7.285
4.469334338189993,4.17
10.164594439239178,4.26
9.051650477830831,25.87
9.971816376449702,1.83
8.415160771428242,7.63
9.353038791993695,8.11
12.034946289962264,12.99
17.115007112600523,19.74
13.004741132317637,14.88
17.366773662233648,12.8
19.137442208395864,21.57
19.149501512702546,18.09
20.357872013714612,24.05
18.338802885132136,8.905000000000001
16.854277400853093,9.795000000000002
13.747511919260536,12.855
14.185767148531816,15.349999999999998
11.393686499878154,15.505
13.915430829968903,13.84
13.518651164456369,13.435
13.20915380721692,12.47
13.41641529801277,13.16
13.259743869835857,12.595
13.457696236952172,12.775
13.457696236952172,13.615
13.457696236952172,12.98
13.457696236952172,14.245
13.457696236952172,13.895
13.299876990253793,13.81
13.299876990253793,11.745
13.549127893912924,13.775
13.259743869835857,15.2
13.259743869835857,15.995
13.069793194773535,16.575000000000003
14.56525064836746,14.72
14.741460801215396,13.105
13.330701788294569,16.080000000000002
13.301433797877523,13.4
14.48553415508559,8.355
13.012380858385423,12.46
8.46920208592861,8.754999999999999
9.322723867933114,9.275
6.9016410666130605,8.92
7.668759835064618,9.24
6.862257140279333,8.395
6.391743171727877,5.395
5.117734646802455,3.57
4.707712577961159,1.335
8.507074890512131,4.88
18.806989202285788,25.82
12.17432012742053,0.18
12.572256526718753,15.0
10.316780056516293,9.2
11.011402063305828,12.21
16.40244916322435,19.3
18.331886260604996,20.09
20.343013534061953,20.43
21.22132142675261,23.0
19.267683171953117,22.5
15.664240849242013,11.695
11.985547657137923,13.239999999999998
13.993621451244346,12.395
14.843982067738027,12.85
13.923773477127838,16.71
13.457696236952172,11.96
15.11585589496646,17.245
13.236194026661362,12.385000000000002
15.598913743854066,16.735
13.236194026661362,12.8
15.271290539154506,16.945
13.236194026661362,12.61
15.53850707515475,17.435000000000002
13.236194026661362,11.805
15.466175965202408,17.12
13.236194026661362,11.805
15.437652243146962,17.235
13.236194026661362,12.27
15.425479006850656,16.115000000000002
13.236194026661362,12.68
15.271290539154506,16.0
13.236194026661362,15.71
15.06118133638134,12.255
13.60558826892762,11.615
13.301433797877523,12.975
13.037487509183647,11.239999999999998
10.584997001185267,10.305
8.190512953109755,7.459999999999999
7.779215846269422,5.949999999999999
6.3298275054865965,0.045
4.779749458337682,6.845
4.062168665865514,3.275
19.675414692229698,25.3
8.134302931463008,0.01
12.363383661792131,16.44
5.334849998702,0.01
7.88699365155298,0.01
11.308245295261408,0.22
18.439928604555284,22.23
16.282938778997522,15.18
9.921571176388722,8.58
16.254046301510503,18.69
18.28796601913665,20.99
19.377901770743783,22.12
19.753463067368852,19.26
18.90565740160584,22.03
14.551584462471466,12.565
14.333706825638899,13.625
14.034189994923292,12.45
14.924277612861879,13.005
13.479632125882196,12.75
13.457696236952172,16.69
13.457696236952172,12.365
15.11585589496646,17.365000000000002
13.236194026661362,13.325
15.623615204228335,15.82
13.236194026661362,12.015
14.399166514269284,15.945
13.236194026661362,12.12
14.637711030773003,16.380000000000003
13.196060906243426,12.81
14.84217013126416,16.795
13.236194026661362,12.78
15.611441967932029,15.985
13.236194026661362,16.75
15.24026617566676,17.105
14.982586373382798,17.33
14.924611526257396,15.795
14.823707984770857,11.95
13.785222255893178,13.55
13.407401486104407,11.1
10.690369892819366,8.685
8.217951694490521,8.62
7.866728419729609,5.705
6.585907751005674,0.91
4.708822778178703,0.01
5.367805267718959,5.210000000000001
17.739653715145057,26.59
17.817939749544493,17.34
15.462389434432644,17.63
17.215760300087673,17.48
13.46114385677659,13.09
14.145491964187103,15.47
14.233415646655974,7.74
15.653641515381622,16.03
15.328581315290434,14.55
19.090266910653636,16.28
17.47882316690767,7.79
20.179244735538006,19.06
16.895843393661625,19.94
20.40341771861821,23.72
19.56334483495868,21.89
15.980333153966917,25.18
13.963099752746723,13.25
15.159307763862342,13.84
14.017791438377065,12.71
14.867111270694215,16.615
13.65816375895833,14.785
14.776930360047999,15.29
13.236194026661362,16.8
13.479127724034765,16.064999999999998
14.895649268911546,15.77
14.465060416583551,12.445
13.784446466582425,12.925
13.301433797877523,13.52
13.365116761469954,13.82
13.457696236952172,12.67
13.497829357370108,14.41
13.259743869835857,13.48
13.299876990253793,13.495
13.299876990253793,13.03
13.497829357370108,13.84
13.457696236952172,12.62
13.497829357370108,15.135
13.259743869835857,13.405
13.299876990253793,13.79
13.236194026661362,10.67
9.952611966038576,10.905
9.978993111433985,9.2
9.245135653917618,6.205
7.64594018161181,3.865
5.890543961130582,9.585
4.708822778178703,4.63
5.817170042594895,3.995
4.11680202508506,9.58
10.751492210532627,26.5
11.019347380536113,0.01
9.197362420072011,3.2
11.302213088551216,16.02
11.934309981951744,16.02
17.08270865123693,16.98
13.63064816596132,10.98
16.69474530426351,17.31
17.46677351164433,17.29
20.309405655495933,24.66
19.36206005433316,15.79
17.298854137099674,23.47
13.973316979592088,13.985
15.538606372916716,13.035
14.363706712401157,12.43
15.304286453831422,18.09
13.834505843811685,11.97
15.202546355227113,17.34
13.236194026661362,12.055
15.437652243146962,12.725
13.236194026661362,16.75
13.41641529801277,13.07
15.283985597335954,16.5
13.236194026661362,12.105
15.3843186074586,17.384999999999998
13.236194026661362,16.84
15.598913743854066,12.025
15.19083348183297,17.490000000000002
13.305410416544117,12.46
15.34340697758126,16.24
13.236194026661362,12.285
15.271290539154506,17.655
13.236194026661362,12.56
15.405769296503092,11.615
13.236194026661362,11.755
13.41641529801277,13.93
12.15145473185452,9.32
10.004770694558061,11.115
8.094920433474227,6.779999999999999
8.060256926962936,8.805
6.325335893564663,8.895
6.096225469332157,10.36
5.905860655437591,4.51
6.327826707313692,8.93
4.424104434506523,4.96
6.377158784517258,0.765
5.338028349770023,3.825
15.553731099920727,26.58
16.201639681739625,7.99
12.620014970526501,8.97
11.461187022463172,17.0
16.75176748197539,19.3
16.378274720492602,13.57
18.5077687784446,17.11
21.93672816814831,22.56
19.59144508266168,22.94
20.325993117094967,22.24
13.230143094426024,12.135
14.793727233209296,15.45
13.834557049490462,12.44
14.689581507394099,17.715
13.479632125882196,9.566666666666668
15.393596060206786,11.31
10.405449961513362,9.103333333333332
11.15333964861138,9.246666666666668
9.644053729890055,11.146666666666668
9.43462132152627,8.726666666666667
9.878565194454065,9.69
8.99522220250204,9.55
9.43462132152627,10.33
9.265238164991578,8.89
9.43462132152627,9.82
8.874608513676113,9.566666666666666
9.43462132152627,10.476666666666668
9.43462132152627,9.296666666666669
9.446794274004523,8.16
9.43462132152627,8.316666666666668
7.664292535949246,6.096666666666667
6.3897436321512995,7.63
4.835351091635004,4.1433333333333335
4.748798048985857,4.903333333333333
4.169239445927453,2.9066666666666667
4.1149479238580495,0.0633333333333333
9.091702163187273,12.325
17.101228483707562,27.06
19.616958378735593,24.75
17.309164369511112,18.05
18.2808712748614,15.44
17.23496740240282,15.85
15.165354229830895,9.47
15.074901575338675,14.489999999999998
13.777192205362573,16.47
14.553891370306804,16.195
14.725631823505182,16.415
14.758704493493768,12.215
15.365077872897759,17.05
13.335460201963718,12.11
15.598913743854066,17.095
13.236194026661362,12.53
15.437652243146962,11.905
13.236194026661362,13.035
13.365116761469954,17.435000000000002
13.457696236952172,17.119999999999997
15.202546355227113,12.73
15.266396942090305,16.825
13.132454109407082,13.23
15.476144756232918,17.935000000000002
13.236194026661362,11.77
15.994778863655462,17.565
13.236194026661362,12.305
15.466175965202408,12.31
13.236194026661362,11.46
13.41641529801277,12.33
13.388930864794526,14.965
13.388930864794526,16.59
9.84723907440448,8.335
12.524473158228071,6.885
8.40396231471245,2.545
7.162011060911699,3.735
5.322898314369217,9.015
12.624206743486448,8.89
6.4356350828381625,2.61
4.123119817621957,0.615
4.824641119869814,9.125
22.886546028778948,26.74
17.189039027367773,18.31
11.50928928606748,0.01
16.077093045656436,8.29
12.113508773565691,10.5
14.332950148493412,14.06
15.020858855589404,19.7
17.44475682284957,15.8
18.33103221557225,18.21
21.82614026677024,23.32
19.07994106442448,25.4
17.601191691435744,23.37
14.722807541502867,14.24
14.5892451693236,15.95
14.316907957359776,14.1
13.84107736304101,13.435
13.647654147135928,8.89
13.077620629601583,8.979999999999999
10.210878897413934,9.646666666666668
9.244716909664465,9.493333333333334
9.061084065855923,9.426666666666668
9.43462132152627,9.4
8.569045449014988,9.17
9.303971948422733,10.203333333333331
9.341828891654446,9.62
9.46203229022343,9.233333333333333
9.43462132152627,9.07
9.43462132152627,9.23
9.0960721665375,8.996666666666668
9.033673097158763,8.88
8.803149593402038,7.763333333333333
8.55003385789086,7.686666666666666
6.831615419417167,5.84
5.971198572928134,3.123333333333333
5.809302960945221,5.990000000000001
4.255637168133818,4.23
9.055615575831917,19.4
6.57425462969057,4.895
7.405190242194375,0.01
5.657151875751688,1.04
3.3345915123988323,0.135
19.490745755378835,25.21
18.545532095909447,25.06
13.556893453420505,16.82
18.86565862143213,18.37
20.05393625727273,22.06
16.433438522471445,24.7
14.380000607752082,12.62
13.620433982481114,11.905
13.770707282735986,12.61
14.603017748878601,17.0
13.322809489289114,9.05
15.283985597335954,9.256666666666666
10.236283963059284,9.723333333333334
9.94222538394762,10.42
9.43462132152627,9.213333333333331
9.446794274004523,9.03
9.43462132152627,9.553333333333333
9.265455323072192,9.653333333333334
9.265238164991578,10.356666666666667
9.43462132152627,9.926666666666668
9.43462132152627,10.52
9.43462132152627,9.903333333333334
9.446794274004523,9.62
9.43462132152627,9.283333333333331
9.43462132152627,9.72
9.43462132152627,8.746666666666668
8.569045449014988,9.453333333333331
7.654382878025491,3.606666666666667
7.421433658962161,3.153333333333333
4.294794208655193,4.696666666666666
5.638808829364183,5.509999999999999
11.07960154096504,14.86
5.761603680055581,0.14
9.586315204383949,4.46
3.306963705103209,4.875
18.208421507033794,25.11
13.286789445118519,25.17
15.443552242481545,20.08
20.142159585120062,21.54
18.630394032592292,23.37
14.398429300817439,13.864999999999998
14.131393118408557,12.31
13.888228459047658,13.080000000000002
13.736975166551558,16.02
13.834505843811685,9.896666666666668
14.521172723014026,9.82
10.435731471352398,10.063333333333333
10.031815285574025,10.266666666666667
9.43462132152627,9.703333333333331
9.49392971331364,10.453333333333331
9.49392971331364,10.496666666666668
9.880393009767756,9.066666666666668
9.684811172840657,9.303333333333333
9.324763714859563,9.1
9.49392971331364,10.123333333333331
8.923815490492055,9.273333333333332
9.68951155024074,8.77
9.68951155024074,9.093333333333334
9.129498742390583,8.07
9.119397327419154,6.75
7.023674219841162,9.4
5.8832033472629615,8.493333333333334
6.099327911518964,5.816666666666666
4.765133286679226,0.0766666666666666
3.8816208973204027,0.08
3.2705646707191622,3.293333333333333
15.573135202282483,9.91
16.500031440923216,26.25
17.706803815596643,23.02
17.64762354054156,17.2
18.543064921991032,24.9
17.42467981511798,23.58
15.648174897909886,11.9
13.23091087401502,13.945
14.120731294822543,13.94
14.921558099417942,16.055
13.859798258460302,9.66
14.48553415508559,10.02
10.405449961513362,9.573333333333332
9.94222538394762,9.76
9.43462132152627,9.616666666666667
9.68951155024074,9.633333333333333
9.68951155024074,9.403333333333334
9.68951155024074,9.673333333333334
9.43462132152627,10.03
9.43462132152627,9.49
9.43462132152627,9.573333333333332
9.43462132152627,9.503333333333332
9.43462132152627,9.95
9.43462132152627,8.786666666666667
9.43462132152627,10.82
8.874608513676113,9.163333333333334
9.625502781053287,8.423333333333334
8.39987945056091,9.4
7.878383268061293,5.786666666666668
7.189868591129346,6.243333333333333
5.252079263572183,4.443333333333333
4.683284111447895,3.213333333333333
3.879142055994179,0.01
5.584474682457679,3.51
14.9753136607914,13.989999999999998
13.736702176544782,4.275
16.362695596952104,15.75
8.70538033889198,8.465
9.315737940921126,5.07
8.166459077558386,12.52
10.860088486009117,10.59
11.540898302132415,12.94
10.912986666787551,9.095
11.268291495664261,10.065
8.671558799495408,16.375
9.546177458012375,13.02
14.429127123193263,17.01
13.528394190325004,12.985
15.526333838858443,16.565
13.236194026661362,12.65
15.444725276157916,17.025
13.236194026661362,12.49
15.598913743854066,16.985
13.236194026661362,13.52
15.53850707515475,17.380000000000003
13.236194026661362,12.865
15.53850707515475,16.265
13.236194026661362,13.6
15.444725276157916,16.385
13.236194026661362,12.595
15.357788171686664,17.520000000000003
13.236194026661362,13.25
15.466175965202408,17.33
13.236194026661362,16.2
15.437652243146962,14.805
14.27429281846265,12.38
13.132454109407082,12.985
13.077620629601583,12.165
10.004770694558061,11.105
9.431400836661068,10.245
8.217951694490521,8.61
7.63286950126815,1.555
6.8341560601868965,10.025
4.598277574685995,0.085
7.231965508203701,2.595
5.416976927888319,2.325
22.598404491632227,25.85
16.290698178104563,8.95
13.01893946387081,17.02
12.989157592988295,18.28
11.911924879612958,9.56
13.1308753085488,9.38
15.795279053550741,24.89
16.434901788413946,22.47
19.816452571503284,20.08
22.03669330381484,25.56
18.35063582023017,21.125
12.26951588308464,0.01
11.822436525554007,0.01
2.5103469965920997,0.01
2.4714142241791395,0.01
2.580426393828702,0.01
1.9158013735560937,0.31
2.213435748266307,0.01
4.735120721312116,0.01
1.311022871352225,0.01
1.0532246145385233,0.31
3.092931293480825,0.02
4.6594562426997035,0.15
1.2674852339888425,0.01
0.8380422444495403,0.02
0.9986714665646041,0.01
0.4954281141745398,0.01
3.6066425013929853,0.11
0.5895404054499602,0.01
1.9829808757344654,0.26
2.013197043927087,0.01
3.4861946735028115,0.01
1.4482318186622778,0.01
0.8259300734160531,0.28
1.894055907518183,0.01
3.9801160440268712,0.01
1.1867819341820103,0.01
0.22546444699484836,0.01
2.3565371170367344,0.26
2.154081856629516,0.01
4.875533075901651,0.1
1.0243744385929636,0.01
0.1742568038087157,0.28
2.2039818444701154,0.01
3.6835708032219845,0.02
0.41980904942302977,0.13
0.9365517846261824,0.02
1.0037808000783712,0.22
0.22136105162506223,0.01
0.8733783194034901,0.01
-0.16073342238512364,0.01
1.0089830844462133,0.26
3.8449229844664075,22.63
4.875533075901651,25.55
18.811378061670027,25.71
23.082012267622346,25.5
22.6178442039068,25.33
23.038553333151583,25.24
23.558517265937258,24.88
24.254075621760304,25.34
22.365464287963167,25.67
23.558517265937258,25.31
23.061662418247828,25.54
23.558517265937258,25.29
24.254075621760304,24.88
23.974923589665604,25.39
22.020560637337205,25.39
23.558517265937258,25.32
23.3998016553884,25.54
23.805712027867777,25.22
23.685275606321934,24.97
23.974923589665604,25.04
22.40679719850006,24.97
23.11688436867027,24.45
22.450889717810952,21.22
16.246075746255435,14.79
15.513009046274098,21.18
13.135469866442019,10.0
15.291639651625223,10.2
12.148226025227002,2.44
13.898858056097783,8.77
8.498801106174195,6.68
5.956957482866328,0.25
11.523770493489927,14.14
10.659759573933634,10.11
12.93638689373704,13.54
10.867183736778358,8.79
14.054681280792643,8.5
15.906775885354211,17.76
14.262451966815437,15.16
15.288371976525417,17.39
18.145961045172065,16.63
20.59364977640539,19.77
19.447524250627794,21.08
14.260250764471104,0.33
13.57007238618487,0.01
3.559462682891917,0.01
2.3579999163522793,0.01
2.3863033557024913,0.32
2.4884704152371757,0.01
5.579572947770166,0.02
3.800786564879646,0.01
2.150585389932626,0.01
2.575695579844093,0.15
0.9085241883302146,0.01
1.1660478733972324,0.01
1.9761812119196378,0.26
0.6017394615815183,0.01
5.101562159085098,0.01
1.5493033544256472,0.01
0.5395134066263624,0.29
4.352956043512602,24.62
6.454583491350622,25.04
19.067192932803792,25.02
23.56515631094697,25.3
22.038118407971126,25.23
20.536031738881814,25.44
20.950239773085762,24.96
20.6192588792052,25.12
18.64392881407093,17.235
19.27620577472154,13.425
14.867338557758616,16.645
12.879848181793957,12.81
12.678914442803444,9.59
11.285712589886234,9.156666666666666
9.926848257953372,9.343333333333334
8.646862337474968,9.423333333333334
8.246321574949913,9.18
7.883207333452878,9.19
7.502793387926586,9.08
7.502793387926586,0.02
7.271228320093771,0.01
-0.5897046811944714,0.01
2.4670630954263384,0.01
1.4243054002657698,0.01
1.1367888902168697,0.02
0.7376808363500698,0.12
0.9945254696145933,0.22
1.4316024291320792,0.01
0.5157152556574375,0.01
-0.0023726361616251135,0.01
0.5545200974977069,0.23
1.9312253981509697,0.01
2.9156059206997753,0.11
-0.006082105457406256,0.18
0.0009561616209819157,0.01
1.457319401961873,0.01
-0.18215523120003915,0.01
0.3747375024592928,0.01
1.7514428031125553,0.24
0.47599258753723983,0.01
2.9156059206997753,0.02
0.2109551952087672,0.01
-0.35346914468193313,0.01
2.5114011473392077,0.01
0.36498198556615635,0.09
0.2880036235166066,0.35
2.8127728485463983,0.01
7.87950073644283,25.19
3.3722957092687014,25.28
18.44350404512458,24.73
22.568060829332314,25.08
21.58900497574008,25.12
21.679890649942777,12.83
22.242291385491136,14.365
14.169278930706591,10.795
14.069144017423097,12.14
9.292781312319867,12.68
12.938017326758539,12.475
11.883723688560933,12.67
12.817295882070189,12.76
12.569773154759572,12.69
12.569773154759572,12.595
12.23879226087901,12.44
12.23879226087901,24.13
12.997311190466057,23.08
13.78520638423049,24.32
12.806064472731618,22.21
17.03537276448496,7.300000000000001
16.011225933573133,10.14
8.56830957545539,0.09
8.014195624784866,7.115
3.298057421278414,4.635
8.829820484490668,4.535
8.204959653774266,4.035
8.001603089909802,4.215
13.858170005187619,0.01
15.726492268327863,0.01
4.520437426085394,0.01
3.4729526865115616,0.01
3.095678545636427,25.03
0.6557751825756539,25.47
15.575187654385594,25.13
20.78719533745625,25.1
22.709563634277067,25.39
19.213378689731268,12.96
20.7952385289857,17.785
13.410591760762818,15.075
14.667253784132365,16.205
12.199932151389122,9.623333333333331
14.54321312232791,9.74
10.51082285314746,9.589999999999998
10.00153377573499,9.653333333333334
9.49392971331364,9.293333333333337
9.49392971331364,10.266666666666666
9.49392971331364,8.373333333333333
9.49392971331364,8.11
8.455943705645037,6.41
6.775283233969307,8.07
5.8832033472629615,5.896666666666667
4.8103825876980855,4.77
4.240166126086432,5.333333333333333
4.359586047998588,3.536666666666666
5.645490989778486,14.395
8.004478952530974,4.325
8.661812555422786,9.195
4.825188766070839,0.855
10.696055560714859,9.38
7.375984299807357,8.815
18.803275626795728,9.495
10.104620181956458,13.260000000000002
9.986740434604693,11.420000000000002
11.352105578332,10.575
11.947321620492435,13.245
10.476612140712202,13.08
13.786316870608946,13.97
13.259743869835857,13.015
13.497829357370108,16.36
13.457696236952172,12.655
14.776930360047999,15.53
13.236194026661362,13.62
13.785809540279029,16.315
13.236194026661362,13.364999999999998
15.382489632060933,15.555
13.236194026661362,13.58
14.18274941011543,16.38
13.236194026661362,13.43
15.357788171686664,15.4
13.236194026661362,13.315
14.18274941011543,14.685
13.236194026661362,16.655
13.41641529801277,15.4
14.735888806566262,14.725
13.547919154873414,12.22
13.402643072435257,14.04
13.301433797877523,12.995
13.299876990253793,10.875
9.84723907440448,7.195
8.626933657124885,8.155000000000001
7.018330641039534,12.82
6.122718003500725,0.01
8.902234484599004,0.12
3.0822484202041576,2.285
19.74722773819845,0.11
20.806878895797997,25.24
17.830847958741185,22.9
12.067366752384869,8.92
14.580515621664034,17.54
7.430207661388528,9.42
14.045718556549682,9.95
11.014266942882783,14.65
11.107020681773678,17.29
10.854209958367495,13.58
13.04196077645405,16.1
15.369381483436953,16.2
17.39741890539555,25.28
14.585416450779514,24.68
15.203554251113287,24.83
17.098415935203892,18.1
17.617899806497032,14.5
15.758055329879483,14.97
13.160036574384817,14.135
11.559010360454034,15.783333333333331
11.24246471326766,9.96
11.68150152683833,9.226666666666668
9.663502829969808,10.25
9.472063122811615,9.340000000000002
9.49392971331364,10.03
9.49392971331364,9.803333333333333
9.49392971331364,10.186666666666667
9.68951155024074,8.953333333333333
9.68951155024074,10.183333333333334
8.874608513676113,9.033333333333331
9.43462132152627,7.533333333333334
9.265455323072192,7.683333333333334
6.768783991126691,1.8333333333333333
5.9083671446376576,6.396666666666667
4.436505857549555,6.98
8.23182715030326,11.055
4.957752213777576,4.81
5.33282893390994,5.115
4.298735410683911,4.88
7.4980011551678025,25.58
11.231716534464281,23.28
11.372489939127155,15.28
14.851563013297458,23.5
14.385671125060107,20.46
17.004539798716113,23.85
15.374331963371844,20.42
15.851008668091204,13.845
15.275553217345895,13.92
13.303863349408442,13.915
11.400642570567939,12.943333333333332
11.520511795960024,9.713333333333331
11.424943701222418,9.46
8.409928103565342,9.54
8.159666411145581,9.593333333333334
7.841342542915356,9.35
7.841342542915356,9.41
7.841342542915356,9.32
7.841342542915356,9.336666666666666
7.841342542915356,9.536666666666669
7.841342542915356,9.396666666666668
7.841342542915356,9.386666666666668
7.841342542915356,9.503333333333332
7.841342542915356,9.606666666666667
7.841342542915356,9.413333333333334
7.841342542915356,7.543333333333333
7.841342542915356,8.9
6.27023262958272,6.516666666666667
6.304758650692525,3.266666666666666
4.88657425871593,4.256666666666667
4.104589578320549,3.4933333333333327
8.786766556405091,18.96
8.155287699444829,3.305
7.17226218130767,2.765
4.00559128849747,13.260000000000002
11.300357291048888,1.8
16.726937711166016,9.515
9.536037529055378,12.305
12.939507317188838,10.21
13.56531519428507,9.185
10.829448911929099,9.995
10.961913407364985,14.98
9.21517174361015,16.725
11.964345829963428,14.495
15.037666988871875,14.46
13.673838793420888,16.07
13.396876262743124,0.01
14.249430272102844,15.89
0.10841599480947017,0.01
10.532300508603663,0.24
2.1369789406398674,0.63
8.297079922268345,0.26
6.282326107069577,25.16
4.8738660495080905,24.19
16.249909916795616,25.23
20.53987965882314,24.9
22.862844334946487,25.23
16.020005715324107,12.495
20.099680173162653,0.01
13.611759408905963,0.01
1.9289897042638044,0.25
3.604381673003666,0.32
4.470892857690219,0.01
3.4446838171445533,0.1
-0.5157020424450214,0.01
0.7897875256383449,0.02
2.1483159073117384,0.35
0.2695004278851266,0.01
6.987070664185535,0.2
2.769422680956569,25.14
0.7871520696770951,25.06
15.123921791963243,25.1
22.34398448529803,0.01
21.935312740757787,0.16
3.634164017549063,0.01
3.6032891028004554,0.01
3.444423303222046,6.45
-0.02571211187061409,0.01
5.819784027995747,24.5
3.939435958833529,26.12
14.69084057382365,23.35
18.720494933391805,24.94
19.76001619805539,15.94
16.042016680457515,13.925
14.63182146604881,14.28
12.951789465934645,13.985
11.228019172994744,16.105
11.357446213402907,14.765
12.061433885738948,15.515
11.305746679245008,16.0
12.278684060070017,15.215
14.471761929508078,15.135000000000002
13.658007775939684,14.68
13.600595439551572,15.675
13.605353853220722,13.02
13.784446466582425,14.025
13.236194026661362,13.495
13.41641529801277,12.835
13.497829357370108,0.01
13.299876990253793,0.01
-0.012136923142782696,0.01
3.8197760522158175,0.24
2.68676280148693,0.01
1.9441467773801773,0.01
0.30371344183824345,0.01
-0.2607108980524572,0.18
2.061238350408205,0.01
1.2079883580147621,0.11
0.6547141972222233,0.01
0.9448585489652741,0.24
1.5310563589307387,0.02
2.5351457414991048,0.14
1.1745886397626861,0.01
0.8893865010374504,0.01
1.870504521862544,0.01
0.37339594199618564,0.01
1.798926753359608,0.01
0.7376808363500698,0.13
0.9945254696145933,0.19
1.061704971792964,0.01
1.5700781207626904,0.01
0.07953301761279072,0.01
0.8932703845366463,0.01
2.3180829836727286,0.01
1.3936335234813932,0.01
1.1367888902168697,0.15
1.1367888902168697,0.01
1.2079883580147621,0.01
0.6547141972222233,0.02
0.23113252139390955,0.01
2.269975685189909,0.01
1.3644229269537085,0.01
0.7610576631024135,0.39
0.9945254696145933,0.22
5.997593742088384,8.75
3.2268969034449886,0.01
6.113604057649465,0.01
4.483277126360264,0.01
4.60401583324118,0.4
2.388420094175551,0.01
5.419564594870807,0.01
2.907127900207984,0.01
2.5610247599960774,0.3
2.269975685189909,0.01
3.552475891920025,0.01
0.12325976300068828,0.01
-0.22284337721121902,25.33
1.9312253981509697,0.01
16.051005322055115,0.01
3.758942579128782,0.01
2.8074637426040523,0.01
3.2429626138263252,0.01
0.9945254696145933,0.16
0.6557751825756539,0.01
0.7269746503735464,0.01
0.17370048958100778,0.34
-0.10761776564503006,0.01
5.997593742088384,0.01
2.568377613169045,0.02
2.222274472957138,0.27
1.9312253981509697,0.17
4.346206116220515,0.01
0.5157152556574375,0.02
-0.2854787208262878,0.31
1.0847957322429487,0.01
4.589795207821796,0.01
-0.11020804351149247,0.01
-0.22284337721121902,0.32
1.7514428031125553,0.18
5.579044970546928,0.02
0.601996458238217,0.01
-0.5157020424450214,0.31
1.2749105945436499,0.01
3.4795604593217924,0.01
-0.056522832037725734,0.01
-0.40262597224963304,0.3
1.7514428031125553,0.16
3.1339271203785684,0.01
0.601996458238217,0.02
-0.5157020424450214,0.34
0.9050131372045347,0.01
6.372775194847416,0.01
2.3721645122846233,0.02
2.2595291785848977,0.33
1.968480103778729,0.11
6.5898124955135895,0.01
0.4985092690853553,0.01
-0.2986647417788477,10.2
1.122050437870708,0.01
8.66555753355161,0.02
4.092036376319838,0.35
4.338197700470126,0.01
5.394998815047632,0.01
2.6736600936958035,0.01
2.5610247599960774,0.33
2.269975685189909,0.01
5.997593742088384,0.11
2.907127900207984,0.01
0.3486192297578685,25.11
1.4491507051563233,0.43
15.975283625286306,0.01
7.075021273783796,0.01
4.137402204346778,0.01
3.771766092744028,0.01
2.4122391057921853,0.01
1.1367888902168697,0.01
0.7376808363500698,0.01
0.9945254696145933,0.15
0.9945254696145933,0.01
1.0657249374124858,0.01
0.5124507766199472,0.01
0.23113252139390955,0.01
2.269975685189909,0.04
0.9945254696145933,17.29
0.9945254696145933,0.02
17.674342662550806,0.01
4.255122217029219,0.01
5.765685739948076,0.4
2.6696134563622858,0.01
5.419564594870807,0.01
2.907127900207984,0.01
2.5610247599960774,0.33
1.9312253981509697,0.01
5.997593742088384,0.01
2.568377613169045,0.01
2.222274472957138,0.35
1.9312253981509697,0.01
5.997593742088384,0.15
2.568377613169045,0.01
0.3526391953773902,0.01
1.4491507051563233,0.01
-0.2874003606834441,0.01
1.7514428031125553,0.01
0.47599258753723983,0.02
0.47599258753723983,0.01
0.47599258753723983,0.14
0.845890044876355,0.01
0.8409630348542154,0.01
0.6082133638807125,0.3
0.3268951086546744,0.01
4.410360452859426,0.14
0.557772637300393,0.01
0.7831321040575734,0.02
1.8836635794560275,0.31
0.3268951086546744,0.03
5.204090677159915,0.01
0.32430483078821243,0.01
0.5815669544276006,0.34
2.049233748251157,0.01
6.193340439885047,0.01
3.0028904874687496,0.01
2.6567873472568433,0.01
2.365738272450675,0.24
1.0902880568753588,0.13
3.5299013900378933,0.01
1.2627126885371343,0.01
0.14903415347341709,0.01
1.5193086065426533,0.4
1.7524259200180963,24.88
6.193340439885047,0.01
15.75667097823035,0.01
3.052086102963756,0.01
3.7368474312160957,0.01
2.9861179805618026,0.33
0.9945254696145933,0.16
5.419564594870807,0.01
1.1205293403155707,0.01
0.0028308396323320772,0.3
1.0847957322429487,0.01
4.214613755062764,0.01
0.12325976300068828,0.3
-0.22284337721121902,0.02
3.7960649835213074,0.01
-0.056522832037725734,0.01
-0.03272851491051784,0.01
1.434938278913038,0.15
0.47599258753723983,0.02
0.5471920553351323,0.01
-0.006082105457406256,0.01
0.08249709665567112,0.01
1.434938278913038,0.01
0.47599258753723983,0.01
0.47599258753723983,0.01
0.47599258753723983,0.01
0.47599258753723983,0.01
0.47599258753723983,0.01
0.47599258753723983,0.02
0.47599258753723983,0.01
0.47599258753723983,0.14
0.845890044876355,0.01
0.22666756551609668,0.02
-0.006082105457406256,0.01
-0.2874003606834441,0.01
1.5080279080190937,0.02
0.24252478102506025,0.02
0.47599258753723983,0.01
0.845890044876355,0.14
0.8294595390303484,0.01
0.4437048661822697,0.01
0.2109551952087672,0.32
-0.07036306001727041,0.01
5.796082271213101,0.01
2.605632318796804,0.01
2.2595291785848977,0.33
1.968480103778729,0.17
5.796082271213101,0.01
0.8190337589043911,0.01
-0.2986647417788477,0.37
1.122050437870708,0.02
5.796082271213101,0.01
2.605632318796804,0.01
2.6294266359240126,0.26
1.6519755795792117,0.16
3.3509644210447425,0.01
0.8694744854847106,0.01
-0.2482240151985282,0.31
1.122050437870708,0.01
4.013102284187481,0.02
0.16051446862844795,0.01
-0.18558867158345954,0.35
2.338377561117844,0.16
5.479577747013586,0.01
0.8190337589043911,0.01
-0.2986647417788477,0.32
1.122050437870708,0.01
5.796082271213101,0.01
2.605632318796804,0.02
2.2595291785848977,0.32
1.968480103778729,0.15
6.5898124955135895,0.01
0.502529234704877,0.02
-0.2986647417788477,0.32
1.122050437870708,0.01
6.5898124955135895,0.01
2.3721645122846233,0.01
2.2595291785848977,0.28
1.968480103778729,0.16
3.3509644210447425,0.01
0.8694744854847106,0.02
-0.2482240151985282,0.34
1.122050437870708,0.01
6.5898124955135895,0.01
2.3721645122846233,0.02
2.2595291785848977,0.28
1.968480103778729,0.14
4.144694645345231,0.01
0.5489499956656748,0.01
-0.2482240151985282,0.29
1.122050437870708,0.01
4.013102284187481,0.01
0.16051446862844795,0.01
-0.18558867158345954,0.29
1.968480103778729,0.15
3.3509644210447425,0.02
0.8190337589043911,0.01
-0.2482240151985282,0.29
1.491947895209823,0.02
3.6965977599879656,0.01
0.16051446862844795,0.01
0.18430878575565565,0.4
1.6519755795792117,0.14
5.796082271213101,0.01
3.260131643453226,0.01
2.1464531083895086,0.3
1.122050437870708,0.01
4.013102284187481,0.01
0.16051446862844795,0.01
-0.18558867158345954,0.31
1.968480103778729,0.15
3.3509644210447425,0.01
0.8190337589043911,0.01
-0.2986647417788477,0.28
1.122050437870708,0.01
4.013102284187481,0.01
0.16051446862844795,0.01
-0.18558867158345954,0.31
1.968480103778729,0.16
3.3509644210447425,0.01
0.8190337589043911,0.01
-0.2986647417788477,0.3
1.122050437870708,0.02
4.013102284187481,0.01
0.16051446862844795,0.02
0.18430878575565565,0.27
1.6519755795792117,0.15
4.144694645345231,0.02
0.5529699612851965,0.01
-0.2482240151985282,0.3
1.491947895209823,0.02
3.6965977599879656,0.01
0.16051446862844795,0.01
0.18430878575565565,0.33
1.6519755795792117,0.14
5.796082271213101,0.01
0.8150137932848694,0.02
-0.2986647417788477,0.3
1.122050437870708,0.01
4.806832508487969,0.01
-0.07295333788373279,0.01
-0.18558867158345954,0.26
1.968480103778729,0.14
3.3509644210447425,0.02
0.865454519865189,0.02
-0.2482240151985282,0.32
1.491947895209823,0.02
4.490327984288454,0.01
-0.07295333788373279,0.01
2.6294266359240126,0.26
1.6519755795792117,0.13
3.3509644210447425,0.01
0.865454519865189,0.01
-0.2482240151985282,0.31
1.122050437870708,0.01
4.013102284187481,0.01
0.557772637300393,0.01
0.21166949708848548,0.34
2.365738272450675,0.16
6.193340439885047,0.01
1.216291927576336,0.02
0.09859342689309752,0.32
1.5193086065426533,0.01
6.5898124955135895,0.01
2.769422680956569,0.01
2.6567873472568433,0.33
2.365738272450675,0.13
6.193340439885047,0.01
1.2122719619568143,0.01
0.09859342689309752,0.28
1.5193086065426533,0.01
4.410360452859426,0.01
0.557772637300393,0.02
0.21166949708848548,0.31
1.968480103778729,0.14
4.5419528140171765,0.01
0.8957674377573005,0.01
0.09859342689309752,0.32
1.122050437870708,0.01
6.193340439885047,0.02
3.0028904874687496,0.01
2.6567873472568433,0.28
2.7356357297897897,0.14
3.431718065517174,0.02
1.2627126885371343,0.01
0.14903415347341709,0.34
1.491947895209823,0.01
5.876835915685532,0.01
3.0028904874687496,0.01
2.6567873472568433,0.01
2.365738272450675,0.13
1.0902880568753588,0.01
1.1574675590537296,0.01
0.6082133638807125,0.28
0.3268951086546744,0.01
4.013102284187481,0.01
0.16051446862844795,0.01
-0.18558867158345954,0.33
1.968480103778729,0.14
5.796082271213101,0.01
1.2122719619568143,0.01
0.09859342689309752,0.01
1.5193086065426533,0.01
1.3551677513461513,0.01
0.6930298882034132,0.02
1.0902880568753588,0.01
1.0902880568753588,0.25
1.460185514214474,0.02
3.213396865838381,0.01
0.2109551952087672,0.01
0.01642831265718203,0.32
1.6519755795792117,0.02
5.796082271213101,0.01
2.605632318796804,0.01
2.6294266359240126,0.41
1.6519755795792117,0.01
5.796082271213101,0.01
3.0028904874687496,0.01
2.2595291785848977,0.01
1.968480103778729,0.01
0.6930298882034132,0.01
0.6930298882034132,0.01
0.6930298882034132,0.44
0.6930298882034132,0.01
6.193340439885047,0.01
3.0028904874687496,0.01
2.6567873472568433,0.28
2.365738272450675,0.01
3.748222589716688,0.01
0.557772637300393,0.01
0.21166949708848548,0.46
2.365738272450675,0.01
6.193340439885047,0.01
3.0028904874687496,0.01
2.6567873472568433,0.27
1.968480103778729,0.01
3.748222589716688,0.02
0.557772637300393,0.01
0.21166949708848548,0.4
2.7356357297897897,0.01
5.876835915685532,0.01
3.0028904874687496,0.01
2.6567873472568433,0.33
1.968480103778729,0.01
5.796082271213101,0.01
3.0028904874687496,0.01
2.6567873472568433,0.43
1.968480103778729,0.01
6.193340439885047,0.01
3.0028904874687496,0.02
2.6567873472568433,0.29
1.968480103778729,0.01
4.5419528140171765,0.01
0.32430483078821243,0.02
0.21166949708848548,0.43
2.365738272450675,0.01
6.987070664185535,0.02
2.769422680956569,0.02
2.2595291785848977,0.32
2.338377561117844,0.01
4.225448289817662,0.01
2.769422680956569,0.01
2.6567873472568433,0.43
2.365738272450675,0.02
6.193340439885047,0.01
3.0028904874687496,0.01
3.0266848045959582,0.01
1.6519755795792117,0.01
1.0902880568753588,0.01
1.0902880568753588,0.02
1.0902880568753588,0.41
1.0902880568753588,0.02
6.987070664185535,0.01
2.769422680956569,0.02
3.0266848045959582,0.31
2.049233748251157,0.01
4.5419528140171765,0.01
0.32430483078821243,0.01
0.21166949708848548,0.43
1.968480103778729,0.01
6.193340439885047,0.02
3.0028904874687496,0.01
2.6567873472568433,0.32
2.338377561117844,0.01
5.876835915685532,0.01
3.0028904874687496,0.01
2.6567873472568433,0.31
1.968480103778729,0.01
3.3509644210447425,0.01
0.16051446862844795,0.01
-0.18558867158345954,0.01
1.968480103778729,0.47
0.6930298882034132,0.01
5.796082271213101,0.01
2.605632318796804,0.01
2.2595291785848977,0.33
1.968480103778729,0.14
5.796082271213101,0.01
0.8150137932848694,0.01
-0.2986647417788477,0.01
1.122050437870708,0.34
1.3551677513461513,0.01
5.796082271213101,0.02
2.605632318796804,0.01
2.2595291785848977,0.01
2.338377561117844,0.32
0.45956208169123325,0.01
5.796082271213101,0.01
2.605632318796804,0.01
2.2595291785848977,0.01
1.6174793483947478,0.3
0.9209197817246473,0.01
2.16246797705897,0.01
0.25327271525792394,0.01
-0.09283042495398358,0.26
2.061238350408205,0.01
2.3666013560539447,0.01
0.6042734706419038,0.01
-0.14093772343680327,0.33
2.269975685189909,0.01
5.419564594870807,0.01
2.907127900207984,0.01
2.5610247599960774,0.31
2.269975685189909,0.01
3.552475891920025,13.19
0.4620100500396277,0.24
19.31943845895236,0.01
9.214444950379674,0.01
5.825973029362334,0.08
1.9911195338159067,0.01
1.6826558627118577,0.01
0.7771031044756576,0.02
0.17373784062436154,0.01
0.9945254696145933,0.08
1.3644229269537085,24.8
0.7610576631024135,23.56
15.14153160387607,25.57
21.083671160804254,25.21
22.54531882555651,25.14
18.55215396137332,25.19
19.87319227380356,25.32
20.117333314200202,25.19
20.343821213559295,25.99
20.117333314200202,18.75
20.099680173162653,15.14
15.556887681736338,12.205
13.160036574384817,15.355
12.291475646808925,16.17
11.314947624772449,0.01
12.36518426983013,0.01
0.6371687863829637,0.01
3.163664336405188,0.22
2.6424507776365402,0.01
1.2079883580147621,0.01
0.25560614335542353,0.51
-0.10761776564503006,0.02
5.579044970546928,0.01
2.568377613169045,1.3
2.4123893352578394,0.01
5.262540446347413,0.09
3.201846377012816,1.15
2.6567873472568433,0.06
7.405619435726992,0.01
3.148161165539049,1.16
2.9309222173351928,0.02
5.262540446347413,0.01
2.587550907674697,0.02
2.4123893352578394,0.49
2.049233748251157,0.01
6.987070664185535,0.01
2.769422680956569,0.31
2.6567873472568433,0.01
4.410360452859426,0.01
0.557772637300393,23.87
0.21166949708848548,0.01
15.975283625286306,0.03
3.6220734642448074,0.01
3.6343026195612973,0.29
3.4041227363837363,0.01
2.0500968318544306,25.37
0.6042734706419038,25.01
14.952461104825904,25.26
18.497562346908563,25.46
22.01046858642274,25.22
19.531281912888943,25.19
20.625154140952194,19.61
20.448314208080763,16.685000000000002
15.599797009211283,11.785
14.13378236285598,12.66
12.219534362668236,17.45
11.59334383174359,0.015
12.967875568654447,7.86
0.2856524360444306,0.01
4.647271369856391,0.01
2.083006617726135,0.01
4.019190299003019,7.9
2.4365273926583706,16.67
5.876227266860203,15.76
15.182882577659434,18.79
14.789060627514587,17.63
17.897890847401285,21.87
15.536358844556235,19.8
16.851727152769836,14.095
15.921569996867055,13.23
13.40535648614903,0.01
10.705366706149716,20.55
6.343206968340888,0.01
9.16788893207455,0.01
-0.4066901354265803,0.01
3.0413083591482764,11.6
3.0342252790446214,15.06
17.88796021123732,17.67
14.120853508605387,19.0
15.972634118617172,17.58
